property_id,property_type,listing_title,locality,city,zone,renter_segment,bedrooms,bathrooms,floor,total_floors,property_age,monthly_rent,security_deposit,maintenance,electricity_estimate,area_sqft,furnishing_status,parking,balcony,lift,power_backup,water_supply,ac,wifi,food,laundry,gym,cctv,security,housekeeping,metro_station,metro_distance_km,nearest_college,college_distance_km,nearest_office_hub,office_distance_km,school_distance_km,hospital_distance_km,rating,review_count,available,listing_date,source,rent_per_sqft,vfm_student,vfm_professional,vfm_bachelor,vfm_family
PROP_001,2BHK,Fully Furnished 2BHK Apartment in Noida Sector 62,Noida Sector 62,Noida,Noida,Family,2,2,1,20,0,17000,34000,0.0,1678.0,919,Furnished,Yes,Yes,Yes,Yes,24 Hours,Yes,No,No,No,Yes,Yes,Yes,No,Noida Sector 62 Metro Station,4.38,JSS Academy of Technical Education,3.97,Noida Sector 62 IT Park,8.5,4.18,3.83,4.7,73,Yes,2026-08-11,NoBroker,18.5,48.5,43.0,52.4,43.2
PROP_002,1BHK,Fully Furnished 1BHK Apartment in Rajinder Nagar,Rajinder Nagar,Delhi,Central Delhi,Working Bachelor,1,1,2,3,12,22000,44000,1700.0,1000.0,582,Furnished,No,No,No,No,4 Hours,Yes,Yes,No,No,No,Yes,Yes,No,Rajendra Place Metro Station,0.77,Venkateshwara College,1.85,Rajendra Place IT Hub,10.37,3.06,2.49,4.2,59,Yes,2026-07-01,MagicBricks,37.8,58.0,48.6,58.0,45.5
PROP_003,1BHK,Fully Furnished 1BHK Apartment in Rohini,Rohini,Delhi,North Delhi,Student,1,1,3,12,1,14000,28000,900.0,1100.0,574,Furnished,No,Yes,Yes,Yes,4 Hours,Yes,Yes,No,No,No,Yes,Yes,Yes,Rohini West Metro Station,2.69,Delhi Technological University (DTU),4.14,Netaji Subhash Place,3.69,0.54,3.69,3.6,4,No,2026-07-12,NoBroker,24.39,50.3,45.8,54.9,54.1
PROP_004,2BHK,Fully Furnished 2BHK Apartment in Noida Sector 62,Noida Sector 62,Noida,Noida,Family,2,2,7,24,2,22500,45000,1700.0,1600.0,955,Furnished,Yes,Yes,No,Yes,12 Hours,Yes,No,No,No,No,Yes,Yes,Yes,Noida Sector 62 Metro Station,2.65,JSS Academy of Technical Education,5.56,Noida Sector 62 IT Park,11.35,0.47,3.63,4.1,67,Yes,2026-08-02,MagicBricks,23.56,48.1,43.4,52.7,56.6
PROP_005,3BHK,Fully Furnished 3BHK Apartment in Laxmi Nagar,Laxmi Nagar,Delhi,East Delhi,Family,3,2,8,8,8,21000,63000,0.0,2000.0,1409,Furnished,Yes,No,Yes,Yes,4 Hours,Yes,No,No,No,No,Yes,No,Yes,Laxmi Nagar Metro Station,3.26,Shyam Lal College,6.2,Noida Sector 62 IT Park,9.7,1.47,3.08,4.7,6,Yes,2026-07-27,MagicBricks,14.9,45.0,39.3,48.6,47.2
PROP_006,1BHK,Fully Furnished 1BHK Apartment in Rohini,Rohini,Delhi,North Delhi,Student,1,1,19,20,4,14000,28000,1100.0,1000.0,569,Furnished,No,No,Yes,Yes,12 Hours,Yes,Yes,No,No,Yes,Yes,Yes,No,Rohini West Metro Station,3.9,Delhi Technological University (DTU),9.68,Netaji Subhash Place,4.55,3.28,2.58,4.9,68,Yes,2026-08-06,99acres,24.6,46.3,41.9,51.2,43.1
PROP_007,2BHK,Fully Furnished 2BHK Apartment in Pari Chowk,Pari Chowk,Greater Noida,Greater Noida,Family,2,2,8,12,9,13500,40000,1964.0,1600.0,982,Furnished,No,Yes,Yes,Yes,4 Hours,Yes,No,No,No,No,Yes,Yes,No,Pari Chowk Metro Station,3.0,Galgotias University,3.05,Greater Noida Industrial Area,10.13,3.17,3.18,4.8,30,Yes,2026-08-01,NoBroker,13.75,47.3,40.2,49.8,43.3
PROP_008,3BHK,Fully Furnished 3BHK Apartment in Saket,Saket,Delhi,South Delhi,Working Professional,3,2,21,24,10,65500,131000,0.0,2900.0,1617,Furnished,No,Yes,Yes,No,12 Hours,Yes,No,No,No,No,Yes,Yes,Yes,Saket Metro Station,1.79,Gargi College,1.78,Saket District Centre,3.6,2.19,2.19,4.0,7,Yes,2026-07-20,MagicBricks,40.51,50.7,44.3,51.7,50.0
PROP_009,3BHK,Fully Furnished 3BHK Apartment in Shakarpur,Shakarpur,Delhi,East Delhi,Family,3,2,0,3,13,23000,69000,4000.0,2400.0,1225,Furnished,Yes,Yes,No,Yes,12 Hours,Yes,No,No,No,No,Yes,No,Yes,Nirman Vihar Metro Station,1.88,Bhim Rao Ambedkar College,6.62,Noida Sector 62 IT Park,8.96,1.65,1.44,3.2,19,Yes,2026-07-02,MagicBricks,18.78,48.5,42.9,52.2,49.7
PROP_011,1RK,Semi-Furnished 1RK Apartment in Malviya Nagar,Malviya Nagar,Delhi,South Delhi,Family,1,1,11,15,14,10000,20000,700.0,500.0,279,Semi-Furnished,No,Yes,Yes,Yes,12 Hours,No,No,No,Yes,No,Yes,Yes,No,Malviya Nagar Metro Station,0.55,College of Vocational Studies,0.42,Okhla Industrial Area,4.62,2.5,2.24,4.8,32,No,2026-08-06,MagicBricks,35.84,75.5,57.1,66.5,49.1
PROP_012,2BHK,Fully Furnished 2BHK Apartment in Saket,Saket,Delhi,South Delhi,Family,2,2,1,4,0,42500,85000,0.0,1600.0,963,Furnished,Yes,Yes,No,No,24 Hours,Yes,No,No,No,No,Yes,No,No,Saket Metro Station,3.13,Gargi College,7.09,Saket District Centre,14.17,2.6,3.11,3.3,5,No,2026-07-06,99acres,44.13,42.2,38.2,46.8,44.4
PROP_013,2BHK,Fully Furnished 2BHK Apartment in Kamla Nagar,Kamla Nagar,Delhi,North Delhi,Working Bachelor,2,2,3,3,2,17000,34000,0.0,1800.0,733,Furnished,Yes,Yes,No,No,12 Hours,Yes,Yes,No,No,No,Yes,No,No,Vishwa Vidyalaya Metro Station,0.63,Kirori Mal College,9.74,Connaught Place,9.33,1.35,3.81,4.1,70,Yes,2026-08-06,Housing.com,23.19,57.5,52.1,61.5,48.4
PROP_014,2BHK,Fully Furnished 2BHK Apartment in Knowledge Park,Knowledge Park,Greater Noida,Greater Noida,Working Bachelor,2,2,4,24,14,15500,31000,2368.0,2900.0,1184,Furnished,Yes,Yes,Yes,No,4 Hours,Yes,Yes,Yes,No,Yes,Yes,Yes,No,Knowledge Park II Metro Station,0.54,Sharda University,3.79,Greater Noida Industrial Area,9.93,0.89,5.26,4.8,9,Yes,2026-07-23,Housing.com,13.09,64.8,58.5,68.0,54.1
PROP_015,3BHK,Fully Furnished 3BHK Apartment in Saket,Saket,Delhi,South Delhi,Family,3,2,2,3,11,58500,117000,0.0,2300.0,1622,Furnished,Yes,Yes,No,Yes,4 Hours,Yes,No,No,No,No,Yes,No,No,Saket Metro Station,0.42,Gargi College,4.32,Saket District Centre,14.82,1.64,5.78,4.4,58,Yes,2026-07-20,Housing.com,36.07,58.5,54.5,62.7,51.0
PROP_016,3BHK,Fully Furnished 3BHK Apartment in Gurugram Sector 45,Gurugram Sector 45,Gurugram,Gurugram,Family,3,2,5,5,3,54500,109000,5100.0,3600.0,1720,Furnished,No,Yes,Yes,No,12 Hours,Yes,No,No,No,No,Yes,No,No,HUDA City Centre Metro Station,3.64,Ansal University,4.84,Golf Course Road Offices,1.59,3.82,2.3,4.3,50,No,2026-08-08,Housing.com,31.69,40.2,43.0,48.5,46.5
PROP_017,2BHK,Fully Furnished 2BHK Apartment in Vaishali,Vaishali,Ghaziabad,Ghaziabad,Family,2,2,3,5,14,19500,58500,2600.0,1600.0,1074,Furnished,Yes,Yes,Yes,No,12 Hours,Yes,No,No,No,No,Yes,Yes,Yes,Vaishali Metro Station,4.28,Inderprastha Dental College,8.29,Noida Sector 62 IT Park,7.94,1.22,3.95,4.9,6,Yes,2026-08-05,NoBroker,18.16,44.5,39.1,48.5,47.5
PROP_018,3BHK,Semi-Furnished 3BHK Apartment in Mukherjee Nagar,Mukherjee Nagar,Delhi,North Delhi,Family,3,2,3,4,14,22000,22000,0.0,2200.0,1242,Semi-Furnished,No,Yes,No,No,12 Hours,No,Yes,No,No,No,Yes,Yes,Yes,GTB Nagar Metro Station,2.85,SGTB Khalsa College,5.98,Connaught Place,7.66,2.03,3.71,3.7,64,Yes,2026-06-30,MagicBricks,17.71,44.2,39.2,48.5,46.9
PROP_019,1RK,Semi-Furnished 1RK Apartment in Gurugram Sector 56,Gurugram Sector 56,Gurugram,Gurugram,Family,1,1,3,15,13,10000,21000,1000.0,704.0,403,Semi-Furnished,No,No,No,Yes,24 Hours,No,No,No,Yes,No,No,Yes,Yes,Sector 56 Metro Station,3.19,IILM University,3.3,Golf Course Road Offices,6.72,0.23,5.26,4.2,51,Yes,2026-08-08,NoBroker,24.81,45.9,39.4,49.1,56.3
PROP_020,1RK,Fully Furnished 1RK Apartment in Patel Nagar,Patel Nagar,Delhi,West Delhi,Student,1,1,0,3,6,8000,16000,600.0,700.0,302,Furnished,No,No,No,Yes,12 Hours,Yes,Yes,No,No,No,Yes,Yes,No,Patel Nagar Metro Station,2.63,Kalindi College,5.86,Rajendra Place IT Hub,6.08,2.2,0.96,3.2,41,Yes,2026-06-30,99acres,26.49,46.0,40.7,50.4,49.8
PROP_021,1RK,Fully Furnished 1RK Apartment in Vaishali,Vaishali,Ghaziabad,Ghaziabad,Student,1,1,5,5,15,5500,11000,0.0,745.0,297,Furnished,No,Yes,Yes,Yes,12 Hours,Yes,No,No,No,No,Yes,Yes,Yes,Vaishali Metro Station,2.81,Inderprastha Dental College,5.22,Noida Sector 62 IT Park,7.21,2.86,4.81,4.7,57,No,2026-07-24,Housing.com,18.52,47.9,41.9,51.7,39.7
PROP_022,1BHK,Fully Furnished 1BHK Apartment in Mayur Vihar,Mayur Vihar,Delhi,East Delhi,Working Bachelor,1,1,11,12,4,18000,36000,1400.0,1100.0,549,Furnished,No,No,No,Yes,12 Hours,Yes,No,No,No,No,Yes,No,No,Mayur Vihar 1 Metro Station,0.94,Shaheed Sukhdev College of Business Studies,4.68,Noida Sector 62 IT Park,2.75,1.62,4.79,4.1,69,Yes,2026-07-02,99acres,32.79,51.1,47.7,56.0,44.8
PROP_023,1BHK,Fully Furnished 1BHK Apartment in Rajinder Nagar,Rajinder Nagar,Delhi,Central Delhi,Family,1,1,24,24,9,19000,38000,0.0,1400.0,541,Furnished,No,No,Yes,No,4 Hours,Yes,No,No,No,Yes,No,No,No,Rajendra Place Metro Station,4.19,Venkateshwara College,3.76,Rajendra Place IT Hub,6.63,2.0,2.5,3.3,28,Yes,2026-06-29,99acres,35.12,41.6,34.8,44.2,41.3
PROP_024,3BHK,Fully Furnished 3BHK Apartment in Green Park,Green Park,Delhi,South Delhi,Working Professional,3,2,3,4,0,84000,168000,0.0,3000.0,1678,Furnished,No,Yes,No,Yes,24 Hours,Yes,Yes,No,Yes,No,No,Yes,Yes,Green Park Metro Station,1.67,NIFT Delhi,0.96,Bhikaji Cama Place,4.0,3.35,0.89,4.2,42,Yes,2026-07-10,99acres,50.06,56.5,45.6,52.6,50.8
PROP_025,1BHK,Semi-Furnished 1BHK Apartment in Vaishali,Vaishali,Ghaziabad,Ghaziabad,Family,1,1,13,15,12,10500,21000,1800.0,1000.0,647,Semi-Furnished,No,Yes,Yes,Yes,24 Hours,No,Yes,No,Yes,No,Yes,Yes,No,Vaishali Metro Station,3.3,Inderprastha Dental College,9.14,Noida Sector 62 IT Park,9.42,2.29,3.94,4.5,7,Yes,2026-07-21,NoBroker,16.23,46.3,40.6,50.3,42.2
PROP_026,1BHK,Fully Furnished 1BHK Apartment in Mayur Vihar,Mayur Vihar,Delhi,East Delhi,Family,1,1,11,12,14,16000,32000,1000.0,1200.0,640,Furnished,No,Yes,Yes,No,24 Hours,Yes,No,No,No,No,No,No,Yes,Mayur Vihar 1 Metro Station,3.59,Shaheed Sukhdev College of Business Studies,2.6,Noida Sector 62 IT Park,6.21,1.93,3.56,4.0,70,Yes,2026-08-09,99acres,25.0,44.9,36.3,45.8,40.0
PROP_027,3BHK,Fully Furnished 3BHK Apartment in Rohini,Rohini,Delhi,North Delhi,Family,3,2,1,12,8,20000,40000,3700.0,1963.0,1109,Furnished,Yes,Yes,Yes,Yes,4 Hours,Yes,Yes,No,No,Yes,No,Yes,No,Rohini West Metro Station,2.76,Delhi Technological University (DTU),3.23,Netaji Subhash Place,4.05,4.08,3.69,4.0,7,Yes,2026-07-14,Housing.com,18.03,50.9,45.0,54.0,41.5
PROP_028,3BHK,Fully Furnished 3BHK Apartment in Laxmi Nagar,Laxmi Nagar,Delhi,East Delhi,Family,3,2,2,8,15,25500,51000,0.0,2500.0,1160,Furnished,No,Yes,Yes,No,24 Hours,Yes,No,Yes,No,No,Yes,Yes,No,Laxmi Nagar Metro Station,2.98,Shyam Lal College,4.19,Noida Sector 62 IT Park,7.65,2.22,3.45,3.3,64,Yes,2026-07-05,MagicBricks,21.98,45.1,39.5,48.7,44.9
PROP_029,2BHK,Fully Furnished 2BHK Apartment in Green Park,Green Park,Delhi,South Delhi,Working Professional,2,2,15,15,9,63000,126000,0.0,2600.0,1163,Furnished,Yes,Yes,No,No,4 Hours,Yes,Yes,No,Yes,Yes,Yes,Yes,No,Green Park Metro Station,1.92,NIFT Delhi,2.28,Bhikaji Cama Place,7.78,3.14,2.99,4.6,7,Yes,2026-07-09,99acres,54.17,51.7,45.5,53.5,44.8
PROP_030,2BHK,Semi-Furnished 2BHK Apartment in Laxmi Nagar,Laxmi Nagar,Delhi,East Delhi,Family,2,2,4,12,3,13000,26000,0.0,1600.0,793,Semi-Furnished,Yes,No,Yes,Yes,4 Hours,Yes,No,No,No,Yes,Yes,Yes,Yes,Laxmi Nagar Metro Station,3.26,Shyam Lal College,1.28,Noida Sector 62 IT Park,11.68,0.22,2.82,4.8,52,Yes,2026-07-14,NoBroker,16.39,55.3,42.8,52.4,58.1
PROP_031,2BHK,Semi-Furnished 2BHK Apartment in Vaishali,Vaishali,Ghaziabad,Ghaziabad,Family,2,2,9,15,14,25500,51000,3000.0,1600.0,1185,Semi-Furnished,No,No,Yes,Yes,12 Hours,Yes,No,Yes,No,Yes,No,Yes,Yes,Vaishali Metro Station,2.2,Inderprastha Dental College,4.69,Noida Sector 62 IT Park,0.6,2.04,3.0,3.7,42,Yes,2026-07-28,99acres,21.52,48.4,57.7,60.7,46.4
PROP_032,4BHK,Semi-Furnished 4BHK Apartment in Rohini,Rohini,Delhi,North Delhi,Family,4,4,1,8,14,37500,75000,0.0,2933.0,1889,Semi-Furnished,Yes,Yes,Yes,Yes,24 Hours,Yes,Yes,No,Yes,No,Yes,Yes,No,Rohini West Metro Station,3.28,Delhi Technological University (DTU),4.14,Netaji Subhash Place,12.34,3.78,3.6,3.3,44,Yes,2026-08-09,Housing.com,19.85,48.5,43.5,52.3,45.5
PROP_033,4BHK,Fully Furnished 4BHK Apartment in Preet Vihar,Preet Vihar,Delhi,East Delhi,Family,4,4,21,24,13,79000,158000,0.0,5800.0,2537,Furnished,Yes,Yes,Yes,No,24 Hours,Yes,No,No,Yes,No,Yes,Yes,No,Preet Vihar Metro Station,0.72,Vivekananda College,5.07,Noida Sector 62 IT Park,3.9,4.6,3.58,4.2,41,Yes,2026-07-02,NoBroker,31.14,53.0,50.5,57.6,46.7
PROP_034,3BHK,Semi-Furnished 3BHK Apartment in Laxmi Nagar,Laxmi Nagar,Delhi,East Delhi,Family,3,2,13,20,4,22000,44000,0.0,1500.0,1187,Semi-Furnished,Yes,Yes,Yes,Yes,24 Hours,Yes,No,No,No,Yes,Yes,No,No,Laxmi Nagar Metro Station,4.12,Shyam Lal College,6.2,Noida Sector 62 IT Park,10.7,2.22,1.66,3.7,36,Yes,2026-07-25,99acres,18.53,45.5,39.8,49.1,46.0
PROP_035,1BHK,Fully Furnished 1BHK Apartment in Pari Chowk,Pari Chowk,Greater Noida,Greater Noida,Student,1,1,23,24,15,7500,15000,1000.0,1100.0,578,Furnished,No,Yes,Yes,Yes,4 Hours,Yes,No,Yes,Yes,Yes,Yes,Yes,Yes,Pari Chowk Metro Station,0.15,Galgotias University,5.44,Greater Noida Industrial Area,4.48,3.24,0.4,4.6,55,Yes,2026-08-07,MagicBricks,12.98,72.2,67.2,76.6,55.8
PROP_036,1BHK,Fully Furnished 1BHK Apartment in Model Town,Model Town,Delhi,North Delhi,Family,1,1,3,15,1,21000,42000,1000.0,1300.0,591,Furnished,No,Yes,Yes,No,24 Hours,Yes,Yes,No,No,Yes,Yes,Yes,No,Model Town Metro Station,3.58,Miranda House,6.99,Connaught Place,1.64,3.78,2.27,3.4,29,Yes,2026-07-06,Housing.com,35.53,46.0,47.9,54.5,44.1
PROP_037,2BHK,Fully Furnished 2BHK Apartment in Indirapuram,Indirapuram,Ghaziabad,Ghaziabad,Family,2,2,1,4,13,16000,48000,0.0,1849.0,1033,Furnished,Yes,Yes,No,Yes,12 Hours,Yes,Yes,No,No,No,Yes,Yes,Yes,Vaishali Metro Station,2.01,ABES Engineering College,4.38,Noida Sector 62 IT Park,7.52,0.57,1.73,3.6,80,Yes,2026-07-15,MagicBricks,15.49,51.1,45.1,54.6,56.6
PROP_038,2BHK,Fully Furnished 2BHK Apartment in Shakarpur,Shakarpur,Delhi,East Delhi,Family,2,2,8,8,5,11500,23000,2100.0,1300.0,691,Furnished,No,No,Yes,Yes,4 Hours,Yes,No,No,No,No,No,No,No,Nirman Vihar Metro Station,2.66,Bhim Rao Ambedkar College,5.48,Noida Sector 62 IT Park,13.89,4.37,2.68,3.3,46,Yes,2026-08-07,NoBroker,16.64,43.2,36.5,46.2,38.0
PROP_039,2BHK,Fully Furnished 2BHK Apartment in Mayur Vihar,Mayur Vihar,Delhi,East Delhi,Family,2,2,2,5,9,26000,52000,0.0,1500.0,991,Furnished,Yes,Yes,Yes,No,12 Hours,Yes,Yes,Yes,No,No,Yes,Yes,No,Mayur Vihar 1 Metro Station,3.61,Shaheed Sukhdev College of Business Studies,6.41,Noida Sector 62 IT Park,3.2,3.36,2.55,4.5,25,Yes,2026-07-20,MagicBricks,26.24,46.6,43.5,51.9,43.3
PROP_040,2BHK,Semi-Furnished 2BHK Apartment in Preet Vihar,Preet Vihar,Delhi,East Delhi,Family,2,2,4,8,3,31000,93000,2700.0,1500.0,972,Semi-Furnished,Yes,Yes,Yes,Yes,4 Hours,No,No,No,No,No,No,Yes,No,Preet Vihar Metro Station,1.9,Vivekananda College,5.07,Noida Sector 62 IT Park,5.17,2.33,1.25,4.2,28,Yes,2026-07-30,99acres,31.89,46.4,41.2,50.1,46.8
PROP_041,1BHK,Semi-Furnished 1BHK Apartment in Vaishali,Vaishali,Ghaziabad,Ghaziabad,Family,1,1,1,4,6,10000,21000,0.0,1200.0,680,Semi-Furnished,No,No,No,No,24 Hours,No,No,No,No,No,Yes,No,No,Vaishali Metro Station,3.19,Inderprastha Dental College,1.59,Noida Sector 62 IT Park,2.62,1.75,1.71,4.6,50,Yes,2026-07-04,Housing.com,14.71,43.6,34.9,43.4,45.9
PROP_042,2BHK,Fully Furnished 2BHK Apartment in Noida Sector 137,Noida Sector 137,Noida,Noida,Family,2,2,4,5,15,18000,36000,1982.0,2000.0,991,Furnished,No,Yes,Yes,Yes,12 Hours,Yes,No,No,Yes,No,No,Yes,Yes,Noida Sector 137 Metro Station,3.29,Amity University Noida,7.57,Noida Expressway Offices,6.72,2.38,0.84,3.6,9,Yes,2026-07-11,Housing.com,18.16,47.7,42.5,51.9,50.9
PROP_043,2BHK,Fully Furnished 2BHK Apartment in Rohini,Rohini,Delhi,North Delhi,Family,2,2,3,5,14,15000,30000,0.0,1500.0,696,Furnished,No,No,Yes,Yes,12 Hours,Yes,Yes,No,No,No,Yes,No,No,Rohini West Metro Station,2.28,Delhi Technological University (DTU),4.14,Netaji Subhash Place,7.74,3.05,3.31,4.9,46,No,2026-07-20,Housing.com,21.55,47.4,41.2,50.7,41.5
PROP_044,2BHK,Fully Furnished 2BHK Apartment in Kamla Nagar,Kamla Nagar,Delhi,North Delhi,Family,2,2,18,20,2,15500,31000,2100.0,1400.0,682,Furnished,Yes,Yes,Yes,No,12 Hours,Yes,Yes,Yes,No,No,Yes,Yes,No,Vishwa Vidyalaya Metro Station,3.32,Kirori Mal College,1.45,Connaught Place,13.55,2.63,2.75,4.1,33,Yes,2026-07-13,Housing.com,22.73,54.6,43.3,52.8,44.2
PROP_045,3BHK,Fully Furnished 3BHK Apartment in Karol Bagh,Karol Bagh,Delhi,Central Delhi,Family,3,2,8,15,2,47500,95000,2500.0,2251.0,1301,Furnished,Yes,Yes,Yes,No,12 Hours,Yes,No,No,Yes,Yes,No,Yes,No,Karol Bagh Metro Station,3.32,Sri Guru Nanak Dev Khalsa College,4.73,Connaught Place,12.04,0.92,5.61,3.2,69,Yes,2026-07-23,MagicBricks,36.51,44.8,39.8,48.3,48.4
PROP_046,1RK,Semi-Furnished 1RK Apartment in Malviya Nagar,Malviya Nagar,Delhi,South Delhi,Family,1,1,4,8,8,7500,7500,0.0,600.0,255,Semi-Furnished,No,Yes,Yes,Yes,24 Hours,No,Yes,No,No,No,Yes,Yes,Yes,Malviya Nagar Metro Station,3.74,College of Vocational Studies,7.06,Okhla Industrial Area,5.98,4.21,2.2,3.4,31,No,2026-07-12,MagicBricks,29.41,48.1,43.5,53.2,44.1
PROP_047,2BHK,Fully Furnished 2BHK Apartment in Vaishali,Vaishali,Ghaziabad,Ghaziabad,Working Bachelor,2,2,1,4,14,21000,42000,0.0,2077.0,1185,Furnished,No,No,No,Yes,24 Hours,Yes,No,No,No,No,Yes,No,Yes,Vaishali Metro Station,0.25,Inderprastha Dental College,6.31,Noida Sector 62 IT Park,4.06,1.62,2.65,4.1,7,Yes,2026-08-05,Housing.com,17.72,60.1,55.1,64.1,49.0
PROP_048,3BHK,Semi-Furnished 3BHK Apartment in Rajinder Nagar,Rajinder Nagar,Delhi,Central Delhi,Family,3,2,0,5,7,43000,86000,0.0,2800.0,1231,Semi-Furnished,No,Yes,Yes,Yes,12 Hours,No,Yes,No,No,No,No,Yes,No,Rajendra Place Metro Station,2.49,Venkateshwara College,2.0,Rajendra Place IT Hub,1.05,0.47,3.73,3.2,61,Yes,2026-08-05,99acres,34.93,47.4,49.5,53.9,55.6
PROP_049,4BHK,Fully Furnished 4BHK Apartment in Laxmi Nagar,Laxmi Nagar,Delhi,East Delhi,Family,4,4,7,15,5,34500,103000,3500.0,4400.0,1908,Furnished,Yes,Yes,Yes,No,24 Hours,Yes,No,No,No,Yes,Yes,Yes,No,Laxmi Nagar Metro Station,2.07,Shyam Lal College,2.87,Noida Sector 62 IT Park,4.12,0.53,2.82,3.4,0,Yes,2026-07-18,NoBroker,18.08,49.6,43.8,52.4,58.3
PROP_051,2BHK,Fully Furnished 2BHK Apartment in Preet Vihar,Preet Vihar,Delhi,East Delhi,Family,2,2,18,24,7,39000,78000,0.0,2200.0,1217,Furnished,Yes,Yes,Yes,Yes,24 Hours,Yes,No,Yes,Yes,Yes,No,Yes,Yes,Preet Vihar Metro Station,2.53,Vivekananda College,8.61,Noida Sector 62 IT Park,8.04,4.6,0.37,4.4,75,Yes,2026-08-06,Housing.com,32.05,50.7,45.7,54.4,49.8
PROP_052,2BHK,Semi-Furnished 2BHK Apartment in Mayur Vihar,Mayur Vihar,Delhi,East Delhi,Working Bachelor,2,2,0,15,10,22000,44000,2000.0,1500.0,992,Semi-Furnished,No,Yes,Yes,No,24 Hours,Yes,No,No,No,Yes,No,No,No,Mayur Vihar 1 Metro Station,0.39,Shaheed Sukhdev College of Business Studies,7.18,Noida Sector 62 IT Park,6.35,3.95,3.29,4.2,22,Yes,2026-08-10,NoBroker,22.18,58.8,52.8,62.1,41.2
PROP_053,2BHK,Fully Furnished 2BHK Apartment in Janakpuri,Janakpuri,Delhi,West Delhi,Family,2,2,3,8,6,26500,53000,0.0,1700.0,1019,Furnished,Yes,Yes,Yes,No,24 Hours,Yes,No,No,No,No,Yes,Yes,No,Janakpuri West Metro Station,2.35,Bhaskaracharya College,6.72,Janakpuri District Centre,12.73,2.0,3.99,4.2,38,Yes,2026-08-09,99acres,26.01,46.4,41.7,50.8,45.9
PROP_054,3BHK,Fully Furnished 3BHK Apartment in Noida Sector 62,Noida Sector 62,Noida,Noida,Family,3,2,8,8,15,36500,73000,2900.0,3300.0,1587,Furnished,No,Yes,Yes,Yes,24 Hours,Yes,No,No,No,No,Yes,Yes,No,Noida Sector 62 Metro Station,2.14,JSS Academy of Technical Education,5.03,Noida Sector 62 IT Park,1.28,2.69,3.61,4.3,60,No,2026-07-01,Housing.com,23.0,47.0,51.5,56.7,49.0
PROP_056,2BHK,Fully Furnished 2BHK Apartment in Greater Kailash,Greater Kailash,Delhi,South Delhi,Family,2,2,7,12,4,59500,59000,2500.0,1700.0,1073,Furnished,Yes,Yes,Yes,No,12 Hours,Yes,No,No,No,No,Yes,Yes,No,Kailash Colony Metro Station,1.56,Lady Shri Ram College (LSR),4.96,Nehru Place IT Hub,3.9,0.26,3.7,3.4,73,Yes,2026-08-08,MagicBricks,55.45,48.0,45.6,53.3,59.3
PROP_057,1RK,Semi-Furnished 1RK Apartment in Knowledge Park,Knowledge Park,Greater Noida,Greater Noida,Student,1,1,2,4,10,5000,10000,800.0,700.0,305,Semi-Furnished,Yes,Yes,No,No,12 Hours,No,Yes,No,Yes,No,Yes,No,No,Knowledge Park II Metro Station,2.23,Sharda University,5.03,Greater Noida Industrial Area,13.37,2.32,0.66,4.3,1,Yes,2026-07-02,99acres,16.39,47.6,41.1,51.0,48.7
PROP_058,2BHK,Fully Furnished 2BHK Apartment in Karol Bagh,Karol Bagh,Delhi,Central Delhi,Family,2,2,3,4,14,26000,52000,1000.0,1700.0,709,Furnished,No,Yes,No,Yes,4 Hours,Yes,Yes,Yes,No,No,No,No,No,Karol Bagh Metro Station,3.81,Sri Guru Nanak Dev Khalsa College,3.52,Connaught Place,11.63,2.41,4.38,3.8,57,Yes,2026-08-13,99acres,36.67,44.5,37.6,46.8,38.8
PROP_059,2BHK,Fully Furnished 2BHK Apartment in Vaishali,Vaishali,Ghaziabad,Ghaziabad,Family,2,2,3,5,0,17500,35000,2600.0,1700.0,866,Furnished,Yes,Yes,Yes,No,4 Hours,Yes,No,Yes,No,No,No,Yes,No,Vaishali Metro Station,3.64,Inderprastha Dental College,1.64,Noida Sector 62 IT Park,9.24,4.45,3.22,4.6,70,No,2026-08-01,NoBroker,20.21,49.6,38.3,47.7,38.4
PROP_060,3BHK,Fully Furnished 3BHK Apartment in Vaishali,Vaishali,Ghaziabad,Ghaziabad,Family,3,2,2,5,8,28000,28000,4500.0,2500.0,1598,Furnished,Yes,Yes,Yes,Yes,24 Hours,Yes,No,No,No,No,Yes,No,Yes,Vaishali Metro Station,1.88,Inderprastha Dental College,8.73,Noida Sector 62 IT Park,12.98,2.46,1.59,4.3,82,Yes,2026-08-01,99acres,17.52,49.0,43.3,52.4,46.8
PROP_061,1BHK,Fully Furnished 1BHK Apartment in Model Town,Model Town,Delhi,North Delhi,Family,1,1,2,4,7,21000,42000,1300.0,1000.0,453,Furnished,No,No,No,Yes,24 Hours,Yes,Yes,No,No,No,No,Yes,No,Model Town Metro Station,1.89,Miranda House,6.92,Connaught Place,5.15,4.6,5.69,3.9,69,Yes,2026-07-11,99acres,46.36,46.1,41.1,50.3,38.4
PROP_062,2BHK,Semi-Furnished 2BHK Apartment in Vaishali,Vaishali,Ghaziabad,Ghaziabad,Working Bachelor,2,2,0,5,14,23500,47000,0.0,1742.0,1095,Semi-Furnished,No,Yes,Yes,Yes,12 Hours,No,No,No,No,No,No,No,No,Vaishali Metro Station,1.38,Inderprastha Dental College,6.95,Noida Sector 62 IT Park,9.3,1.55,3.0,3.8,84,Yes,2026-07-10,NoBroker,21.46,46.7,40.3,49.6,43.8
PROP_063,1BHK,Fully Furnished 1BHK Apartment in Mukherjee Nagar,Mukherjee Nagar,Delhi,North Delhi,Student,1,1,20,20,4,8500,17000,0.0,900.0,429,Furnished,Yes,Yes,Yes,No,4 Hours,Yes,No,No,No,No,No,Yes,Yes,GTB Nagar Metro Station,1.95,SGTB Khalsa College,3.38,Connaught Place,7.03,3.16,2.04,4.2,72,Yes,2026-07-17,NoBroker,19.81,51.3,44.3,54.0,42.8
PROP_064,3BHK,Fully Furnished 3BHK Apartment in Vaishali,Vaishali,Ghaziabad,Ghaziabad,Family,3,2,3,3,6,36000,72000,3100.0,3162.0,1908,Furnished,No,Yes,No,Yes,4 Hours,Yes,Yes,No,No,No,Yes,Yes,No,Vaishali Metro Station,4.23,Inderprastha Dental College,0.69,Noida Sector 62 IT Park,11.54,1.31,3.0,3.6,85,Yes,2026-07-20,Housing.com,18.87,53.0,36.6,45.5,50.0
PROP_065,3BHK,Semi-Furnished 3BHK Apartment in Janakpuri,Janakpuri,Delhi,West Delhi,Family,3,2,3,5,5,41000,82000,0.0,2816.0,1811,Semi-Furnished,Yes,Yes,Yes,No,12 Hours,No,No,No,No,No,Yes,Yes,Yes,Janakpuri West Metro Station,4.02,Bhaskaracharya College,1.72,Janakpuri District Centre,2.91,4.63,3.24,3.9,72,Yes,2026-08-08,NoBroker,22.64,47.2,40.4,48.1,45.0
PROP_066,1RK,Fully Furnished 1RK Apartment in Mayur Vihar,Mayur Vihar,Delhi,East Delhi,Student,1,1,0,3,2,12000,24000,500.0,800.0,354,Furnished,No,No,No,Yes,24 Hours,Yes,Yes,No,No,No,Yes,No,Yes,Mayur Vihar 1 Metro Station,1.23,Shaheed Sukhdev College of Business Studies,0.35,Noida Sector 62 IT Park,11.28,0.23,3.28,4.1,48,Yes,2026-07-18,99acres,33.9,66.8,45.9,55.5,55.3
PROP_067,2BHK,Fully Furnished 2BHK Apartment in Knowledge Park,Knowledge Park,Greater Noida,Greater Noida,Family,2,2,1,4,12,16000,32000,0.0,2700.0,1154,Furnished,No,Yes,No,No,4 Hours,Yes,Yes,No,No,No,Yes,No,No,Knowledge Park II Metro Station,2.92,Sharda University,4.56,Greater Noida Industrial Area,9.93,3.35,4.88,3.7,4,Yes,2026-07-05,NoBroker,13.86,43.4,37.2,46.7,40.8
PROP_068,1BHK,Fully Furnished 1BHK Apartment in Greater Kailash,Greater Kailash,Delhi,South Delhi,Family,1,1,3,5,3,54000,162000,2000.0,1645.0,897,Furnished,No,Yes,Yes,No,4 Hours,Yes,No,No,No,No,No,Yes,Yes,Kailash Colony Metro Station,3.08,Lady Shri Ram College (LSR),2.53,Nehru Place IT Hub,5.08,4.79,3.24,3.2,33,Yes,2026-07-19,99acres,60.2,45.2,39.5,47.6,41.3
PROP_069,3BHK,Fully Furnished 3BHK Apartment in Dwarka,Dwarka,Delhi,Dwarka,Working Professional,3,2,11,24,10,38000,76000,0.0,3800.0,1653,Furnished,Yes,Yes,Yes,Yes,12 Hours,Yes,No,No,No,No,Yes,Yes,No,Dwarka Sector 10 Metro Station,1.53,Netaji Subhas University of Technology (NSUT),6.25,Gurugram Sector 21 IT Park,4.27,2.83,4.12,4.0,78,Yes,2026-07-13,Housing.com,22.99,51.4,48.3,56.8,48.6
PROP_070,2BHK,Fully Furnished 2BHK Apartment in Golf Course Road,Golf Course Road,Gurugram,Gurugram,Family,2,2,15,15,9,81000,243000,2260.0,2200.0,1130,Furnished,Yes,Yes,Yes,Yes,12 Hours,Yes,Yes,No,No,Yes,Yes,No,No,Sector 42-43 Metro Station,3.51,GD Goenka University,4.64,Golf Course Road Offices,1.64,3.15,2.94,4.8,21,Yes,2026-07-18,Housing.com,71.68,44.0,47.2,52.0,42.2
PROP_071,1BHK,Fully Furnished 1BHK Apartment in Mukherjee Nagar,Mukherjee Nagar,Delhi,North Delhi,Student,1,1,17,24,1,10000,10000,0.0,700.0,370,Furnished,Yes,Yes,Yes,Yes,12 Hours,Yes,Yes,No,Yes,Yes,No,No,No,GTB Nagar Metro Station,1.95,SGTB Khalsa College,1.61,Connaught Place,7.66,2.79,3.67,4.0,81,No,2026-07-11,99acres,27.03,58.8,47.2,56.9,38.9
PROP_072,1RK,Fully Furnished 1RK Apartment in Knowledge Park,Knowledge Park,Greater Noida,Greater Noida,Student,1,1,12,20,7,5000,10000,600.0,1000.0,369,Furnished,Yes,No,Yes,No,12 Hours,Yes,Yes,No,Yes,No,No,Yes,Yes,Knowledge Park II Metro Station,0.92,Sharda University,1.29,Greater Noida Industrial Area,4.4,3.63,4.44,3.6,19,Yes,2026-07-23,Housing.com,13.55,65.1,52.7,62.2,40.2
PROP_073,1BHK,Fully Furnished 1BHK Apartment in Knowledge Park,Knowledge Park,Greater Noida,Greater Noida,Student,1,1,7,8,12,8000,16000,1416.0,1200.0,708,Furnished,No,No,Yes,No,12 Hours,Yes,No,No,No,No,Yes,Yes,No,Knowledge Park II Metro Station,1.84,Sharda University,2.66,Greater Noida Industrial Area,14.55,2.99,4.24,4.4,19,Yes,2026-07-29,NoBroker,11.3,48.9,41.0,50.7,42.8
PROP_074,2BHK,Fully Furnished 2BHK Apartment in Pari Chowk,Pari Chowk,Greater Noida,Greater Noida,Family,2,2,2,8,11,12500,25000,2100.0,2200.0,1050,Furnished,Yes,Yes,Yes,Yes,4 Hours,Yes,Yes,No,No,No,Yes,Yes,Yes,Pari Chowk Metro Station,3.47,Galgotias University,1.8,Greater Noida Industrial Area,8.79,2.17,2.14,3.4,84,Yes,2026-08-02,MagicBricks,11.9,54.1,44.1,53.7,47.0
PROP_075,2BHK,Semi-Furnished 2BHK Apartment in Kamla Nagar,Kamla Nagar,Delhi,North Delhi,Family,2,2,8,12,1,19500,39000,0.0,1000.0,744,Semi-Furnished,No,Yes,No,Yes,4 Hours,Yes,No,No,No,No,No,No,No,Vishwa Vidyalaya Metro Station,2.32,Kirori Mal College,6.68,Connaught Place,8.24,3.08,5.62,4.7,70,No,2026-07-21,Housing.com,26.21,43.7,37.7,47.1,38.4
PROP_076,1BHK,Fully Furnished 1BHK Apartment in Gurugram Sector 45,Gurugram Sector 45,Gurugram,Gurugram,Working Bachelor,1,1,0,5,1,18500,37000,0.0,1400.0,675,Furnished,No,Yes,Yes,Yes,24 Hours,Yes,No,No,No,No,No,Yes,Yes,HUDA City Centre Metro Station,0.45,Ansal University,0.84,Golf Course Road Offices,11.68,1.87,2.3,3.9,15,No,2026-07-03,MagicBricks,27.41,72.4,57.3,66.7,49.9
PROP_077,1BHK,Fully Furnished 1BHK Apartment in Saket,Saket,Delhi,South Delhi,Family,1,1,4,20,4,15500,31000,800.0,900.0,433,Furnished,No,Yes,Yes,Yes,12 Hours,Yes,No,Yes,No,Yes,Yes,No,No,Saket Metro Station,2.84,Gargi College,4.57,Saket District Centre,13.9,1.32,4.21,3.5,10,Yes,2026-07-29,NoBroker,35.8,50.2,44.9,54.4,47.8
PROP_078,2BHK,Fully Furnished 2BHK Apartment in Vasant Kunj,Vasant Kunj,Delhi,South Delhi,Working Professional,2,2,0,3,12,56500,113000,2000.0,2600.0,1259,Furnished,No,No,No,No,24 Hours,Yes,No,No,No,No,Yes,Yes,Yes,Chattarpur Metro Station,1.57,Jawaharlal Nehru University (JNU),4.74,Cyber City Gurugram,2.78,1.86,2.31,4.3,30,No,2026-08-10,99acres,44.88,45.3,44.3,51.5,50.4
PROP_079,1BHK,Fully Furnished 1BHK Apartment in Rohini,Rohini,Delhi,North Delhi,Student,1,1,2,5,4,10000,20000,1200.0,1200.0,496,Furnished,No,Yes,Yes,Yes,4 Hours,Yes,No,No,No,No,No,Yes,No,Rohini West Metro Station,2.76,Delhi Technological University (DTU),6.24,Netaji Subhash Place,9.15,1.31,0.45,3.3,61,Yes,2026-06-29,99acres,20.16,46.0,40.1,49.8,55.4
PROP_080,2BHK,Semi-Furnished 2BHK Apartment in Noida Sector 137,Noida Sector 137,Noida,Noida,Family,2,2,0,3,14,16500,33000,0.0,1700.0,917,Semi-Furnished,Yes,No,No,No,4 Hours,Yes,Yes,No,No,No,Yes,Yes,No,Noida Sector 137 Metro Station,2.14,Amity University Noida,6.57,Noida Expressway Offices,9.12,2.6,3.46,4.2,69,Yes,2026-07-24,Housing.com,17.99,47.1,42.3,51.7,46.0
PROP_081,3BHK,Fully Furnished 3BHK Apartment in Noida Sector 137,Noida Sector 137,Noida,Noida,Family,3,2,1,5,1,30500,91500,4800.0,2600.0,1712,Furnished,Yes,Yes,Yes,Yes,24 Hours,Yes,No,Yes,No,No,Yes,Yes,Yes,Noida Sector 137 Metro Station,1.18,Amity University Noida,5.61,Noida Expressway Offices,9.49,2.88,5.0,3.3,18,Yes,2026-08-11,NoBroker,17.82,57.1,52.6,61.6,48.2
PROP_082,1BHK,Semi-Furnished 1BHK Apartment in Kamla Nagar,Kamla Nagar,Delhi,North Delhi,Student,1,1,5,12,13,14000,28000,1200.0,800.0,530,Semi-Furnished,No,Yes,Yes,Yes,12 Hours,No,Yes,No,No,No,No,No,Yes,Vishwa Vidyalaya Metro Station,2.15,Kirori Mal College,8.03,Connaught Place,11.19,1.2,3.81,3.9,5,Yes,2026-08-13,NoBroker,26.42,47.7,41.6,51.2,44.5
PROP_083,2BHK,Fully Furnished 2BHK Apartment in Model Town,Model Town,Delhi,North Delhi,Working Professional,2,2,2,3,10,49000,98000,3300.0,2500.0,1066,Furnished,Yes,Yes,No,Yes,12 Hours,Yes,Yes,No,No,No,Yes,No,No,Model Town Metro Station,1.92,Miranda House,5.12,Connaught Place,3.95,2.37,3.61,3.6,38,Yes,2026-08-11,NoBroker,45.97,46.6,42.9,51.0,42.4
PROP_084,1BHK,Semi-Furnished 1BHK Apartment in Pari Chowk,Pari Chowk,Greater Noida,Greater Noida,Student,1,1,1,24,3,7500,22500,1900.0,1208.0,739,Semi-Furnished,No,Yes,Yes,Yes,12 Hours,Yes,No,No,No,No,Yes,Yes,Yes,Pari Chowk Metro Station,2.63,Galgotias University,1.96,Greater Noida Industrial Area,5.01,4.48,3.38,3.3,3,Yes,2026-08-07,Housing.com,10.15,52.5,43.3,52.9,41.8
PROP_085,2BHK,Fully Furnished 2BHK Apartment in Vaishali,Vaishali,Ghaziabad,Ghaziabad,Family,2,2,5,12,12,17000,34000,1600.0,1500.0,862,Furnished,Yes,No,Yes,Yes,12 Hours,Yes,Yes,No,No,No,No,Yes,No,Vaishali Metro Station,1.86,Inderprastha Dental College,4.31,Noida Sector 62 IT Park,9.5,2.46,3.0,3.9,43,Yes,2026-07-17,99acres,19.72,49.2,42.6,52.1,41.7
PROP_086,3BHK,Fully Furnished 3BHK Apartment in Vaishali,Vaishali,Ghaziabad,Ghaziabad,Working Professional,3,2,1,3,4,34000,34000,0.0,2604.0,1536,Furnished,Yes,Yes,No,Yes,12 Hours,Yes,No,No,No,No,No,Yes,Yes,Vaishali Metro Station,0.58,Inderprastha Dental College,3.04,Noida Sector 62 IT Park,7.94,2.46,3.66,4.3,48,Yes,2026-07-10,NoBroker,22.14,58.8,51.7,60.6,44.8
PROP_087,1RK,Semi-Furnished 1RK Apartment in Saket,Saket,Delhi,South Delhi,Family,1,1,16,24,13,10500,21000,900.0,600.0,277,Semi-Furnished,No,Yes,Yes,Yes,4 Hours,No,No,Yes,No,Yes,No,Yes,No,Saket Metro Station,2.4,Gargi College,6.22,Saket District Centre,4.06,3.23,4.08,4.3,81,Yes,2026-07-05,MagicBricks,37.91,49.8,45.7,55.0,42.5
PROP_088,1RK,Fully Furnished 1RK Apartment in Vasant Kunj,Vasant Kunj,Delhi,South Delhi,Family,1,1,4,12,4,39000,39000,0.0,1100.0,672,Furnished,No,No,Yes,No,4 Hours,Yes,Yes,No,No,Yes,No,No,No,Chattarpur Metro Station,3.01,Jawaharlal Nehru University (JNU),7.34,Cyber City Gurugram,2.93,2.97,5.1,3.3,33,Yes,2026-08-10,NoBroker,58.04,43.2,41.0,48.8,40.3
PROP_089,2BHK,Fully Furnished 2BHK Apartment in Civil Lines,Civil Lines,Delhi,North Delhi,Family,2,2,14,20,7,73000,146000,2800.0,2100.0,1410,Furnished,No,Yes,Yes,No,24 Hours,Yes,Yes,No,No,Yes,Yes,Yes,No,Civil Lines Metro Station,3.22,St. Stephen's College,1.46,Connaught Place,8.66,0.82,4.04,4.7,72,Yes,2026-08-06,NoBroker,51.77,47.8,38.4,46.1,50.5
PROP_090,1BHK,Fully Furnished 1BHK Apartment in Golf Course Road,Golf Course Road,Gurugram,Gurugram,Family,1,1,6,20,3,58000,116000,1500.0,1239.0,626,Furnished,No,Yes,Yes,No,12 Hours,Yes,No,No,No,No,Yes,Yes,No,Sector 42-43 Metro Station,2.48,GD Goenka University,0.33,Golf Course Road Offices,10.0,4.13,3.05,4.2,45,Yes,2026-07-19,MagicBricks,92.65,57.9,39.3,47.5,41.6
PROP_091,2BHK,Fully Furnished 2BHK Apartment in Noida Sector 62,Noida Sector 62,Noida,Noida,Working Bachelor,2,2,7,12,14,15500,31000,2000.0,1645.0,897,Furnished,No,Yes,Yes,Yes,4 Hours,Yes,No,No,No,No,No,No,Yes,Noida Sector 62 Metro Station,0.16,JSS Academy of Technical Education,6.44,Noida Sector 62 IT Park,13.62,4.14,0.85,4.2,75,Yes,2026-08-06,Housing.com,17.28,65.7,59.8,69.3,50.4
PROP_092,2BHK,Semi-Furnished 2BHK Apartment in Janakpuri,Janakpuri,Delhi,West Delhi,Family,2,2,5,20,0,29000,58000,2100.0,2400.0,1192,Semi-Furnished,No,Yes,Yes,Yes,4 Hours,Yes,No,No,No,No,Yes,Yes,No,Janakpuri West Metro Station,2.55,Bhaskaracharya College,2.16,Janakpuri District Centre,14.81,4.89,3.98,4.7,69,Yes,2026-07-04,NoBroker,24.33,49.1,40.9,50.0,42.7
PROP_093,2BHK,Fully Furnished 2BHK Apartment in Pari Chowk,Pari Chowk,Greater Noida,Greater Noida,Working Bachelor,2,2,13,15,6,11000,11000,1932.0,2100.0,966,Furnished,No,Yes,Yes,Yes,24 Hours,Yes,No,No,Yes,Yes,Yes,Yes,No,Pari Chowk Metro Station,0.99,Galgotias University,1.53,Greater Noida Industrial Area,10.54,0.49,1.08,4.6,58,Yes,2026-07-30,99acres,11.39,63.7,52.4,62.1,62.3
PROP_094,2BHK,Fully Furnished 2BHK Apartment in Rajinder Nagar,Rajinder Nagar,Delhi,Central Delhi,Family,2,2,0,3,15,30500,91500,0.0,1500.0,745,Furnished,No,Yes,No,No,12 Hours,Yes,Yes,No,No,No,Yes,Yes,Yes,Rajendra Place Metro Station,3.87,Venkateshwara College,7.55,Rajendra Place IT Hub,0.85,2.38,4.7,4.7,51,Yes,2026-07-04,Housing.com,40.94,43.3,51.4,55.4,45.2
PROP_095,2BHK,Semi-Furnished 2BHK Apartment in Green Park,Green Park,Delhi,South Delhi,Family,2,2,4,4,6,58000,116000,2900.0,2500.0,1325,Semi-Furnished,Yes,Yes,No,No,4 Hours,No,Yes,No,No,No,Yes,Yes,No,Green Park Metro Station,2.09,NIFT Delhi,3.87,Bhikaji Cama Place,10.26,3.53,5.88,4.7,24,No,2026-08-08,MagicBricks,43.77,44.7,40.6,48.8,44.0
PROP_096,1RK,Fully Furnished 1RK Apartment in Mukherjee Nagar,Mukherjee Nagar,Delhi,North Delhi,Student,1,1,15,15,14,7000,15000,700.0,900.0,339,Furnished,No,No,Yes,Yes,12 Hours,Yes,Yes,No,No,No,Yes,No,Yes,GTB Nagar Metro Station,0.28,SGTB Khalsa College,3.37,Connaught Place,2.33,1.45,1.35,4.2,4,Yes,2026-08-04,99acres,20.65,66.2,62.9,71.2,53.1
PROP_097,4BHK,Fully Furnished 4BHK Apartment in Golf Course Road,Golf Course Road,Gurugram,Gurugram,Family,4,4,1,3,3,301000,904000,10000.0,5550.0,3500,Furnished,Yes,Yes,No,Yes,24 Hours,Yes,No,No,Yes,No,No,No,Yes,Sector 42-43 Metro Station,2.75,GD Goenka University,5.26,Golf Course Road Offices,1.31,3.4,2.57,4.4,54,Yes,2026-08-13,99acres,86.0,22.0,33.8,31.0,36.9
PROP_098,3BHK,Fully Furnished 3BHK Apartment in Laxmi Nagar,Laxmi Nagar,Delhi,East Delhi,Working Professional,3,2,5,20,14,22000,44000,3300.0,3300.0,1433,Furnished,No,Yes,Yes,Yes,4 Hours,Yes,Yes,No,Yes,No,Yes,Yes,No,Laxmi Nagar Metro Station,2.98,Shyam Lal College,7.72,Noida Sector 62 IT Park,7.65,4.86,3.71,3.8,61,Yes,2026-07-04,Housing.com,15.35,47.8,42.7,52.0,43.1
PROP_099,3BHK,Fully Furnished 3BHK Apartment in Laxmi Nagar,Laxmi Nagar,Delhi,East Delhi,Working Professional,3,2,9,15,8,25000,50000,2200.0,2100.0,1206,Furnished,No,Yes,Yes,Yes,12 Hours,Yes,Yes,Yes,No,No,Yes,Yes,No,Laxmi Nagar Metro Station,1.63,Shyam Lal College,6.2,Noida Sector 62 IT Park,2.52,2.22,2.82,4.1,43,Yes,2026-08-12,MagicBricks,20.73,52.1,50.3,58.2,47.3
PROP_100,2BHK,Fully Furnished 2BHK Apartment in Indirapuram,Indirapuram,Ghaziabad,Ghaziabad,Family,2,2,3,8,5,22500,22500,3300.0,2400.0,1097,Furnished,No,Yes,Yes,Yes,4 Hours,Yes,Yes,No,No,No,No,No,No,Vaishali Metro Station,1.8,ABES Engineering College,9.59,Noida Sector 62 IT Park,3.12,1.9,2.46,3.6,29,Yes,2026-08-06,Housing.com,20.51,47.3,43.1,51.6,43.1
PROP_101,3BHK,Semi-Furnished 3BHK Apartment in Patel Nagar,Patel Nagar,Delhi,West Delhi,Family,3,2,3,4,14,45500,91000,0.0,2600.0,1513,Semi-Furnished,Yes,Yes,No,No,4 Hours,No,Yes,No,Yes,No,Yes,No,No,Patel Nagar Metro Station,4.45,Kalindi College,5.26,Rajendra Place IT Hub,2.64,2.38,1.0,4.0,29,Yes,2026-08-12,MagicBricks,30.07,40.8,38.9,46.3,49.7
PROP_102,1BHK,Fully Furnished 1BHK Apartment in Green Park,Green Park,Delhi,South Delhi,Family,1,1,10,24,12,45000,135000,0.0,1300.0,768,Furnished,No,Yes,Yes,Yes,12 Hours,Yes,Yes,No,No,No,Yes,Yes,No,Green Park Metro Station,3.47,NIFT Delhi,5.05,Bhikaji Cama Place,1.39,3.44,1.03,3.8,74,Yes,2026-07-20,MagicBricks,58.59,45.2,49.5,54.8,50.1
PROP_103,3BHK,Semi-Furnished 3BHK Apartment in Model Town,Model Town,Delhi,North Delhi,Working Professional,3,2,10,20,3,68500,68500,2600.0,2600.0,1694,Semi-Furnished,No,Yes,Yes,Yes,12 Hours,No,Yes,No,No,Yes,No,No,No,Model Town Metro Station,0.4,Miranda House,8.07,Connaught Place,7.39,1.21,4.84,4.3,38,Yes,2026-07-17,99acres,40.44,56.3,52.0,59.8,48.1
PROP_104,3BHK,Fully Furnished 3BHK Apartment in Knowledge Park,Knowledge Park,Greater Noida,Greater Noida,Family,3,2,6,12,13,18500,37000,3000.0,3600.0,1799,Furnished,Yes,Yes,Yes,No,4 Hours,Yes,Yes,Yes,No,No,Yes,Yes,Yes,Knowledge Park II Metro Station,3.57,Sharda University,3.79,Greater Noida Industrial Area,9.93,3.29,0.54,4.4,2,Yes,2026-07-24,99acres,10.28,49.7,43.5,53.0,54.6
PROP_105,2BHK,Fully Furnished 2BHK Apartment in Golf Course Road,Golf Course Road,Gurugram,Gurugram,Family,2,2,7,20,13,82500,82000,2770.0,2377.0,1385,Furnished,Yes,Yes,Yes,No,12 Hours,Yes,No,No,No,No,Yes,No,No,Sector 42-43 Metro Station,3.8,GD Goenka University,6.72,Golf Course Road Offices,14.14,3.52,4.8,3.6,70,Yes,2026-07-01,MagicBricks,59.57,38.6,35.6,43.0,40.2
PROP_106,3BHK,Semi-Furnished 3BHK Apartment in Noida Sector 62,Noida Sector 62,Noida,Noida,Family,3,2,3,20,5,40000,80000,0.0,2900.0,1863,Semi-Furnished,No,Yes,Yes,No,4 Hours,No,Yes,No,No,Yes,No,No,No,Noida Sector 62 Metro Station,1.25,JSS Academy of Technical Education,6.97,Noida Sector 62 IT Park,12.49,2.69,1.43,3.9,23,Yes,2026-07-08,NoBroker,21.47,49.0,44.0,52.7,49.0
PROP_107,2BHK,Semi-Furnished 2BHK Apartment in Vasant Kunj,Vasant Kunj,Delhi,South Delhi,Family,2,2,4,12,15,72500,145000,0.0,1900.0,1353,Semi-Furnished,Yes,No,No,No,12 Hours,Yes,Yes,No,No,No,Yes,Yes,No,Chattarpur Metro Station,3.12,Jawaharlal Nehru University (JNU),7.22,Cyber City Gurugram,10.77,3.73,1.76,3.4,7,Yes,2026-07-14,99acres,53.58,39.9,37.1,44.8,46.0
PROP_108,2BHK,Semi-Furnished 2BHK Apartment in Gurugram Sector 56,Gurugram Sector 56,Gurugram,Gurugram,Family,2,2,13,15,9,23500,23500,3500.0,1721.0,1081,Semi-Furnished,No,Yes,Yes,No,4 Hours,No,No,Yes,Yes,Yes,Yes,Yes,Yes,Sector 56 Metro Station,4.45,IILM University,5.74,Golf Course Road Offices,7.14,0.74,4.4,3.5,44,Yes,2026-08-02,NoBroker,21.74,47.7,43.3,52.6,54.6
PROP_109,4BHK,Fully Furnished 4BHK Apartment in Preet Vihar,Preet Vihar,Delhi,East Delhi,Family,4,4,9,12,0,93000,186000,0.0,5200.0,2963,Furnished,Yes,Yes,Yes,Yes,4 Hours,Yes,Yes,No,Yes,Yes,Yes,Yes,Yes,Preet Vihar Metro Station,0.63,Vivekananda College,5.06,Noida Sector 62 IT Park,5.17,4.07,2.07,4.4,16,Yes,2026-07-21,NoBroker,31.39,58.8,56.0,62.9,49.9
PROP_111,1RK,Fully Furnished 1RK Apartment in Noida Sector 137,Noida Sector 137,Noida,Noida,Student,1,1,5,5,7,7000,21000,690.0,817.0,345,Furnished,No,Yes,Yes,Yes,24 Hours,Yes,No,Yes,No,No,Yes,Yes,Yes,Noida Sector 137 Metro Station,4.41,Amity University Noida,8.53,Noida Expressway Offices,11.19,3.06,3.46,3.7,62,Yes,2026-07-30,MagicBricks,20.29,48.6,43.6,53.3,42.8
PROP_112,2BHK,Fully Furnished 2BHK Apartment in Rajinder Nagar,Rajinder Nagar,Delhi,Central Delhi,Working Professional,2,2,20,20,11,39000,78000,2000.0,1747.0,965,Furnished,No,Yes,Yes,No,24 Hours,Yes,Yes,Yes,No,Yes,Yes,Yes,No,Rajendra Place Metro Station,0.87,Venkateshwara College,3.76,Rajendra Place IT Hub,6.63,4.07,2.23,3.4,29,Yes,2026-07-13,99acres,40.41,57.8,52.7,61.4,45.3
PROP_113,2BHK,Fully Furnished 2BHK Apartment in Civil Lines,Civil Lines,Delhi,North Delhi,Working Professional,2,2,5,15,9,62000,62000,0.0,3100.0,1365,Furnished,No,Yes,Yes,Yes,24 Hours,Yes,Yes,No,No,Yes,Yes,No,No,Civil Lines Metro Station,0.77,St. Stephen's College,7.61,Connaught Place,6.61,2.57,4.87,3.9,52,No,2026-08-12,Housing.com,45.42,54.8,50.8,58.8,43.2
PROP_114,3BHK,Fully Furnished 3BHK Apartment in Noida Sector 15,Noida Sector 15,Noida,Noida,Family,3,2,8,12,4,38500,77000,2916.0,2000.0,1458,Furnished,No,Yes,Yes,No,24 Hours,Yes,No,No,No,Yes,Yes,Yes,Yes,Noida Sector 15 Metro Station,3.3,Amity University Noida,9.87,Noida Sector 16 Commercial Hub,2.1,0.49,2.43,4.3,45,Yes,2026-07-16,99acres,26.41,45.2,45.8,52.7,59.4
PROP_115,1BHK,Semi-Furnished 1BHK Apartment in Mayur Vihar,Mayur Vihar,Delhi,East Delhi,Family,1,1,0,4,13,13000,26000,1100.0,800.0,481,Semi-Furnished,No,Yes,No,No,4 Hours,No,No,No,No,No,No,Yes,No,Mayur Vihar 1 Metro Station,4.36,Shaheed Sukhdev College of Business Studies,4.68,Noida Sector 62 IT Park,8.17,3.53,2.9,3.3,20,No,2026-08-06,Housing.com,27.03,39.0,32.7,42.3,38.9
PROP_116,1RK,Semi-Furnished 1RK Apartment in Pari Chowk,Pari Chowk,Greater Noida,Greater Noida,Student,1,1,15,20,4,5500,11000,766.0,600.0,383,Semi-Furnished,No,No,Yes,Yes,12 Hours,Yes,Yes,No,No,No,Yes,Yes,No,Pari Chowk Metro Station,0.95,Galgotias University,6.3,Greater Noida Industrial Area,8.86,0.45,3.55,3.5,60,Yes,2026-08-06,NoBroker,14.36,55.8,50.1,59.9,55.4
PROP_117,1RK,Semi-Furnished 1RK Apartment in Kamla Nagar,Kamla Nagar,Delhi,North Delhi,Student,1,1,2,3,5,5000,10000,800.0,500.0,241,Semi-Furnished,Yes,Yes,No,Yes,12 Hours,Yes,Yes,No,No,No,Yes,Yes,Yes,Vishwa Vidyalaya Metro Station,1.89,Kirori Mal College,2.57,Connaught Place,10.39,1.49,5.79,4.3,31,Yes,2026-07-25,Housing.com,20.75,55.6,47.7,57.5,46.0
PROP_118,3BHK,Fully Furnished 3BHK Apartment in Karol Bagh,Karol Bagh,Delhi,Central Delhi,Family,3,2,0,12,5,42000,84000,3400.0,2197.0,1265,Furnished,No,Yes,Yes,No,12 Hours,Yes,No,No,No,Yes,Yes,No,Yes,Karol Bagh Metro Station,2.94,Sri Guru Nanak Dev Khalsa College,0.32,Connaught Place,7.41,4.53,3.9,3.9,62,Yes,2026-07-03,MagicBricks,33.2,59.4,39.3,48.0,40.2
PROP_119,1BHK,Fully Furnished 1BHK Apartment in Pari Chowk,Pari Chowk,Greater Noida,Greater Noida,Family,1,1,11,24,1,10000,20000,2300.0,1300.0,756,Furnished,No,Yes,Yes,Yes,24 Hours,Yes,No,Yes,No,Yes,No,Yes,No,Pari Chowk Metro Station,3.09,Galgotias University,4.58,Greater Noida Industrial Area,0.53,2.25,4.14,4.3,41,Yes,2026-07-27,MagicBricks,13.23,48.2,58.1,61.2,45.0
PROP_120,3BHK,Fully Furnished 3BHK Apartment in Saket,Saket,Delhi,South Delhi,Family,3,2,8,15,7,51000,103000,3200.0,2900.0,1318,Furnished,Yes,No,Yes,No,24 Hours,Yes,No,No,No,No,No,Yes,Yes,Saket Metro Station,2.56,Gargi College,4.32,Saket District Centre,7.17,0.66,4.59,3.6,76,Yes,2026-07-15,Housing.com,38.69,44.6,40.4,48.8,54.0
PROP_121,1BHK,Semi-Furnished 1BHK Apartment in Rohini,Rohini,Delhi,North Delhi,Student,1,1,16,20,11,9000,18000,700.0,781.0,454,Semi-Furnished,No,Yes,Yes,Yes,4 Hours,No,Yes,No,No,No,Yes,Yes,No,Rohini West Metro Station,3.85,Delhi Technological University (DTU),5.79,Netaji Subhash Place,7.87,1.64,3.69,3.4,5,Yes,2026-07-04,NoBroker,19.82,45.5,40.1,49.8,45.7
PROP_122,2BHK,Fully Furnished 2BHK Apartment in Malviya Nagar,Malviya Nagar,Delhi,South Delhi,Family,2,2,2,5,7,31500,63000,1800.0,1750.0,967,Furnished,Yes,Yes,Yes,No,12 Hours,Yes,Yes,No,No,No,No,No,Yes,Malviya Nagar Metro Station,3.6,College of Vocational Studies,6.78,Okhla Industrial Area,5.98,3.26,3.72,4.9,31,No,2026-07-10,99acres,32.57,46.1,41.4,50.3,41.5
PROP_123,2BHK,Fully Furnished 2BHK Apartment in Noida Sector 62,Noida Sector 62,Noida,Noida,Working Professional,2,2,9,12,12,20000,40000,1786.0,1639.0,893,Furnished,No,Yes,Yes,Yes,12 Hours,Yes,No,No,Yes,Yes,Yes,Yes,No,Noida Sector 62 Metro Station,2.25,JSS Academy of Technical Education,5.03,Noida Sector 62 IT Park,7.71,1.51,0.44,4.0,33,Yes,2026-08-08,99acres,22.4,51.1,46.2,55.6,58.7
PROP_124,2BHK,Fully Furnished 2BHK Apartment in Janakpuri,Janakpuri,Delhi,West Delhi,Working Professional,2,2,4,12,11,29500,59000,0.0,1400.0,957,Furnished,No,No,Yes,No,24 Hours,Yes,Yes,No,No,Yes,Yes,Yes,No,Janakpuri West Metro Station,2.38,Bhaskaracharya College,5.9,Janakpuri District Centre,2.36,4.73,0.36,4.6,45,Yes,2026-07-17,Housing.com,30.83,46.2,45.2,52.7,53.2
PROP_125,2BHK,Fully Furnished 2BHK Apartment in Golf Course Road,Golf Course Road,Gurugram,Gurugram,Working Professional,2,2,0,5,15,73500,220500,2500.0,1900.0,1223,Furnished,Yes,Yes,Yes,Yes,12 Hours,Yes,Yes,No,No,No,Yes,No,No,Sector 42-43 Metro Station,0.67,GD Goenka University,2.3,Golf Course Road Offices,6.77,3.61,3.01,4.2,39,Yes,2026-07-27,NoBroker,60.1,59.0,52.7,60.3,43.8
PROP_126,3BHK,Fully Furnished 3BHK Apartment in Dwarka,Dwarka,Delhi,Dwarka,Family,3,2,3,4,1,45000,90000,6200.0,2900.0,1883,Furnished,Yes,Yes,No,No,12 Hours,Yes,No,No,No,No,Yes,Yes,No,Dwarka Sector 10 Metro Station,2.19,Netaji Subhas University of Technology (NSUT),6.85,Gurugram Sector 21 IT Park,7.2,2.32,2.58,3.5,4,Yes,2026-06-29,NoBroker,23.9,44.7,41.1,49.7,50.7
PROP_127,2BHK,Semi-Furnished 2BHK Apartment in Mayur Vihar,Mayur Vihar,Delhi,East Delhi,Family,2,2,7,8,1,18000,36000,1100.0,1500.0,753,Semi-Furnished,No,Yes,Yes,Yes,24 Hours,No,No,Yes,Yes,No,No,Yes,No,Mayur Vihar 1 Metro Station,3.29,Shaheed Sukhdev College of Business Studies,0.73,Noida Sector 62 IT Park,6.21,4.11,2.14,4.3,79,Yes,2026-07-17,MagicBricks,23.9,56.3,39.6,49.0,40.8
PROP_128,3BHK,Semi-Furnished 3BHK Apartment in Civil Lines,Civil Lines,Delhi,North Delhi,Working Professional,3,2,2,5,5,109000,327000,7000.0,4400.0,2279,Semi-Furnished,No,No,Yes,No,12 Hours,No,No,No,No,No,Yes,Yes,Yes,Civil Lines Metro Station,1.75,St. Stephen's College,6.53,Connaught Place,3.95,3.68,5.93,4.0,42,Yes,2026-07-03,MagicBricks,47.83,38.1,37.0,43.1,43.0
PROP_129,2BHK,Fully Furnished 2BHK Apartment in Shakarpur,Shakarpur,Delhi,East Delhi,Family,2,2,0,5,5,9500,9500,0.0,1500.0,579,Furnished,Yes,Yes,Yes,Yes,24 Hours,Yes,Yes,No,No,No,No,Yes,No,Nirman Vihar Metro Station,2.17,Bhim Rao Ambedkar College,4.4,Noida Sector 62 IT Park,9.34,1.65,1.19,4.8,61,Yes,2026-07-17,MagicBricks,16.41,50.6,44.1,53.8,48.8
PROP_130,3BHK,Semi-Furnished 3BHK Apartment in Patel Nagar,Patel Nagar,Delhi,West Delhi,Family,3,2,12,15,15,37000,111000,0.0,3200.0,1474,Semi-Furnished,Yes,Yes,No,Yes,24 Hours,No,No,No,No,No,No,Yes,No,Patel Nagar Metro Station,2.88,Kalindi College,6.86,Rajendra Place IT Hub,10.61,3.3,1.79,4.0,18,Yes,2026-08-13,MagicBricks,25.1,41.6,36.7,45.6,45.1
PROP_131,3BHK,Fully Furnished 3BHK Apartment in Saket,Saket,Delhi,South Delhi,Working Professional,3,2,9,20,0,62000,125000,3000.0,3600.0,1721,Furnished,No,Yes,Yes,Yes,4 Hours,Yes,Yes,No,Yes,No,Yes,Yes,No,Saket Metro Station,1.24,Gargi College,9.05,Saket District Centre,7.17,3.21,3.86,4.7,21,Yes,2026-07-20,MagicBricks,36.03,52.5,49.5,57.5,47.2
PROP_132,2BHK,Semi-Furnished 2BHK Apartment in Knowledge Park,Knowledge Park,Greater Noida,Greater Noida,Working Bachelor,2,2,5,8,12,13500,27000,2232.0,2500.0,1116,Semi-Furnished,Yes,No,Yes,Yes,4 Hours,No,Yes,No,No,No,Yes,Yes,Yes,Knowledge Park II Metro Station,2.43,Sharda University,3.79,Greater Noida Industrial Area,1.16,4.08,2.16,4.0,77,Yes,2026-07-22,Housing.com,12.1,49.3,52.9,58.5,46.8
PROP_133,1BHK,Semi-Furnished 1BHK Apartment in Hauz Khas,Hauz Khas,Delhi,South Delhi,Family,1,1,3,8,6,38000,76000,0.0,1300.0,681,Semi-Furnished,Yes,Yes,Yes,No,24 Hours,No,No,No,Yes,No,No,Yes,No,Hauz Khas Metro Station,2.53,IIT Delhi,7.92,Okhla Industrial Area,14.51,2.3,1.63,3.6,37,Yes,2026-07-23,NoBroker,55.8,45.3,41.2,50.0,47.3
PROP_134,1RK,Semi-Furnished 1RK Apartment in Dwarka,Dwarka,Delhi,Dwarka,Family,1,1,21,24,14,8500,8000,0.0,700.0,327,Semi-Furnished,Yes,Yes,Yes,Yes,12 Hours,No,No,No,Yes,Yes,No,No,No,Dwarka Sector 10 Metro Station,3.87,Netaji Subhas University of Technology (NSUT),7.36,Gurugram Sector 21 IT Park,4.84,4.11,5.5,3.5,2,Yes,2026-07-17,Housing.com,25.99,47.4,42.1,51.7,38.0
PROP_135,2BHK,Fully Furnished 2BHK Apartment in Karol Bagh,Karol Bagh,Delhi,Central Delhi,Family,2,2,2,3,3,28000,56000,0.0,1800.0,781,Furnished,No,Yes,No,No,12 Hours,Yes,Yes,Yes,No,No,Yes,Yes,No,Karol Bagh Metro Station,2.97,Sri Guru Nanak Dev Khalsa College,3.94,Connaught Place,10.53,4.02,4.05,4.5,83,Yes,2026-07-21,MagicBricks,35.85,45.6,40.1,49.2,41.3
PROP_136,2BHK,Semi-Furnished 2BHK Apartment in Civil Lines,Civil Lines,Delhi,North Delhi,Family,2,2,2,24,3,64500,129000,3500.0,2400.0,1367,Semi-Furnished,No,No,Yes,Yes,12 Hours,Yes,No,Yes,No,Yes,Yes,No,No,Civil Lines Metro Station,1.19,St. Stephen's College,3.3,Connaught Place,14.21,4.54,1.97,4.1,17,Yes,2026-07-11,99acres,47.18,50.6,45.1,53.1,43.1
PROP_137,3BHK,Semi-Furnished 3BHK Apartment in Janakpuri,Janakpuri,Delhi,West Delhi,Working Professional,3,2,1,8,8,35000,70000,0.0,2692.0,1728,Semi-Furnished,No,Yes,Yes,Yes,12 Hours,Yes,Yes,No,Yes,No,No,Yes,Yes,Janakpuri West Metro Station,1.76,Bhaskaracharya College,9.7,Janakpuri District Centre,5.99,0.7,5.58,3.5,39,Yes,2026-08-07,99acres,20.25,51.4,46.6,55.5,53.6
PROP_138,2BHK,Fully Furnished 2BHK Apartment in Mukherjee Nagar,Mukherjee Nagar,Delhi,North Delhi,Family,2,2,6,8,14,16500,33000,2300.0,2000.0,784,Furnished,Yes,No,Yes,Yes,12 Hours,Yes,No,No,No,No,No,Yes,No,GTB Nagar Metro Station,3.66,SGTB Khalsa College,0.4,Connaught Place,14.25,3.45,5.61,3.4,63,Yes,2026-07-19,MagicBricks,21.05,58.3,38.3,47.8,39.8
PROP_139,1BHK,Fully Furnished 1BHK Apartment in Gurugram Sector 45,Gurugram Sector 45,Gurugram,Gurugram,Student,1,1,8,8,3,15000,30000,1000.0,900.0,476,Furnished,No,Yes,Yes,Yes,4 Hours,Yes,No,Yes,No,No,Yes,Yes,No,HUDA City Centre Metro Station,0.55,Ansal University,5.07,Golf Course Road Offices,1.73,2.67,2.3,3.4,62,Yes,2026-07-30,Housing.com,31.51,62.5,63.9,71.0,50.2
PROP_140,1BHK,Semi-Furnished 1BHK Apartment in Mayur Vihar,Mayur Vihar,Delhi,East Delhi,Student,1,1,17,24,15,11000,33000,0.0,600.0,407,Semi-Furnished,No,Yes,Yes,Yes,24 Hours,Yes,No,Yes,No,No,Yes,No,No,Mayur Vihar 1 Metro Station,1.2,Shaheed Sukhdev College of Business Studies,4.68,Noida Sector 62 IT Park,6.21,4.97,1.71,4.6,25,Yes,2026-06-30,NoBroker,27.03,54.0,47.8,57.4,42.1
PROP_141,1BHK,Fully Furnished 1BHK Apartment in Noida Sector 137,Noida Sector 137,Noida,Noida,Student,1,1,7,20,10,11500,11500,1300.0,1234.0,623,Furnished,No,Yes,Yes,Yes,12 Hours,Yes,Yes,No,No,Yes,No,Yes,No,Noida Sector 137 Metro Station,1.15,Amity University Noida,2.98,Noida Expressway Offices,8.97,0.62,0.91,4.3,77,Yes,2026-08-01,Housing.com,18.46,58.2,51.0,60.7,60.2
PROP_142,1RK,Fully Furnished 1RK Apartment in Malviya Nagar,Malviya Nagar,Delhi,South Delhi,Student,1,1,2,5,1,12000,36000,400.0,780.0,320,Furnished,No,No,Yes,Yes,24 Hours,Yes,No,No,No,No,Yes,Yes,No,Malviya Nagar Metro Station,2.32,College of Vocational Studies,7.29,Okhla Industrial Area,4.25,4.29,1.99,3.7,15,Yes,2026-07-10,NoBroker,37.5,47.3,43.5,52.8,45.2
PROP_143,2BHK,Fully Furnished 2BHK Apartment in Janakpuri,Janakpuri,Delhi,West Delhi,Family,2,2,2,12,8,29500,59000,0.0,2500.0,1156,Furnished,No,Yes,Yes,No,12 Hours,Yes,Yes,No,Yes,No,Yes,Yes,No,Janakpuri West Metro Station,0.93,Bhaskaracharya College,5.06,Janakpuri District Centre,11.08,3.31,0.42,3.5,22,Yes,2026-08-09,NoBroker,25.52,56.0,51.1,60.1,55.3
PROP_144,2BHK,Fully Furnished 2BHK Apartment in Rohini,Rohini,Delhi,North Delhi,Working Professional,2,2,1,4,4,16000,32000,0.0,2100.0,924,Furnished,Yes,No,No,Yes,24 Hours,Yes,No,Yes,Yes,No,Yes,Yes,Yes,Rohini West Metro Station,2.76,Delhi Technological University (DTU),4.14,Netaji Subhash Place,4.66,4.62,4.2,4.4,14,Yes,2026-07-30,MagicBricks,17.32,50.0,44.9,54.1,42.4
PROP_145,1RK,Semi-Furnished 1RK Apartment in Noida Sector 15,Noida Sector 15,Noida,Noida,Student,1,1,1,3,4,8500,17000,0.0,500.0,389,Semi-Furnished,No,Yes,No,Yes,4 Hours,Yes,Yes,No,No,No,Yes,Yes,Yes,Noida Sector 15 Metro Station,1.79,Amity University Noida,6.93,Noida Sector 16 Commercial Hub,8.31,2.56,3.36,3.6,10,Yes,2026-07-11,NoBroker,21.85,52.3,47.2,56.9,44.8
PROP_146,3BHK,Fully Furnished 3BHK Apartment in DLF Phase 3,Dlf Phase 3,Gurugram,Gurugram,Family,3,2,0,20,13,46500,46500,4400.0,2700.0,1307,Furnished,Yes,Yes,Yes,Yes,24 Hours,Yes,Yes,No,Yes,No,No,Yes,No,Phase 3 Metro Station,1.36,Dronacharya College of Engineering,1.81,DLF Cyber City,13.28,0.35,4.58,4.1,1,Yes,2026-07-01,Housing.com,35.58,58.3,49.5,58.1,57.6
PROP_147,2BHK,Semi-Furnished 2BHK Apartment in Vaishali,Vaishali,Ghaziabad,Ghaziabad,Working Bachelor,2,2,4,8,3,19000,39000,3100.0,1900.0,1008,Semi-Furnished,Yes,Yes,Yes,Yes,24 Hours,Yes,No,No,No,No,Yes,Yes,Yes,Vaishali Metro Station,0.51,Inderprastha Dental College,4.69,Noida Sector 62 IT Park,14.72,2.46,5.76,4.1,40,Yes,2026-08-05,MagicBricks,18.85,62.3,56.4,65.9,45.1
PROP_148,3BHK,Fully Furnished 3BHK Apartment in Rajinder Nagar,Rajinder Nagar,Delhi,Central Delhi,Family,3,2,14,15,4,56500,169000,0.0,2800.0,1433,Furnished,Yes,Yes,Yes,Yes,24 Hours,Yes,Yes,Yes,No,No,Yes,Yes,No,Rajendra Place Metro Station,0.49,Venkateshwara College,2.04,Rajendra Place IT Hub,11.69,1.44,3.0,3.6,56,Yes,2026-08-06,Housing.com,39.43,65.0,57.4,65.6,51.3
PROP_149,2BHK,Fully Furnished 2BHK Apartment in Pari Chowk,Pari Chowk,Greater Noida,Greater Noida,Family,2,2,14,20,2,13000,27000,2000.0,1700.0,1135,Furnished,Yes,Yes,Yes,No,12 Hours,Yes,Yes,No,No,Yes,Yes,No,No,Pari Chowk Metro Station,2.6,Galgotias University,9.88,Greater Noida Industrial Area,11.73,0.5,4.91,4.5,60,Yes,2026-08-12,Housing.com,11.45,48.4,42.6,52.2,53.1
PROP_150,2BHK,Huge 4BHK for dirt cheap,Preet Vihar,Delhi,East Delhi,Working Professional,2,2,1,3,2,1200,85000,0.0,2200.0,1124,Furnished,No,Yes,No,Yes,24 Hours,Yes,No,No,No,No,No,Yes,Yes,Preet Vihar Metro Station,1.95,Vivekananda College,5.6,Noida Sector 62 IT Park,2.91,2.01,2.28,4.8,73,No,2026-07-21,MagicBricks,1.07,48.9,44.9,53.9,47.4
PROP_151,1BHK,Semi-Furnished 1BHK Apartment in Karol Bagh,Karol Bagh,Delhi,Central Delhi,Working Bachelor,1,1,0,4,3,15500,31000,0.0,878.0,519,Semi-Furnished,Yes,Yes,No,Yes,4 Hours,No,No,No,No,No,No,Yes,No,Karol Bagh Metro Station,0.13,Sri Guru Nanak Dev Khalsa College,3.93,Connaught Place,3.75,1.56,5.31,3.6,53,Yes,2026-07-18,MagicBricks,29.87,64.4,59.3,68.3,47.8
PROP_152,1BHK,Semi-Furnished 1BHK Apartment in Rohini,Rohini,Delhi,North Delhi,Student,1,1,4,4,12,9000,18000,800.0,1100.0,523,Semi-Furnished,No,No,No,Yes,24 Hours,No,Yes,No,No,No,Yes,Yes,Yes,Rohini West Metro Station,3.3,Delhi Technological University (DTU),4.14,Netaji Subhash Place,5.98,1.45,0.59,3.3,18,Yes,2026-08-06,Housing.com,17.21,45.2,39.4,49.1,55.6
PROP_153,1BHK,Fully Furnished 1BHK Apartment in Gurugram Sector 45,Gurugram Sector 45,Gurugram,Gurugram,Student,1,1,11,15,15,13000,26000,884.0,963.0,442,Furnished,No,Yes,Yes,No,4 Hours,Yes,Yes,Yes,Yes,Yes,Yes,Yes,No,HUDA City Centre Metro Station,2.15,Ansal University,8.15,Golf Course Road Offices,6.82,4.74,5.56,3.6,25,Yes,2026-07-19,MagicBricks,29.41,53.8,49.3,58.8,42.5
PROP_154,3BHK,Semi-Furnished 3BHK Apartment in Kamla Nagar,Kamla Nagar,Delhi,North Delhi,Family,3,2,12,15,0,33000,66000,0.0,2800.0,1508,Semi-Furnished,Yes,Yes,Yes,Yes,12 Hours,Yes,Yes,No,No,No,Yes,Yes,No,Vishwa Vidyalaya Metro Station,2.63,Kirori Mal College,6.57,Connaught Place,10.39,2.29,4.94,3.5,6,Yes,2026-08-11,99acres,21.88,48.1,43.5,52.5,46.1
PROP_155,1RK,Semi-Furnished 1RK Apartment in Model Town,Model Town,Delhi,North Delhi,Student,1,1,15,15,1,15000,30000,0.0,700.0,378,Semi-Furnished,No,Yes,Yes,Yes,24 Hours,Yes,No,No,Yes,No,No,Yes,Yes,Model Town Metro Station,0.43,Miranda House,3.49,Connaught Place,9.38,4.1,1.84,3.5,17,Yes,2026-08-05,99acres,39.68,64.6,57.8,67.3,44.3
PROP_156,1BHK,Fully Furnished 1BHK Apartment in Greater Kailash,Greater Kailash,Delhi,South Delhi,Family,1,1,1,3,14,60500,60000,0.0,1479.0,786,Furnished,No,Yes,No,No,12 Hours,Yes,No,No,No,No,No,No,Yes,Kailash Colony Metro Station,0.82,Lady Shri Ram College (LSR),3.28,Nehru Place IT Hub,6.24,3.31,1.14,4.7,14,Yes,2026-08-02,99acres,76.97,51.8,46.6,54.7,46.5
PROP_157,1BHK,Fully Furnished 1BHK Apartment in Saket,Saket,Delhi,South Delhi,Working Bachelor,1,1,1,4,3,17000,34000,1000.0,1100.0,444,Furnished,Yes,Yes,No,Yes,24 Hours,Yes,Yes,No,No,No,Yes,No,No,Saket Metro Station,0.91,Gargi College,9.11,Saket District Centre,9.52,2.52,5.16,4.4,21,Yes,2026-08-03,NoBroker,38.29,57.5,52.8,62.2,45.1
PROP_158,2BHK,Fully Furnished 2BHK Apartment in Model Town,Model Town,Delhi,North Delhi,Family,2,2,2,4,10,54500,109000,0.0,2600.0,1206,Furnished,Yes,No,No,Yes,24 Hours,Yes,Yes,No,Yes,No,No,Yes,No,Model Town Metro Station,1.18,Miranda House,7.49,Connaught Place,14.61,1.93,4.54,3.5,48,Yes,2026-07-04,Housing.com,45.19,50.2,45.8,54.1,44.1
PROP_159,1BHK,Fully Furnished 1BHK Apartment in Indirapuram,Indirapuram,Ghaziabad,Ghaziabad,Student,1,1,2,5,15,13500,13000,0.0,1400.0,770,Furnished,No,Yes,Yes,Yes,24 Hours,Yes,Yes,Yes,No,No,No,Yes,No,Vaishali Metro Station,1.38,ABES Engineering College,0.61,Noida Sector 62 IT Park,14.03,1.39,4.17,3.9,51,No,2026-07-28,99acres,17.53,65.3,47.0,56.5,45.0
PROP_160,2BHK,Fully Furnished 2BHK Apartment in Civil Lines,Civil Lines,Delhi,North Delhi,Family,2,2,0,24,0,68000,136000,2700.0,1975.0,1117,Furnished,No,Yes,Yes,No,24 Hours,Yes,Yes,Yes,No,No,Yes,Yes,No,Civil Lines Metro Station,3.14,St. Stephen's College,3.3,Connaught Place,2.26,3.01,3.43,4.4,26,Yes,2026-08-05,NoBroker,60.88,43.6,42.9,49.2,42.3
PROP_161,2BHK,Semi-Furnished 2BHK Apartment in Mukherjee Nagar,Mukherjee Nagar,Delhi,North Delhi,Working Bachelor,2,2,9,12,14,11000,22000,1000.0,1300.0,615,Semi-Furnished,No,Yes,Yes,Yes,12 Hours,No,No,No,No,No,Yes,Yes,Yes,GTB Nagar Metro Station,1.95,SGTB Khalsa College,6.61,Connaught Place,10.03,2.33,5.48,3.8,17,Yes,2026-07-27,MagicBricks,17.89,49.3,44.1,53.7,44.1
PROP_162,1RK,Semi-Furnished 1RK Apartment in Laxmi Nagar,Laxmi Nagar,Delhi,East Delhi,Student,1,1,2,12,10,5000,10000,900.0,600.0,334,Semi-Furnished,No,Yes,Yes,No,24 Hours,Yes,Yes,No,No,Yes,No,No,No,Laxmi Nagar Metro Station,2.79,Shyam Lal College,1.41,Noida Sector 62 IT Park,12.78,0.55,4.65,4.2,3,No,2026-08-07,Housing.com,14.97,52.7,39.6,49.5,47.8
PROP_163,1RK,Fully Furnished 1RK Apartment in Indirapuram,Indirapuram,Ghaziabad,Ghaziabad,Student,1,1,6,24,6,8500,17000,0.0,1200.0,485,Furnished,No,Yes,Yes,No,12 Hours,Yes,No,Yes,Yes,Yes,Yes,No,No,Vaishali Metro Station,0.4,ABES Engineering College,8.75,Noida Sector 62 IT Park,14.54,0.56,3.58,4.7,78,Yes,2026-07-05,MagicBricks,17.53,63.4,57.1,66.9,52.7
PROP_164,3BHK,Fully Furnished 3BHK Apartment in Hauz Khas,Hauz Khas,Delhi,South Delhi,Family,3,2,4,4,15,141000,282000,4800.0,4300.0,2091,Furnished,No,Yes,No,Yes,4 Hours,Yes,Yes,No,Yes,No,No,Yes,No,Hauz Khas Metro Station,2.53,IIT Delhi,0.81,Okhla Industrial Area,11.6,3.54,3.17,3.9,17,Yes,2026-07-05,99acres,67.43,47.6,36.3,41.9,41.7
PROP_165,1RK,Fully Furnished 1RK Apartment in Malviya Nagar,Malviya Nagar,Delhi,South Delhi,Student,1,1,0,4,8,12000,36000,600.0,800.0,303,Furnished,No,Yes,No,Yes,12 Hours,Yes,No,No,No,No,Yes,No,Yes,Malviya Nagar Metro Station,4.11,College of Vocational Studies,8.46,Okhla Industrial Area,8.05,1.66,3.45,3.4,18,Yes,2026-06-30,Housing.com,39.6,45.3,40.5,50.1,45.9
PROP_166,2BHK,Fully Furnished 2BHK Apartment in Saket,Saket,Delhi,South Delhi,Family,2,2,12,12,6,33500,100000,0.0,1400.0,760,Furnished,No,Yes,Yes,No,4 Hours,Yes,No,No,Yes,No,Yes,Yes,Yes,Saket Metro Station,3.49,Gargi College,3.17,Saket District Centre,8.78,0.39,1.86,3.7,32,Yes,2026-08-06,99acres,44.08,47.5,42.0,50.9,59.3
PROP_167,1BHK,Semi-Furnished 1BHK Apartment in Kamla Nagar,Kamla Nagar,Delhi,North Delhi,Working Bachelor,1,1,1,3,3,11000,11000,900.0,1000.0,507,Semi-Furnished,No,Yes,No,Yes,24 Hours,No,No,No,No,No,Yes,Yes,No,Vishwa Vidyalaya Metro Station,2.63,Kirori Mal College,5.83,Connaught Place,10.39,3.47,0.71,3.9,36,Yes,2026-07-06,99acres,21.7,44.2,38.9,48.5,49.7
PROP_168,2BHK,Fully Furnished 2BHK Apartment in Green Park,Green Park,Delhi,South Delhi,Working Professional,2,2,0,4,7,74500,74500,0.0,2400.0,1348,Furnished,Yes,Yes,No,No,12 Hours,Yes,Yes,No,No,No,Yes,Yes,No,Green Park Metro Station,1.69,NIFT Delhi,5.05,Bhikaji Cama Place,7.83,3.44,4.02,4.2,57,Yes,2026-07-08,NoBroker,55.27,45.9,42.9,50.6,44.0
PROP_169,3BHK,Semi-Furnished 3BHK Apartment in Patel Nagar,Patel Nagar,Delhi,West Delhi,Family,3,2,1,4,1,25000,50000,0.0,1900.0,1088,Semi-Furnished,No,Yes,No,Yes,12 Hours,Yes,No,No,No,No,No,Yes,No,Patel Nagar Metro Station,2.88,Kalindi College,5.9,Rajendra Place IT Hub,6.82,3.84,4.29,4.4,75,No,2026-08-04,MagicBricks,22.98,42.8,37.6,46.7,40.8
PROP_170,1BHK,Fully Furnished 1BHK Apartment in Saket,Saket,Delhi,South Delhi,Family,1,1,6,8,8,27500,55000,0.0,1183.0,589,Furnished,No,Yes,Yes,Yes,24 Hours,Yes,Yes,No,No,No,Yes,Yes,No,Saket Metro Station,1.89,Gargi College,4.32,Saket District Centre,0.87,1.18,5.67,4.2,56,Yes,2026-07-26,MagicBricks,46.69,51.1,58.8,62.9,52.2
PROP_171,2BHK,Fully Furnished 2BHK Apartment in Kamla Nagar,Kamla Nagar,Delhi,North Delhi,Family,2,2,3,3,3,20500,41000,2000.0,1800.0,719,Furnished,No,Yes,No,Yes,24 Hours,Yes,Yes,No,No,No,Yes,No,Yes,Vishwa Vidyalaya Metro Station,2.26,Kirori Mal College,6.23,Connaught Place,10.79,0.39,4.22,4.2,80,Yes,2026-07-14,NoBroker,28.51,47.8,42.3,51.7,53.6
PROP_172,1BHK,Fully Furnished 1BHK Apartment in Karol Bagh,Karol Bagh,Delhi,Central Delhi,Student,1,1,19,24,13,12500,12000,0.0,1000.0,364,Furnished,No,Yes,Yes,Yes,12 Hours,Yes,Yes,No,No,No,Yes,Yes,Yes,Karol Bagh Metro Station,2.46,Sri Guru Nanak Dev Khalsa College,7.86,Connaught Place,2.1,4.85,3.78,3.4,69,Yes,2026-07-20,MagicBricks,34.34,50.4,49.9,57.6,41.5
PROP_173,3BHK,Fully Furnished 3BHK Apartment in Greater Kailash,Greater Kailash,Delhi,South Delhi,Working Professional,3,2,0,12,7,90000,90500,4200.0,2600.0,1710,Furnished,No,Yes,Yes,No,4 Hours,Yes,No,Yes,Yes,Yes,Yes,No,No,Kailash Colony Metro Station,1.43,Lady Shri Ram College (LSR),4.75,Nehru Place IT Hub,1.95,4.85,3.58,3.8,54,Yes,2026-07-09,99acres,52.63,48.5,50.9,56.0,44.2
PROP_174,2BHK,Fully Furnished 2BHK Apartment in Noida Sector 62,Noida Sector 62,Noida,Noida,Working Bachelor,2,2,16,24,7,18500,37000,1714.0,1400.0,857,Furnished,Yes,Yes,Yes,Yes,24 Hours,Yes,No,No,No,Yes,Yes,No,No,Noida Sector 62 Metro Station,0.66,JSS Academy of Technical Education,0.43,Noida Sector 62 IT Park,8.04,0.78,1.42,4.7,14,Yes,2026-07-13,NoBroker,21.59,74.7,55.4,64.8,57.8
PROP_175,2BHK,Semi-Furnished 2BHK Apartment in Indirapuram,Indirapuram,Ghaziabad,Ghaziabad,Family,2,2,1,5,15,16000,32000,3300.0,2500.0,1118,Semi-Furnished,Yes,Yes,Yes,Yes,24 Hours,No,Yes,No,Yes,No,Yes,Yes,No,Vaishali Metro Station,1.72,ABES Engineering College,7.74,Noida Sector 62 IT Park,14.05,2.89,3.96,3.5,75,Yes,2026-07-27,NoBroker,14.31,51.9,46.3,55.8,43.4
PROP_176,1RK,Fully Furnished 1RK Apartment in Indirapuram,Indirapuram,Ghaziabad,Ghaziabad,Student,1,1,10,24,9,6000,12000,1000.0,900.0,414,Furnished,No,Yes,Yes,No,12 Hours,Yes,No,No,No,No,No,Yes,No,Vaishali Metro Station,1.8,ABES Engineering College,3.85,Noida Sector 62 IT Park,7.26,1.27,4.45,3.6,71,No,2026-07-20,99acres,14.49,47.8,40.6,50.4,44.2
PROP_177,2BHK,Fully Furnished 2BHK Apartment in Model Town,Model Town,Delhi,North Delhi,Family,2,2,15,24,5,33000,66000,0.0,2200.0,930,Furnished,Yes,Yes,Yes,No,24 Hours,Yes,Yes,Yes,No,No,No,Yes,No,Model Town Metro Station,4.09,Miranda House,5.99,Connaught Place,14.19,2.68,5.66,3.9,85,Yes,2026-08-01,NoBroker,35.48,45.0,39.9,48.9,40.4
PROP_178,3BHK,Semi-Furnished 3BHK Apartment in Malviya Nagar,Malviya Nagar,Delhi,South Delhi,Family,3,2,1,3,11,36500,73000,0.0,2500.0,1244,Semi-Furnished,Yes,Yes,No,Yes,4 Hours,Yes,Yes,No,No,No,No,Yes,Yes,Malviya Nagar Metro Station,2.65,College of Vocational Studies,3.68,Okhla Industrial Area,9.81,2.36,3.9,4.6,4,No,2026-08-04,NoBroker,29.34,49.2,44.0,52.9,46.0
PROP_179,1RK,Semi-Furnished 1RK Apartment in Noida Sector 62,Noida Sector 62,Noida,Noida,Family,1,1,2,4,0,7000,14000,0.0,700.0,404,Semi-Furnished,Yes,Yes,No,No,24 Hours,No,No,No,No,No,Yes,Yes,No,Noida Sector 62 Metro Station,3.09,JSS Academy of Technical Education,3.21,Noida Sector 62 IT Park,14.58,2.69,2.17,4.7,64,Yes,2026-07-27,Housing.com,17.33,45.5,38.9,48.7,45.6
PROP_180,3BHK,Fully Furnished 3BHK Apartment in Indirapuram,Indirapuram,Ghaziabad,Ghaziabad,Family,3,2,1,5,6,28000,56000,3200.0,2900.0,1770,Furnished,Yes,Yes,Yes,Yes,4 Hours,Yes,No,No,No,No,Yes,Yes,No,Vaishali Metro Station,2.73,ABES Engineering College,5.48,Noida Sector 62 IT Park,5.53,3.42,5.83,3.2,77,Yes,2026-07-21,99acres,15.82,46.0,40.9,49.9,43.4
PROP_181,1BHK,Fully Furnished 1BHK Apartment in Golf Course Road,Golf Course Road,Gurugram,Gurugram,Family,1,1,0,20,5,56500,113000,0.0,1200.0,749,Furnished,No,Yes,Yes,Yes,12 Hours,Yes,Yes,No,No,No,Yes,No,No,Sector 42-43 Metro Station,0.76,GD Goenka University,3.57,Golf Course Road Offices,14.05,3.03,1.43,4.6,58,Yes,2026-07-26,MagicBricks,75.43,56.0,51.1,59.3,46.8
PROP_182,1BHK,Fully Furnished 1BHK Apartment in Model Town,Model Town,Delhi,North Delhi,Family,1,1,22,24,7,20000,40000,0.0,1000.0,488,Furnished,No,Yes,Yes,No,12 Hours,Yes,Yes,No,Yes,No,No,No,No,Model Town Metro Station,1.89,Miranda House,5.53,Connaught Place,12.01,3.53,0.58,4.2,27,Yes,2026-07-27,NoBroker,40.98,48.4,42.3,51.6,46.4
PROP_183,2BHK,Semi-Furnished 2BHK Apartment in Shakarpur,Shakarpur,Delhi,East Delhi,Family,2,2,2,3,10,11000,23000,1000.0,1200.0,753,Semi-Furnished,Yes,Yes,No,Yes,4 Hours,Yes,Yes,No,Yes,No,Yes,Yes,Yes,Nirman Vihar Metro Station,2.85,Bhim Rao Ambedkar College,5.78,Noida Sector 62 IT Park,6.52,3.87,4.58,3.7,62,No,2026-07-10,NoBroker,14.61,50.7,45.3,54.9,41.2
PROP_184,1RK,Fully Furnished 1RK Apartment in Knowledge Park,Knowledge Park,Greater Noida,Greater Noida,Family,1,1,24,24,14,7500,15000,938.0,1003.0,469,Furnished,No,Yes,Yes,Yes,12 Hours,Yes,No,No,No,Yes,Yes,Yes,No,Knowledge Park II Metro Station,4.26,Sharda University,3.45,Greater Noida Industrial Area,4.12,2.93,2.99,3.4,47,Yes,2026-07-09,NoBroker,15.99,47.4,41.5,50.9,42.1
PROP_185,3BHK,Fully Furnished 3BHK Apartment in Green Park,Green Park,Delhi,South Delhi,Family,3,2,3,3,15,140500,281000,0.0,3000.0,2128,Furnished,No,No,No,No,12 Hours,Yes,No,No,No,No,Yes,Yes,Yes,Green Park Metro Station,3.43,NIFT Delhi,5.92,Bhikaji Cama Place,11.98,3.67,2.35,4.3,18,No,2026-07-31,99acres,66.02,31.7,30.9,36.5,43.5
PROP_186,3BHK,Semi-Furnished 3BHK Apartment in Laxmi Nagar,Laxmi Nagar,Delhi,East Delhi,Family,3,2,21,24,9,22000,66000,3400.0,2100.0,1230,Semi-Furnished,Yes,Yes,Yes,No,24 Hours,No,No,No,No,No,Yes,Yes,No,Laxmi Nagar Metro Station,2.95,Shyam Lal College,8.75,Noida Sector 62 IT Park,7.49,2.52,2.82,4.3,8,Yes,2026-07-31,NoBroker,17.89,43.3,38.3,47.6,45.3
PROP_187,1BHK,Fully Furnished 1BHK Apartment in Noida Sector 62,Noida Sector 62,Noida,Noida,Student,1,1,18,24,7,9500,19000,916.0,1200.0,458,Furnished,No,Yes,Yes,Yes,4 Hours,Yes,Yes,No,No,No,Yes,Yes,No,Noida Sector 62 Metro Station,1.5,JSS Academy of Technical Education,5.03,Noida Sector 62 IT Park,3.35,0.76,0.78,3.5,69,Yes,2026-07-25,MagicBricks,20.74,54.0,50.4,59.4,61.0
PROP_188,1BHK,Fully Furnished 1BHK Apartment in Golf Course Road,Golf Course Road,Gurugram,Gurugram,Family,1,1,3,5,0,55000,110000,1900.0,2000.0,799,Furnished,No,Yes,Yes,No,12 Hours,Yes,No,No,No,No,Yes,No,Yes,Sector 42-43 Metro Station,4.18,GD Goenka University,2.34,Golf Course Road Offices,10.24,1.75,1.39,3.9,21,No,2026-07-24,Housing.com,68.84,43.8,37.0,45.3,47.8
PROP_189,2BHK,Semi-Furnished 2BHK Apartment in Mayur Vihar,Mayur Vihar,Delhi,East Delhi,Family,2,2,4,12,11,22500,45000,2000.0,1400.0,976,Semi-Furnished,Yes,No,Yes,No,12 Hours,Yes,Yes,No,No,No,No,Yes,Yes,Mayur Vihar 1 Metro Station,2.91,Shaheed Sukhdev College of Business Studies,2.98,Noida Sector 62 IT Park,5.86,4.63,0.93,3.4,9,Yes,2026-08-04,NoBroker,23.05,47.2,40.0,49.2,45.7
PROP_190,3BHK,Semi-Furnished 3BHK Apartment in Knowledge Park,Knowledge Park,Greater Noida,Greater Noida,Family,3,2,1,3,3,16000,32000,4900.0,2261.0,1441,Semi-Furnished,No,Yes,No,No,4 Hours,Yes,No,No,No,No,No,No,No,Knowledge Park II Metro Station,2.43,Sharda University,4.84,Greater Noida Industrial Area,9.93,1.12,0.72,4.4,35,Yes,2026-07-03,99acres,11.1,42.0,35.3,44.8,55.1
PROP_191,1BHK,Fully Furnished 1BHK Apartment in Noida Sector 15,Noida Sector 15,Noida,Noida,Family,1,1,0,5,0,14500,29000,1000.0,1000.0,544,Furnished,No,No,No,No,4 Hours,Yes,Yes,No,No,No,Yes,Yes,Yes,Noida Sector 15 Metro Station,1.77,Amity University Noida,4.63,Noida Sector 16 Commercial Hub,6.29,1.19,2.47,4.6,11,No,2026-08-03,NoBroker,26.65,49.2,44.1,53.6,51.3
PROP_192,1RK,Fully Furnished 1RK Apartment in Golf Course Road,Golf Course Road,Gurugram,Gurugram,Family,1,1,0,24,8,53000,159000,1800.0,1300.0,658,Furnished,No,Yes,Yes,Yes,24 Hours,Yes,No,No,No,Yes,No,Yes,No,Sector 42-43 Metro Station,1.71,GD Goenka University,9.27,Golf Course Road Offices,10.0,0.34,1.46,3.9,47,No,2026-07-05,99acres,80.55,47.9,44.1,52.4,58.5
PROP_193,4BHK,Fully Furnished 4BHK Apartment in Golf Course Road,Golf Course Road,Gurugram,Gurugram,Family,4,4,15,24,8,284500,569000,7454.0,4700.0,3727,Furnished,Yes,No,Yes,Yes,24 Hours,Yes,No,No,No,Yes,Yes,Yes,No,Sector 42-43 Metro Station,3.44,GD Goenka University,4.95,Golf Course Road Offices,6.62,3.37,3.6,4.8,4,Yes,2026-07-04,MagicBricks,76.33,23.0,26.5,27.7,39.9
PROP_194,1BHK,Fully Furnished 1BHK Apartment in Patel Nagar,Patel Nagar,Delhi,West Delhi,Student,1,1,2,5,10,14500,29000,0.0,987.0,458,Furnished,No,No,Yes,No,24 Hours,Yes,Yes,No,Yes,No,Yes,Yes,No,Patel Nagar Metro Station,2.53,Kalindi College,9.41,Rajendra Place IT Hub,14.51,2.64,1.34,4.6,65,Yes,2026-08-12,NoBroker,31.66,47.0,41.9,51.5,47.2
PROP_195,3BHK,Fully Furnished 3BHK Apartment in Dwarka,Dwarka,Delhi,Dwarka,Family,3,2,9,20,12,57500,115000,3300.0,4800.0,2118,Furnished,No,No,Yes,Yes,4 Hours,Yes,Yes,Yes,Yes,No,Yes,Yes,No,Dwarka Sector 10 Metro Station,3.77,Netaji Subhas University of Technology (NSUT),0.98,Gurugram Sector 21 IT Park,14.47,1.53,5.39,3.4,74,No,2026-07-31,Housing.com,27.15,54.0,41.7,49.9,51.3
PROP_196,4BHK,Fully Furnished 4BHK Apartment in Gurugram Sector 45,Gurugram Sector 45,Gurugram,Gurugram,Family,4,4,24,24,9,89000,178000,4200.0,4700.0,2315,Furnished,Yes,Yes,Yes,No,12 Hours,Yes,No,No,No,No,No,Yes,Yes,HUDA City Centre Metro Station,1.07,Ansal University,4.51,Golf Course Road Offices,4.35,2.47,5.01,4.0,77,Yes,2026-07-06,Housing.com,38.44,49.4,46.9,53.8,47.1
PROP_197,2BHK,Fully Furnished 2BHK Apartment in Malviya Nagar,Malviya Nagar,Delhi,South Delhi,Family,2,2,0,5,10,43500,87000,3000.0,1700.0,1025,Furnished,Yes,No,Yes,Yes,12 Hours,Yes,Yes,No,No,No,Yes,No,No,Malviya Nagar Metro Station,3.82,College of Vocational Studies,8.61,Okhla Industrial Area,5.34,3.26,4.52,4.6,29,Yes,2026-08-07,MagicBricks,42.44,44.1,40.6,49.1,42.6
PROP_198,2BHK,Fully Furnished 2BHK Apartment in Noida Sector 137,Noida Sector 137,Noida,Noida,Working Bachelor,2,2,8,20,4,19000,38000,1948.0,2300.0,974,Furnished,No,Yes,Yes,No,12 Hours,Yes,Yes,No,No,Yes,No,Yes,No,Noida Sector 137 Metro Station,0.74,Amity University Noida,3.18,Noida Expressway Offices,14.49,4.32,3.05,3.9,71,Yes,2026-07-18,NoBroker,19.51,59.6,52.9,62.3,44.4
PROP_199,2BHK,Fully Furnished 2BHK Apartment in DLF Phase 3,Dlf Phase 3,Gurugram,Gurugram,Family,2,2,17,24,10,38000,114000,1850.0,1800.0,925,Furnished,Yes,Yes,Yes,Yes,12 Hours,Yes,Yes,Yes,No,No,No,Yes,Yes,Phase 3 Metro Station,2.61,Dronacharya College of Engineering,9.49,DLF Cyber City,11.05,2.3,3.1,4.4,17,No,2026-07-02,Housing.com,41.08,50.6,46.2,55.1,44.4
PROP_200,2BHK,Fully Furnished 2BHK Apartment in Knowledge Park,Knowledge Park,Greater Noida,Greater Noida,Working Bachelor,2,2,1,5,0,14500,29000,0.0,2300.0,1028,Furnished,No,Yes,Yes,Yes,12 Hours,Yes,No,No,Yes,No,No,Yes,Yes,Knowledge Park II Metro Station,1.1,Sharda University,9.86,Greater Noida Industrial Area,9.93,1.83,4.59,4.1,2,No,2026-07-09,MagicBricks,14.11,55.5,49.7,59.3,45.3
PROP_201,2BHK,Fully Furnished 2BHK Apartment in Preet Vihar,Preet Vihar,Delhi,East Delhi,Family,2,2,4,5,4,32500,65000,0.0,2300.0,964,Furnished,No,Yes,Yes,No,12 Hours,Yes,Yes,No,No,No,Yes,No,No,Preet Vihar Metro Station,3.04,Vivekananda College,0.93,Noida Sector 62 IT Park,5.17,0.88,5.77,4.0,51,Yes,2026-07-14,MagicBricks,33.71,52.2,37.8,46.7,47.4
PROP_202,1RK,Fully Furnished 1RK Apartment in Mayur Vihar,Mayur Vihar,Delhi,East Delhi,Student,1,1,0,3,6,8000,16000,0.0,705.0,270,Furnished,No,No,No,No,24 Hours,Yes,Yes,No,No,No,Yes,No,No,Mayur Vihar 1 Metro Station,4.03,Shaheed Sukhdev College of Business Studies,7.21,Noida Sector 62 IT Park,6.21,1.18,1.48,4.3,1,Yes,2026-07-31,MagicBricks,29.63,40.8,34.9,44.6,48.2
PROP_203,3BHK,Fully Furnished 3BHK Apartment in Vasant Kunj,Vasant Kunj,Delhi,South Delhi,Working Professional,3,2,12,20,8,127500,255000,5900.0,3600.0,2078,Furnished,No,No,Yes,No,24 Hours,Yes,Yes,Yes,Yes,Yes,Yes,No,Yes,Chattarpur Metro Station,1.35,Jawaharlal Nehru University (JNU),5.83,Cyber City Gurugram,2.07,0.77,4.99,4.7,11,Yes,2026-08-01,NoBroker,61.36,46.8,50.1,54.2,53.2
PROP_204,1BHK,Semi-Furnished 1BHK Apartment in Knowledge Park,Knowledge Park,Greater Noida,Greater Noida,Family,1,1,3,3,12,8000,16000,1100.0,994.0,596,Semi-Furnished,Yes,Yes,No,No,4 Hours,No,No,No,No,No,Yes,Yes,No,Knowledge Park II Metro Station,3.29,Sharda University,3.42,Greater Noida Industrial Area,1.06,4.53,4.2,3.2,0,Yes,2026-07-08,MagicBricks,13.42,43.8,47.8,53.2,42.5
PROP_205,1BHK,Fully Furnished 1BHK Apartment in Hauz Khas,Hauz Khas,Delhi,South Delhi,Family,1,1,8,20,5,37000,75000,0.0,1600.0,640,Furnished,No,Yes,Yes,Yes,12 Hours,Yes,No,No,No,No,Yes,Yes,No,Hauz Khas Metro Station,0.69,IIT Delhi,5.44,Okhla Industrial Area,4.07,3.62,3.54,4.8,84,Yes,2026-07-15,Housing.com,57.81,57.2,54.1,62.5,45.3
PROP_206,2BHK,Semi-Furnished 2BHK Apartment in Golf Course Road,Golf Course Road,Gurugram,Gurugram,Family,2,2,2,8,13,94500,283000,4000.0,2500.0,1327,Semi-Furnished,Yes,No,Yes,Yes,4 Hours,Yes,Yes,No,No,No,No,Yes,No,Sector 42-43 Metro Station,3.8,GD Goenka University,3.82,Golf Course Road Offices,13.68,2.62,5.02,4.0,22,Yes,2026-07-09,NoBroker,71.21,39.8,36.3,43.4,40.4
PROP_207,2BHK,Fully Furnished 2BHK Apartment in Rohini,Rohini,Delhi,North Delhi,Family,2,2,3,5,0,19000,38000,0.0,2000.0,825,Furnished,No,No,Yes,Yes,4 Hours,Yes,No,No,No,No,No,Yes,Yes,Rohini West Metro Station,4.46,Delhi Technological University (DTU),3.84,Netaji Subhash Place,4.16,3.28,5.9,4.7,3,Yes,2026-08-10,NoBroker,23.03,43.9,38.4,47.5,40.0
PROP_208,1BHK,Fully Furnished 1BHK Apartment in Patel Nagar,Patel Nagar,Delhi,West Delhi,Student,1,1,13,20,10,11500,23000,900.0,1100.0,368,Furnished,Yes,Yes,Yes,Yes,4 Hours,Yes,No,No,Yes,No,Yes,Yes,No,Patel Nagar Metro Station,2.63,Kalindi College,8.68,Rajendra Place IT Hub,0.64,2.64,2.87,4.7,79,Yes,2026-07-04,99acres,31.25,50.0,59.8,63.5,46.3
PROP_209,1BHK,Semi-Furnished 1BHK Apartment in Shakarpur,Shakarpur,Delhi,East Delhi,Student,1,1,3,3,5,7000,14000,900.0,900.0,453,Semi-Furnished,No,Yes,No,Yes,4 Hours,Yes,Yes,No,Yes,No,Yes,Yes,No,Nirman Vihar Metro Station,2.43,Bhim Rao Ambedkar College,6.65,Noida Sector 62 IT Park,8.96,1.41,4.6,3.3,8,Yes,2026-07-05,Housing.com,15.45,49.0,43.4,53.2,46.0
PROP_210,1BHK,Fully Furnished 1BHK Apartment in Hauz Khas,Hauz Khas,Delhi,South Delhi,Family,1,1,14,24,10,39000,79000,900.0,1200.0,626,Furnished,No,Yes,Yes,No,12 Hours,Yes,No,No,No,No,Yes,Yes,No,Hauz Khas Metro Station,2.53,IIT Delhi,2.22,Okhla Industrial Area,7.71,0.96,5.03,4.7,35,Yes,2026-07-06,Housing.com,62.3,47.6,40.4,49.2,50.3
PROP_211,1BHK,Fully Furnished 1BHK Apartment in Laxmi Nagar,Laxmi Nagar,Delhi,East Delhi,Student,1,1,2,5,15,7500,7500,700.0,1000.0,382,Furnished,Yes,Yes,Yes,No,4 Hours,Yes,No,No,No,No,No,No,No,Laxmi Nagar Metro Station,2.25,Shyam Lal College,6.2,Noida Sector 62 IT Park,0.78,2.65,0.84,4.5,79,Yes,2026-07-15,99acres,19.63,46.1,52.8,57.2,47.6
PROP_212,2BHK,Fully Furnished 2BHK Apartment in Shakarpur,Shakarpur,Delhi,East Delhi,Working Professional,2,2,3,12,12,13000,27000,1000.0,1900.0,778,Furnished,Yes,Yes,Yes,Yes,24 Hours,Yes,Yes,No,No,No,No,Yes,Yes,Nirman Vihar Metro Station,1.52,Bhim Rao Ambedkar College,0.46,Noida Sector 62 IT Park,8.96,1.65,3.02,3.4,48,Yes,2026-07-03,99acres,16.71,68.0,48.4,58.0,45.5
PROP_213,1RK,Fully Furnished 1RK Apartment in Golf Course Road,Golf Course Road,Gurugram,Gurugram,Family,1,1,3,3,12,33500,67000,0.0,1100.0,483,Furnished,No,No,No,Yes,24 Hours,Yes,Yes,Yes,No,No,No,No,No,Sector 42-43 Metro Station,1.81,GD Goenka University,6.45,Golf Course Road Offices,6.24,2.65,1.95,3.2,53,Yes,2026-08-01,MagicBricks,69.36,46.9,42.0,50.9,42.6
PROP_214,1BHK,Semi-Furnished 1BHK Apartment in Patel Nagar,Patel Nagar,Delhi,West Delhi,Family,1,1,6,20,5,12000,12000,0.0,706.0,404,Semi-Furnished,Yes,No,Yes,No,4 Hours,No,Yes,No,No,Yes,No,Yes,No,Patel Nagar Metro Station,4.43,Kalindi College,6.14,Rajendra Place IT Hub,2.9,2.56,2.87,3.7,85,No,2026-08-09,MagicBricks,29.7,43.8,40.4,49.1,41.6
PROP_215,1BHK,Fully Furnished 1BHK Apartment in Saket,Saket,Delhi,South Delhi,Student,1,1,1,8,0,14500,29000,0.0,912.0,408,Furnished,No,Yes,Yes,Yes,12 Hours,Yes,No,Yes,No,No,Yes,Yes,No,Saket Metro Station,2.64,Gargi College,0.73,Saket District Centre,1.41,3.89,3.13,3.7,61,Yes,2026-08-12,99acres,35.54,60.3,52.7,59.0,45.1
PROP_216,2BHK,Semi-Furnished 2BHK Apartment in Preet Vihar,Preet Vihar,Delhi,East Delhi,Family,2,2,5,20,12,31000,62000,0.0,1800.0,968,Semi-Furnished,Yes,No,Yes,No,12 Hours,No,No,No,No,No,No,Yes,No,Preet Vihar Metro Station,3.84,Vivekananda College,5.86,Noida Sector 62 IT Park,14.67,4.0,5.0,3.9,53,No,2026-07-11,MagicBricks,32.02,39.0,33.5,42.5,38.3
PROP_217,1BHK,Fully Furnished 1BHK Apartment in Knowledge Park,Knowledge Park,Greater Noida,Greater Noida,Student,1,1,3,4,4,6500,13000,0.0,1500.0,617,Furnished,No,Yes,No,No,24 Hours,Yes,Yes,Yes,No,No,Yes,Yes,No,Knowledge Park II Metro Station,3.17,Sharda University,3.21,Greater Noida Industrial Area,6.12,1.2,2.74,4.2,61,Yes,2026-07-01,Housing.com,10.53,47.4,40.5,50.2,48.8
PROP_218,2BHK,Fully Furnished 2BHK Apartment in Kamla Nagar,Kamla Nagar,Delhi,North Delhi,Working Bachelor,2,2,1,24,10,19500,39000,1400.0,1293.0,662,Furnished,Yes,Yes,Yes,Yes,4 Hours,Yes,Yes,No,No,Yes,No,Yes,Yes,Vishwa Vidyalaya Metro Station,0.28,Kirori Mal College,6.13,Connaught Place,10.39,3.5,5.82,3.3,61,Yes,2026-07-20,NoBroker,29.46,68.3,62.8,72.2,42.8
PROP_219,2BHK,Semi-Furnished 2BHK Apartment in Preet Vihar,Preet Vihar,Delhi,East Delhi,Family,2,2,2,20,2,41000,82000,2000.0,1800.0,1197,Semi-Furnished,Yes,Yes,Yes,Yes,24 Hours,No,Yes,No,Yes,No,Yes,Yes,Yes,Preet Vihar Metro Station,0.15,Vivekananda College,0.88,Noida Sector 62 IT Park,5.17,0.74,2.68,4.2,1,Yes,2026-07-24,NoBroker,34.25,77.2,63.3,71.8,56.6
PROP_221,1BHK,Semi-Furnished 1BHK Apartment in Dwarka,Dwarka,Delhi,Dwarka,Family,1,1,3,8,11,13000,26000,2000.0,1010.0,607,Semi-Furnished,No,No,Yes,No,4 Hours,No,No,No,No,No,No,Yes,No,Dwarka Sector 10 Metro Station,2.19,Netaji Subhas University of Technology (NSUT),6.44,Gurugram Sector 21 IT Park,5.39,4.46,4.91,3.8,50,Yes,2026-07-08,Housing.com,21.42,43.7,38.9,48.3,41.4
PROP_222,4BHK,Fully Furnished 4BHK Apartment in Patel Nagar,Patel Nagar,Delhi,West Delhi,Family,4,4,1,15,1,61500,123000,3600.0,3100.0,2072,Furnished,No,Yes,Yes,No,24 Hours,Yes,No,Yes,No,Yes,Yes,No,No,Patel Nagar Metro Station,0.2,Kalindi College,5.9,Rajendra Place IT Hub,11.55,1.02,5.81,3.9,69,Yes,2026-08-08,99acres,29.68,61.3,57.0,65.1,53.8
PROP_223,2BHK,Semi-Furnished 2BHK Apartment in DLF Phase 3,Dlf Phase 3,Gurugram,Gurugram,Family,2,2,3,12,15,31000,62000,0.0,1000.0,814,Semi-Furnished,Yes,Yes,Yes,No,12 Hours,Yes,No,No,No,Yes,Yes,No,No,Phase 3 Metro Station,4.33,Dronacharya College of Engineering,6.96,DLF Cyber City,8.67,3.3,0.67,4.4,2,Yes,2026-07-21,Housing.com,38.08,44.5,39.9,48.9,49.7
PROP_224,3BHK,Fully Furnished 3BHK Apartment in Mayur Vihar,Mayur Vihar,Delhi,East Delhi,Family,3,2,7,12,4,42500,85000,2500.0,2400.0,1253,Furnished,Yes,Yes,Yes,Yes,24 Hours,Yes,No,No,No,Yes,Yes,Yes,Yes,Mayur Vihar 1 Metro Station,2.45,Shaheed Sukhdev College of Business Studies,7.86,Noida Sector 62 IT Park,8.52,1.97,2.7,4.1,23,Yes,2026-07-24,NoBroker,33.92,48.6,44.2,52.8,46.0
PROP_225,2BHK,Fully Furnished 2BHK Apartment in Rajinder Nagar,Rajinder Nagar,Delhi,Central Delhi,Family,2,2,17,20,12,29000,29000,0.0,1500.0,688,Furnished,No,No,Yes,No,24 Hours,Yes,Yes,No,No,No,Yes,Yes,No,Rajendra Place Metro Station,1.05,Venkateshwara College,3.76,Rajendra Place IT Hub,11.38,1.98,3.67,4.5,17,Yes,2026-07-19,NoBroker,42.15,52.6,47.0,56.1,46.0
PROP_226,2BHK,Semi-Furnished 2BHK Apartment in Preet Vihar,Preet Vihar,Delhi,East Delhi,Family,2,2,3,3,2,34000,34000,3300.0,1900.0,1062,Semi-Furnished,Yes,Yes,No,No,4 Hours,No,Yes,No,Yes,No,No,Yes,Yes,Preet Vihar Metro Station,3.63,Vivekananda College,5.98,Noida Sector 62 IT Park,5.17,2.46,2.77,4.1,85,Yes,2026-08-04,Housing.com,32.02,43.4,38.4,47.2,41.9
PROP_227,1BHK,Fully Furnished 1BHK Apartment in Indirapuram,Indirapuram,Ghaziabad,Ghaziabad,Student,1,1,2,24,7,10500,10500,0.0,1200.0,644,Furnished,No,No,Yes,No,4 Hours,Yes,No,No,No,No,No,Yes,No,Vaishali Metro Station,1.54,ABES Engineering College,5.24,Noida Sector 62 IT Park,7.73,3.68,2.61,4.8,38,Yes,2026-08-07,NoBroker,16.3,46.6,40.2,49.8,40.3
PROP_228,1RK,Semi-Furnished 1RK Apartment in Shakarpur,Shakarpur,Delhi,East Delhi,Student,1,1,7,8,15,5000,10000,800.0,400.0,248,Semi-Furnished,No,Yes,Yes,Yes,12 Hours,Yes,No,Yes,No,No,Yes,No,No,Nirman Vihar Metro Station,2.17,Bhim Rao Ambedkar College,0.62,Noida Sector 62 IT Park,8.96,4.25,4.17,4.8,45,Yes,2026-08-11,NoBroker,20.16,61.1,42.9,52.7,37.8
PROP_229,2BHK,Fully Furnished 2BHK Apartment in Laxmi Nagar,Laxmi Nagar,Delhi,East Delhi,Family,2,2,10,20,5,13500,27000,1000.0,1500.0,838,Furnished,No,Yes,Yes,Yes,12 Hours,Yes,Yes,Yes,Yes,No,Yes,Yes,Yes,Laxmi Nagar Metro Station,3.13,Shyam Lal College,5.92,Noida Sector 62 IT Park,10.92,2.29,1.0,4.3,85,Yes,2026-06-29,NoBroker,16.11,51.5,46.0,55.5,49.9
PROP_230,3BHK,Fully Furnished 3BHK Apartment in Noida Sector 137,Noida Sector 137,Noida,Noida,Family,3,2,4,15,1,37000,74000,3000.0,3070.0,1847,Furnished,No,Yes,No,No,24 Hours,Yes,No,No,No,No,Yes,Yes,No,Noida Sector 137 Metro Station,2.01,Amity University Noida,9.51,Noida Expressway Offices,12.1,2.38,3.46,4.1,68,No,2026-08-11,99acres,20.03,44.1,40.0,48.8,49.1
PROP_231,2BHK,Fully Furnished 2BHK Apartment in Rajinder Nagar,Rajinder Nagar,Delhi,Central Delhi,Working Bachelor,2,2,0,20,13,24000,24000,0.0,1600.0,799,Furnished,Yes,No,Yes,Yes,4 Hours,Yes,Yes,No,No,No,Yes,Yes,Yes,Rajendra Place Metro Station,0.45,Venkateshwara College,6.57,Rajendra Place IT Hub,6.63,0.3,1.04,4.5,33,Yes,2026-07-02,99acres,30.04,63.3,58.6,67.8,65.5
PROP_232,3BHK,Fully Furnished 3BHK Apartment in Rajinder Nagar,Rajinder Nagar,Delhi,Central Delhi,Family,3,2,16,24,3,49500,49000,2500.0,3200.0,1489,Furnished,Yes,No,Yes,Yes,4 Hours,Yes,No,No,Yes,No,Yes,Yes,No,Rajendra Place Metro Station,0.56,Venkateshwara College,5.27,Rajendra Place IT Hub,12.27,1.98,1.38,4.3,75,Yes,2026-07-30,Housing.com,33.24,58.2,53.9,62.4,53.2
PROP_233,2BHK,Fully Furnished 2BHK Apartment in Rohini,Rohini,Delhi,North Delhi,Family,2,2,4,4,1,15500,31000,0.0,1900.0,851,Furnished,No,Yes,No,Yes,24 Hours,Yes,No,No,No,No,No,No,Yes,Rohini West Metro Station,3.35,Delhi Technological University (DTU),4.25,Netaji Subhash Place,0.88,1.57,1.35,3.4,17,No,2026-07-21,MagicBricks,18.21,43.9,49.6,54.2,50.1
PROP_234,2BHK,Fully Furnished 2BHK Apartment in Laxmi Nagar,Laxmi Nagar,Delhi,East Delhi,Family,2,2,8,15,1,11000,22000,0.0,1100.0,628,Furnished,Yes,No,Yes,Yes,12 Hours,Yes,Yes,Yes,Yes,No,Yes,Yes,No,Laxmi Nagar Metro Station,3.1,Shyam Lal College,8.79,Noida Sector 62 IT Park,8.86,3.7,5.1,4.0,30,Yes,2026-07-05,Housing.com,17.52,50.1,44.7,54.3,40.6
PROP_235,2BHK,Fully Furnished 2BHK Apartment in Janakpuri,Janakpuri,Delhi,West Delhi,Family,2,2,0,8,2,35000,70000,0.0,2163.0,1242,Furnished,No,No,No,No,4 Hours,Yes,Yes,No,Yes,No,Yes,Yes,No,Janakpuri West Metro Station,3.87,Bhaskaracharya College,6.27,Janakpuri District Centre,6.14,1.1,4.1,4.8,31,Yes,2026-07-17,MagicBricks,28.18,41.5,37.1,46.0,49.9
PROP_236,1BHK,Fully Furnished 1BHK Apartment in Kamla Nagar,Kamla Nagar,Delhi,North Delhi,Student,1,1,2,12,15,12000,25000,0.0,1300.0,476,Furnished,No,Yes,Yes,Yes,24 Hours,Yes,No,No,No,No,Yes,Yes,Yes,Vishwa Vidyalaya Metro Station,2.63,Kirori Mal College,6.78,Connaught Place,8.56,3.15,4.85,4.1,23,Yes,2026-08-04,MagicBricks,25.21,48.5,43.3,52.9,41.7
PROP_237,1RK,Fully Furnished 1RK Apartment in Vasant Kunj,Vasant Kunj,Delhi,South Delhi,Family,1,1,8,8,10,24000,48000,0.0,1074.0,516,Furnished,No,No,Yes,Yes,24 Hours,Yes,No,No,Yes,No,Yes,Yes,Yes,Chattarpur Metro Station,4.14,Jawaharlal Nehru University (JNU),4.27,Cyber City Gurugram,14.87,3.29,5.37,4.7,11,Yes,2026-07-05,MagicBricks,46.51,46.8,41.9,51.2,42.4
PROP_238,2BHK,Semi-Furnished 2BHK Apartment in Civil Lines,Civil Lines,Delhi,North Delhi,Family,2,2,0,5,3,60000,120000,0.0,2800.0,1395,Semi-Furnished,No,Yes,Yes,Yes,4 Hours,Yes,Yes,No,No,No,Yes,Yes,No,Civil Lines Metro Station,0.78,St. Stephen's College,0.91,Connaught Place,13.57,2.47,0.34,3.8,68,Yes,2026-08-07,MagicBricks,43.01,64.0,50.7,58.8,56.8
PROP_239,2BHK,Semi-Furnished 2BHK Apartment in Karol Bagh,Karol Bagh,Delhi,Central Delhi,Working Bachelor,2,2,9,12,6,21500,43000,2500.0,1300.0,834,Semi-Furnished,No,Yes,Yes,No,4 Hours,Yes,Yes,No,No,Yes,Yes,No,No,Karol Bagh Metro Station,2.05,Sri Guru Nanak Dev Khalsa College,5.66,Connaught Place,5.42,2.78,1.78,3.8,17,Yes,2026-07-17,Housing.com,25.78,48.6,43.3,52.5,44.8
PROP_240,1RK,Fully Furnished 1RK Apartment in Knowledge Park,Knowledge Park,Greater Noida,Greater Noida,Family,1,1,0,4,6,5000,5000,1200.0,1100.0,421,Furnished,No,Yes,No,No,4 Hours,Yes,No,No,No,No,Yes,Yes,No,Knowledge Park II Metro Station,1.36,Sharda University,5.37,Greater Noida Industrial Area,11.64,0.92,3.38,3.7,79,Yes,2026-07-20,Housing.com,11.88,49.7,43.9,53.7,50.7
PROP_241,4BHK,Semi-Furnished 4BHK Apartment in Janakpuri,Janakpuri,Delhi,West Delhi,Family,4,4,0,3,15,50000,101000,0.0,4000.0,2514,Semi-Furnished,Yes,Yes,No,No,4 Hours,No,Yes,No,No,No,No,No,Yes,Janakpuri West Metro Station,4.33,Bhaskaracharya College,6.54,Janakpuri District Centre,8.44,2.83,5.32,3.6,24,Yes,2026-07-11,MagicBricks,19.89,39.2,34.2,42.6,43.5
PROP_242,2BHK,Semi-Furnished 2BHK Apartment in Rohini,Rohini,Delhi,North Delhi,Family,2,2,9,20,12,14000,42000,0.0,1100.0,841,Semi-Furnished,Yes,No,Yes,No,12 Hours,No,Yes,No,No,No,Yes,No,No,Rohini West Metro Station,3.75,Delhi Technological University (DTU),2.97,Netaji Subhash Place,11.02,0.84,3.78,4.4,43,Yes,2026-07-26,NoBroker,16.65,44.3,36.9,46.4,49.7
PROP_243,2BHK,Fully Furnished 2BHK Apartment in Civil Lines,Civil Lines,Delhi,North Delhi,Working Professional,2,2,0,8,13,58000,116000,0.0,2200.0,1065,Furnished,No,No,Yes,No,12 Hours,Yes,No,Yes,No,No,Yes,No,No,Civil Lines Metro Station,1.18,St. Stephen's College,3.96,Connaught Place,7.35,3.57,3.43,3.7,76,Yes,2026-08-13,NoBroker,54.46,47.7,42.7,50.9,40.8
PROP_244,2BHK,Fully Furnished 2BHK Apartment in Rohini,Rohini,Delhi,North Delhi,Family,2,2,10,15,13,16500,33000,1000.0,1500.0,728,Furnished,Yes,No,Yes,No,12 Hours,Yes,No,No,No,No,Yes,Yes,No,Rohini West Metro Station,3.95,Delhi Technological University (DTU),0.84,Netaji Subhash Place,13.33,1.93,3.69,4.2,3,Yes,2026-08-09,99acres,22.66,53.2,38.0,47.5,45.2
PROP_245,3BHK,Fully Furnished 3BHK Apartment in Patel Nagar,Patel Nagar,Delhi,West Delhi,Family,3,2,24,24,6,42500,85000,0.0,1700.0,1236,Furnished,Yes,Yes,Yes,Yes,4 Hours,Yes,Yes,No,No,No,No,Yes,No,Patel Nagar Metro Station,4.46,Kalindi College,5.95,Rajendra Place IT Hub,2.9,3.83,2.87,4.3,80,Yes,2026-07-02,99acres,34.39,43.9,41.5,49.2,41.4
PROP_246,1RK,Fully Furnished 1RK Apartment in Vasant Kunj,Vasant Kunj,Delhi,South Delhi,Family,1,1,1,8,5,26000,52000,0.0,1400.0,525,Furnished,No,Yes,Yes,Yes,12 Hours,Yes,No,No,No,No,Yes,No,No,Chattarpur Metro Station,2.39,Jawaharlal Nehru University (JNU),2.44,Cyber City Gurugram,10.22,3.09,2.36,3.6,66,Yes,2026-07-26,MagicBricks,49.52,49.6,42.3,51.5,44.2
PROP_247,2BHK,Fully Furnished 2BHK Apartment in Janakpuri,Janakpuri,Delhi,West Delhi,Family,2,2,13,24,3,29500,29500,0.0,1600.0,1140,Furnished,No,No,Yes,Yes,12 Hours,Yes,No,No,No,No,No,Yes,Yes,Janakpuri West Metro Station,2.74,Bhaskaracharya College,9.1,Janakpuri District Centre,6.14,4.99,0.97,4.9,49,Yes,2026-08-08,NoBroker,25.88,44.1,39.1,48.2,46.6
PROP_248,2BHK,Fully Furnished 2BHK Apartment in Green Park,Green Park,Delhi,South Delhi,Family,2,2,14,24,14,63500,63000,0.0,1900.0,1131,Furnished,Yes,Yes,Yes,No,4 Hours,Yes,No,Yes,No,No,No,No,No,Green Park Metro Station,2.12,NIFT Delhi,9.38,Bhikaji Cama Place,10.28,1.46,2.35,3.5,58,Yes,2026-07-24,99acres,56.15,44.7,40.9,48.9,47.0
PROP_249,3BHK,Semi-Furnished 3BHK Apartment in Knowledge Park,Knowledge Park,Greater Noida,Greater Noida,Family,3,2,7,8,2,20500,41000,3932.0,2600.0,1966,Semi-Furnished,No,Yes,Yes,No,24 Hours,Yes,Yes,No,No,No,Yes,Yes,No,Knowledge Park II Metro Station,4.18,Sharda University,9.08,Greater Noida Industrial Area,11.24,2.6,3.23,4.8,9,Yes,2026-07-04,MagicBricks,10.43,43.5,38.4,47.7,47.4
PROP_250,1BHK,Fully Furnished 1BHK Apartment in DLF Phase 3,Dlf Phase 3,Gurugram,Gurugram,Student,1,1,23,24,0,15000,30000,500.0,800.0,385,Furnished,No,Yes,Yes,Yes,24 Hours,Yes,No,No,No,Yes,Yes,Yes,No,Phase 3 Metro Station,0.48,Dronacharya College of Engineering,4.12,DLF Cyber City,13.17,1.96,4.73,4.1,57,No,2026-07-19,NoBroker,38.96,63.9,58.6,68.1,48.5
PROP_251,1BHK,Semi-Furnished 1BHK Apartment in DLF Phase 3,Dlf Phase 3,Gurugram,Gurugram,Working Bachelor,1,1,8,8,13,16000,32000,1120.0,1100.0,560,Semi-Furnished,No,Yes,Yes,No,4 Hours,No,No,No,No,No,Yes,Yes,No,Phase 3 Metro Station,0.96,Dronacharya College of Engineering,7.76,DLF Cyber City,10.02,0.33,3.81,3.7,9,No,2026-07-04,Housing.com,28.57,53.1,48.6,58.1,59.7
PROP_252,1BHK,Fully Furnished 1BHK Apartment in Noida Sector 15,Noida Sector 15,Noida,Noida,Student,1,1,12,15,12,10500,21000,1000.0,1200.0,500,Furnished,No,Yes,Yes,Yes,4 Hours,Yes,No,No,No,Yes,No,Yes,No,Noida Sector 15 Metro Station,3.11,Amity University Noida,7.47,Noida Sector 16 Commercial Hub,12.78,3.99,5.03,3.6,24,Yes,2026-07-23,Housing.com,21.0,47.1,41.7,51.3,39.9
PROP_253,2BHK,Fully Furnished 2BHK Apartment in Green Park,Green Park,Delhi,South Delhi,Family,2,2,3,3,8,64500,64500,0.0,1800.0,982,Furnished,No,Yes,No,No,12 Hours,Yes,Yes,No,No,No,No,Yes,No,Green Park Metro Station,2.66,NIFT Delhi,5.05,Bhikaji Cama Place,1.05,4.23,1.5,3.7,41,Yes,2026-07-24,99acres,65.68,41.3,48.5,52.2,46.9
PROP_254,2BHK,Fully Furnished 2BHK Apartment in Rohini,Rohini,Delhi,North Delhi,Working Bachelor,2,2,4,4,15,17000,17000,1000.0,1500.0,709,Furnished,Yes,No,No,Yes,4 Hours,Yes,Yes,No,No,No,No,Yes,Yes,Rohini West Metro Station,2.76,Delhi Technological University (DTU),7.15,Netaji Subhash Place,7.87,4.92,3.69,3.7,80,Yes,2026-07-21,99acres,23.98,46.7,41.2,50.7,39.5
PROP_255,1BHK,Fully Furnished 1BHK Apartment in Rohini,Rohini,Delhi,North Delhi,Family,1,1,2,4,10,9000,9000,1100.0,1100.0,411,Furnished,Yes,Yes,No,Yes,4 Hours,Yes,No,No,No,No,Yes,Yes,No,Rohini West Metro Station,2.76,Delhi Technological University (DTU),1.75,Netaji Subhash Place,0.59,1.96,3.24,4.5,21,No,2026-07-31,MagicBricks,21.9,51.8,57.3,60.8,48.1
PROP_256,2BHK,Fully Furnished 2BHK Apartment in Kamla Nagar,Kamla Nagar,Delhi,North Delhi,Family,2,2,3,4,5,19000,38000,1400.0,1600.0,783,Furnished,No,Yes,No,No,4 Hours,Yes,Yes,No,No,No,Yes,No,Yes,Vishwa Vidyalaya Metro Station,3.26,Kirori Mal College,9.62,Connaught Place,9.86,1.04,2.91,3.6,56,Yes,2026-07-08,NoBroker,24.27,44.1,38.7,48.1,48.5
PROP_257,3BHK,Fully Furnished 3BHK Apartment in Greater Kailash,Greater Kailash,Delhi,South Delhi,Family,3,2,9,15,8,122500,245000,0.0,3600.0,1953,Furnished,Yes,Yes,Yes,Yes,12 Hours,Yes,No,No,No,No,Yes,Yes,Yes,Kailash Colony Metro Station,1.56,Lady Shri Ram College (LSR),1.87,Nehru Place IT Hub,6.24,3.4,3.7,4.5,63,Yes,2026-07-13,99acres,62.72,49.2,43.7,49.9,43.8
PROP_258,3BHK,Fully Furnished 3BHK Apartment in Patel Nagar,Patel Nagar,Delhi,West Delhi,Family,3,2,11,24,6,37000,74000,2900.0,2300.0,1223,Furnished,No,Yes,Yes,No,24 Hours,Yes,Yes,No,No,Yes,Yes,No,Yes,Patel Nagar Metro Station,2.93,Kalindi College,5.9,Rajendra Place IT Hub,13.94,4.72,4.57,4.3,11,Yes,2026-07-27,NoBroker,30.25,46.1,41.1,50.0,39.9
PROP_259,2BHK,Fully Furnished 2BHK Apartment in Gurugram Sector 56,Gurugram Sector 56,Gurugram,Gurugram,Working Professional,2,2,0,5,3,26000,52000,0.0,1683.0,922,Furnished,No,Yes,Yes,No,4 Hours,Yes,Yes,No,No,No,Yes,No,Yes,Sector 56 Metro Station,0.88,IILM University,1.17,Golf Course Road Offices,0.83,2.88,2.55,4.1,43,No,2026-08-05,NoBroker,28.2,64.3,64.6,68.7,49.1
PROP_260,2BHK,Semi-Furnished 2BHK Apartment in Knowledge Park,Knowledge Park,Greater Noida,Greater Noida,Family,2,2,11,15,12,7500,7000,1900.0,1300.0,831,Semi-Furnished,Yes,Yes,Yes,No,24 Hours,Yes,No,Yes,No,Yes,Yes,Yes,No,Knowledge Park II Metro Station,1.91,Sharda University,1.56,Greater Noida Industrial Area,12.97,2.75,5.69,3.4,40,Yes,2026-07-01,MagicBricks,9.03,58.0,46.7,56.5,43.3
PROP_261,2BHK,Semi-Furnished 2BHK Apartment in Preet Vihar,Preet Vihar,Delhi,East Delhi,Family,2,2,0,3,1,27500,55000,0.0,1700.0,972,Semi-Furnished,Yes,No,No,Yes,4 Hours,Yes,Yes,No,No,No,No,Yes,No,Preet Vihar Metro Station,4.39,Vivekananda College,7.13,Noida Sector 62 IT Park,7.22,1.14,0.54,4.0,31,Yes,2026-07-23,MagicBricks,28.29,41.8,36.4,45.5,55.1
PROP_262,1RK,Fully Furnished 1RK Apartment in Dwarka,Dwarka,Delhi,Dwarka,Family,1,1,5,20,14,8000,24000,0.0,1000.0,356,Furnished,No,No,Yes,Yes,4 Hours,Yes,No,Yes,No,No,Yes,Yes,No,Dwarka Sector 10 Metro Station,0.32,Netaji Subhas University of Technology (NSUT),6.01,Gurugram Sector 21 IT Park,10.16,0.8,1.74,3.2,83,Yes,2026-07-10,MagicBricks,22.47,64.8,59.9,69.6,59.1
PROP_263,3BHK,Semi-Furnished 3BHK Apartment in Dwarka,Dwarka,Delhi,Dwarka,Family,3,2,3,4,12,45500,91000,3500.0,3400.0,1868,Semi-Furnished,No,Yes,No,Yes,12 Hours,No,Yes,No,No,No,Yes,Yes,No,Dwarka Sector 10 Metro Station,3.65,Netaji Subhas University of Technology (NSUT),0.95,Gurugram Sector 21 IT Park,7.69,1.47,5.34,4.6,84,Yes,2026-07-15,MagicBricks,24.36,51.0,38.1,46.6,51.4
PROP_264,2BHK,Fully Furnished 2BHK Apartment in Rajinder Nagar,Rajinder Nagar,Delhi,Central Delhi,Family,2,2,0,5,2,31000,63000,0.0,1700.0,868,Furnished,No,Yes,Yes,No,4 Hours,Yes,No,No,No,No,Yes,Yes,No,Rajendra Place Metro Station,2.03,Venkateshwara College,0.41,Rajendra Place IT Hub,3.0,4.1,1.78,3.3,60,Yes,2026-08-02,NoBroker,35.71,59.9,43.3,51.4,45.4
PROP_265,4BHK,Fully Furnished 4BHK Apartment in Mayur Vihar,Mayur Vihar,Delhi,East Delhi,Family,4,4,12,12,2,75500,75500,0.0,5100.0,2544,Furnished,No,Yes,Yes,Yes,4 Hours,Yes,Yes,No,No,Yes,No,No,No,Mayur Vihar 1 Metro Station,1.79,Shaheed Sukhdev College of Business Studies,4.68,Noida Sector 62 IT Park,4.34,3.14,0.45,4.0,39,Yes,2026-08-13,NoBroker,29.68,44.9,40.8,48.2,52.0
PROP_266,1RK,Semi-Furnished 1RK Apartment in Green Park,Green Park,Delhi,South Delhi,Family,1,1,19,24,2,25000,50000,0.0,900.0,421,Semi-Furnished,No,Yes,Yes,Yes,12 Hours,No,No,No,No,No,Yes,Yes,No,Green Park Metro Station,1.86,NIFT Delhi,7.86,Bhikaji Cama Place,10.65,3.44,2.35,4.8,38,Yes,2026-08-06,MagicBricks,59.38,47.9,43.6,52.8,44.8
PROP_267,3BHK,Fully Furnished 3BHK Apartment in Dwarka,Dwarka,Delhi,Dwarka,Family,3,2,1,12,14,55500,55500,6000.0,3000.0,2051,Furnished,Yes,No,Yes,No,4 Hours,Yes,No,No,No,Yes,Yes,Yes,No,Dwarka Sector 10 Metro Station,0.59,Netaji Subhas University of Technology (NSUT),6.25,Gurugram Sector 21 IT Park,10.97,3.46,4.12,4.4,61,No,2026-06-30,Housing.com,27.06,56.6,53.2,61.4,49.7
PROP_268,1BHK,Fully Furnished 1BHK Apartment in Vasant Kunj,Vasant Kunj,Delhi,South Delhi,Family,1,1,8,12,8,32500,32500,1000.0,1500.0,620,Furnished,Yes,No,Yes,No,12 Hours,Yes,Yes,No,Yes,Yes,Yes,Yes,No,Chattarpur Metro Station,3.48,Jawaharlal Nehru University (JNU),9.66,Cyber City Gurugram,6.45,2.63,3.77,3.9,31,No,2026-07-28,Housing.com,52.42,47.5,43.7,52.6,44.0
PROP_269,1BHK,Semi-Furnished 1BHK Apartment in Karol Bagh,Karol Bagh,Delhi,Central Delhi,Family,1,1,3,4,0,14000,28000,1100.0,1000.0,501,Semi-Furnished,Yes,Yes,No,Yes,4 Hours,No,No,No,Yes,No,No,Yes,Yes,Karol Bagh Metro Station,2.05,Sri Guru Nanak Dev Khalsa College,7.92,Connaught Place,0.7,2.41,2.84,4.9,52,Yes,2026-07-04,Housing.com,27.94,49.1,57.8,61.6,45.4
PROP_270,4BHK,Fully Furnished 4BHK Apartment in Noida Sector 62,Noida Sector 62,Noida,Noida,Family,4,4,5,12,8,52500,52500,8000.0,5000.0,2814,Furnished,Yes,Yes,Yes,Yes,24 Hours,Yes,Yes,No,No,No,Yes,No,No,Noida Sector 62 Metro Station,2.25,JSS Academy of Technical Education,5.03,Noida Sector 62 IT Park,13.08,2.86,2.46,3.5,9,No,2026-06-29,MagicBricks,18.66,47.1,42.6,51.0,50.0
PROP_271,1BHK,Fully Furnished 1BHK Apartment in Dwarka,Dwarka,Delhi,Dwarka,Student,1,1,4,4,2,14500,29000,0.0,1400.0,594,Furnished,No,Yes,No,No,24 Hours,Yes,Yes,No,Yes,No,No,Yes,No,Dwarka Sector 10 Metro Station,0.17,Netaji Subhas University of Technology (NSUT),6.96,Gurugram Sector 21 IT Park,7.69,4.04,4.12,3.6,76,Yes,2026-07-12,99acres,24.41,65.5,60.5,70.0,45.2
PROP_272,3BHK,Fully Furnished 3BHK Apartment in Hauz Khas,Hauz Khas,Delhi,South Delhi,Working Professional,3,2,8,20,5,108500,108500,5700.0,3195.0,1930,Furnished,Yes,No,Yes,Yes,4 Hours,Yes,Yes,No,Yes,No,No,No,Yes,Hauz Khas Metro Station,0.3,IIT Delhi,1.43,Okhla Industrial Area,3.18,2.12,3.17,3.3,66,Yes,2026-07-20,MagicBricks,56.22,64.9,58.1,64.0,47.2
PROP_273,2BHK,Fully Furnished 2BHK Apartment in Pari Chowk,Pari Chowk,Greater Noida,Greater Noida,Working Professional,2,2,6,12,4,19500,58500,3800.0,2800.0,1289,Furnished,Yes,Yes,Yes,Yes,4 Hours,Yes,Yes,No,No,No,Yes,Yes,No,Pari Chowk Metro Station,1.96,Galgotias University,4.58,Greater Noida Industrial Area,0.69,3.31,5.52,3.7,11,Yes,2026-07-26,MagicBricks,15.13,51.4,60.1,63.8,46.5
PROP_274,2BHK,Semi-Furnished 2BHK Apartment in Greater Kailash,Greater Kailash,Delhi,South Delhi,Family,2,2,3,4,15,69000,139000,3000.0,2200.0,1248,Semi-Furnished,No,Yes,No,Yes,24 Hours,No,Yes,Yes,Yes,No,No,Yes,No,Kailash Colony Metro Station,1.56,Lady Shri Ram College (LSR),9.81,Nehru Place IT Hub,8.79,2.66,5.66,4.5,46,Yes,2026-08-06,Housing.com,55.29,47.8,44.7,52.5,43.7
PROP_275,1BHK,Semi-Furnished 1BHK Apartment in Rohini,Rohini,Delhi,North Delhi,Family,1,1,11,12,11,8000,16000,0.0,800.0,391,Semi-Furnished,No,Yes,Yes,Yes,12 Hours,No,Yes,Yes,No,No,No,Yes,Yes,Rohini West Metro Station,1.9,Delhi Technological University (DTU),9.52,Netaji Subhash Place,7.87,1.21,1.08,4.6,60,No,2026-07-09,99acres,20.46,51.7,46.0,55.8,52.1
PROP_276,2BHK,Fully Furnished 2BHK Apartment in Gurugram Sector 56,Gurugram Sector 56,Gurugram,Gurugram,Working Bachelor,2,2,4,4,11,24000,48000,1848.0,1400.0,924,Furnished,No,No,No,Yes,24 Hours,Yes,No,No,Yes,No,Yes,Yes,No,Sector 56 Metro Station,0.12,IILM University,4.99,Golf Course Road Offices,13.64,2.87,4.03,4.7,73,Yes,2026-06-30,99acres,25.97,65.3,60.7,70.0,49.4
PROP_277,2BHK,Semi-Furnished 2BHK Apartment in Dwarka,Dwarka,Delhi,Dwarka,Family,2,2,0,4,8,24000,48000,0.0,2100.0,1039,Semi-Furnished,Yes,Yes,No,No,12 Hours,No,No,No,No,No,Yes,No,Yes,Dwarka Sector 10 Metro Station,2.07,Netaji Subhas University of Technology (NSUT),6.25,Gurugram Sector 21 IT Park,3.68,3.65,1.73,3.7,69,Yes,2026-08-02,99acres,23.1,46.2,42.6,51.3,46.7
PROP_278,1BHK,Fully Furnished 1BHK Apartment in Kamla Nagar,Kamla Nagar,Delhi,North Delhi,Student,1,1,0,4,15,9000,18000,800.0,1000.0,383,Furnished,No,Yes,No,Yes,24 Hours,Yes,No,Yes,Yes,No,No,Yes,Yes,Vishwa Vidyalaya Metro Station,2.63,Kirori Mal College,6.32,Connaught Place,13.83,1.71,5.54,3.7,10,Yes,2026-08-08,NoBroker,23.5,49.3,43.5,53.2,42.9
PROP_279,2BHK,Fully Furnished 2BHK Apartment in Gurugram Sector 56,Gurugram Sector 56,Gurugram,Gurugram,Working Professional,2,2,3,4,6,29000,58000,1600.0,1813.0,1009,Furnished,No,Yes,No,No,4 Hours,Yes,No,Yes,No,No,No,Yes,Yes,Sector 56 Metro Station,0.65,IILM University,0.6,Golf Course Road Offices,3.61,0.42,3.53,4.9,36,Yes,2026-07-04,MagicBricks,28.74,69.5,54.0,62.5,58.7
PROP_280,3BHK,Fully Furnished 3BHK Apartment in Golf Course Road,Golf Course Road,Gurugram,Gurugram,Family,3,2,0,3,12,103000,206000,0.0,3900.0,1811,Furnished,No,Yes,No,Yes,4 Hours,Yes,No,No,No,No,Yes,Yes,No,Sector 42-43 Metro Station,1.06,GD Goenka University,6.44,Golf Course Road Offices,12.51,0.55,2.66,3.8,32,Yes,2026-08-02,99acres,56.87,45.7,43.8,50.6,57.7
PROP_281,1BHK,Fully Furnished 1BHK Apartment in Gurugram Sector 45,Gurugram Sector 45,Gurugram,Gurugram,Family,1,1,0,4,12,24000,72000,1200.0,1100.0,615,Furnished,No,No,No,No,12 Hours,Yes,No,No,Yes,No,Yes,Yes,No,HUDA City Centre Metro Station,3.61,Ansal University,8.88,Golf Course Road Offices,2.55,1.98,3.27,3.3,59,No,2026-06-30,NoBroker,39.02,42.2,41.2,49.1,47.1
PROP_282,2BHK,Fully Furnished 2BHK Apartment in Green Park,Green Park,Delhi,South Delhi,Family,2,2,8,8,11,51500,103000,0.0,1800.0,939,Furnished,Yes,Yes,Yes,No,24 Hours,Yes,Yes,No,No,No,Yes,Yes,No,Green Park Metro Station,4.06,NIFT Delhi,8.1,Bhikaji Cama Place,4.5,4.81,2.07,3.3,12,No,2026-08-03,Housing.com,54.85,43.7,41.0,49.1,44.2
PROP_283,2BHK,Semi-Furnished 2BHK Apartment in Pari Chowk,Pari Chowk,Greater Noida,Greater Noida,Working Professional,2,2,5,5,0,14000,28000,1854.0,1800.0,927,Semi-Furnished,Yes,No,Yes,Yes,24 Hours,No,Yes,No,No,No,No,Yes,No,Pari Chowk Metro Station,2.27,Galgotias University,4.58,Greater Noida Industrial Area,0.54,4.92,0.63,4.4,76,Yes,2026-07-15,Housing.com,15.1,46.8,56.7,59.8,51.4
PROP_284,3BHK,Fully Furnished 3BHK Apartment in Hauz Khas,Hauz Khas,Delhi,South Delhi,Family,3,2,3,12,8,108000,216000,2500.0,3200.0,1469,Furnished,Yes,Yes,Yes,No,12 Hours,Yes,No,No,No,No,Yes,Yes,No,Hauz Khas Metro Station,2.61,IIT Delhi,8.1,Okhla Industrial Area,5.75,0.49,3.17,4.5,32,Yes,2026-07-16,Housing.com,73.52,39.1,37.6,44.2,54.6
PROP_285,1BHK,Fully Furnished 1BHK Apartment in Golf Course Road,Golf Course Road,Gurugram,Gurugram,Family,1,1,0,5,1,46000,92000,2100.0,1431.0,754,Furnished,No,No,Yes,Yes,4 Hours,Yes,No,No,No,No,No,No,No,Sector 42-43 Metro Station,4.01,GD Goenka University,6.77,Golf Course Road Offices,5.79,1.33,1.7,4.8,4,Yes,2026-08-09,MagicBricks,61.01,39.3,34.9,43.4,47.2
PROP_286,3BHK,Fully Furnished 3BHK Apartment in Janakpuri,Janakpuri,Delhi,West Delhi,Working Professional,3,2,6,12,12,54000,108000,4700.0,3448.0,2099,Furnished,No,No,Yes,Yes,12 Hours,Yes,Yes,No,No,Yes,Yes,No,No,Janakpuri West Metro Station,1.43,Bhaskaracharya College,4.63,Janakpuri District Centre,2.14,4.63,0.38,4.7,35,Yes,2026-06-29,MagicBricks,25.73,48.9,48.6,55.1,55.1
PROP_287,2BHK,Fully Furnished 2BHK Apartment in Vasant Kunj,Vasant Kunj,Delhi,South Delhi,Family,2,2,16,24,11,62000,186000,3800.0,2347.0,1365,Furnished,No,No,Yes,Yes,12 Hours,Yes,Yes,No,No,Yes,Yes,Yes,No,Chattarpur Metro Station,3.14,Jawaharlal Nehru University (JNU),4.29,Cyber City Gurugram,5.45,3.76,1.14,4.7,59,Yes,2026-07-19,99acres,45.42,44.4,41.0,48.9,49.1
PROP_288,1BHK,Fully Furnished 1BHK Apartment in Model Town,Model Town,Delhi,North Delhi,Family,1,1,1,8,13,25000,25000,1600.0,1600.0,675,Furnished,Yes,Yes,Yes,No,12 Hours,Yes,No,Yes,No,No,Yes,Yes,No,Model Town Metro Station,2.63,Miranda House,6.42,Connaught Place,7.53,1.38,1.03,3.8,78,Yes,2026-07-29,NoBroker,37.04,47.3,42.6,51.8,53.0
PROP_289,1BHK,Fully Furnished 1BHK Apartment in Saket,Saket,Delhi,South Delhi,Family,1,1,3,24,5,16000,32000,0.0,912.0,408,Furnished,No,Yes,Yes,Yes,12 Hours,Yes,No,No,No,No,Yes,No,Yes,Saket Metro Station,3.42,Gargi College,1.57,Saket District Centre,3.54,4.86,1.54,4.4,19,Yes,2026-06-29,MagicBricks,39.22,52.8,43.8,52.8,45.1
PROP_290,1BHK,Semi-Furnished 1BHK Apartment in Dwarka,Dwarka,Delhi,Dwarka,Student,1,1,7,24,2,12500,25000,0.0,1300.0,640,Semi-Furnished,No,Yes,Yes,Yes,24 Hours,No,Yes,No,Yes,Yes,Yes,Yes,No,Dwarka Sector 10 Metro Station,2.61,Netaji Subhas University of Technology (NSUT),7.28,Gurugram Sector 21 IT Park,10.02,2.32,2.09,3.7,60,Yes,2026-07-28,MagicBricks,19.53,51.0,46.3,55.9,48.4
PROP_291,4BHK,Semi-Furnished 4BHK Apartment in Pari Chowk,Pari Chowk,Greater Noida,Greater Noida,Family,4,4,0,5,8,33500,67000,6600.0,3300.0,2727,Semi-Furnished,Yes,Yes,Yes,Yes,24 Hours,Yes,No,No,No,No,Yes,Yes,No,Pari Chowk Metro Station,1.12,Galgotias University,8.04,Greater Noida Industrial Area,14.78,1.09,2.8,3.9,3,Yes,2026-06-30,Housing.com,12.28,53.1,48.4,57.3,57.9
PROP_292,1BHK,Fully Furnished 1BHK Apartment in Vasant Kunj,Vasant Kunj,Delhi,South Delhi,Family,1,1,8,20,9,28500,57000,900.0,1300.0,646,Furnished,No,No,Yes,Yes,4 Hours,Yes,Yes,No,No,No,No,Yes,No,Chattarpur Metro Station,1.98,Jawaharlal Nehru University (JNU),9.91,Cyber City Gurugram,4.23,2.8,0.43,3.6,40,Yes,2026-08-01,MagicBricks,44.12,48.0,44.5,53.2,53.8
PROP_293,1BHK,Semi-Furnished 1BHK Apartment in Mukherjee Nagar,Mukherjee Nagar,Delhi,North Delhi,Working Bachelor,1,1,9,15,10,6500,13000,0.0,628.0,352,Semi-Furnished,No,No,Yes,Yes,12 Hours,No,No,No,No,No,Yes,No,No,GTB Nagar Metro Station,1.31,SGTB Khalsa College,4.67,Connaught Place,3.78,4.43,3.67,3.6,67,Yes,2026-08-04,NoBroker,18.47,49.6,44.6,53.9,40.4
PROP_294,1BHK,Semi-Furnished 1BHK Apartment in Gurugram Sector 45,Gurugram Sector 45,Gurugram,Gurugram,Working Bachelor,1,1,4,8,13,22000,44000,1352.0,1114.0,676,Semi-Furnished,No,No,Yes,Yes,24 Hours,Yes,No,No,No,No,No,No,Yes,HUDA City Centre Metro Station,1.0,Ansal University,8.68,Golf Course Road Offices,5.33,2.09,2.33,4.4,50,Yes,2026-07-04,Housing.com,32.54,53.2,48.2,57.4,45.8
PROP_295,1BHK,Semi-Furnished 1BHK Apartment in Preet Vihar,Preet Vihar,Delhi,East Delhi,Family,1,1,4,8,14,20500,41000,1000.0,1600.0,747,Semi-Furnished,No,Yes,Yes,No,4 Hours,No,No,Yes,No,No,Yes,Yes,No,Preet Vihar Metro Station,2.03,Vivekananda College,3.07,Noida Sector 62 IT Park,7.25,1.1,0.51,3.6,40,Yes,2026-07-10,99acres,27.44,47.7,41.0,50.3,58.0
PROP_296,2BHK,Fully Furnished 2BHK Apartment in Rohini,Rohini,Delhi,North Delhi,Working Bachelor,2,2,0,4,13,13000,26000,1400.0,1400.0,708,Furnished,No,No,No,No,12 Hours,Yes,No,No,Yes,No,Yes,No,No,Rohini West Metro Station,1.13,Delhi Technological University (DTU),2.4,Netaji Subhash Place,10.89,4.76,1.05,3.4,37,Yes,2026-08-08,Housing.com,18.36,52.8,44.3,53.9,47.0
PROP_297,1BHK,Fully Furnished 1BHK Apartment in Noida Sector 62,Noida Sector 62,Noida,Noida,Student,1,1,8,8,14,10500,31500,900.0,1003.0,469,Furnished,Yes,Yes,Yes,Yes,4 Hours,Yes,No,No,No,No,Yes,Yes,No,Noida Sector 62 Metro Station,2.25,JSS Academy of Technical Education,1.13,Noida Sector 62 IT Park,1.18,2.75,5.81,3.3,44,No,2026-07-05,MagicBricks,22.39,58.3,55.0,60.7,45.4
PROP_298,3BHK,Fully Furnished 3BHK Apartment in Shakarpur,Shakarpur,Delhi,East Delhi,Family,3,2,8,8,14,13000,13500,2100.0,1600.0,949,Furnished,Yes,Yes,Yes,Yes,4 Hours,Yes,No,No,No,No,No,Yes,Yes,Nirman Vihar Metro Station,1.88,Bhim Rao Ambedkar College,4.6,Noida Sector 62 IT Park,13.62,0.29,3.16,4.1,65,Yes,2026-08-13,99acres,13.7,51.3,45.0,54.6,56.2
PROP_299,3BHK,Fully Furnished 3BHK Apartment in Noida Sector 15,Noida Sector 15,Noida,Noida,Family,3,2,1,5,11,31000,62000,3400.0,2400.0,1402,Furnished,Yes,Yes,Yes,Yes,24 Hours,Yes,No,No,Yes,No,Yes,Yes,No,Noida Sector 15 Metro Station,1.12,Amity University Noida,2.67,Noida Sector 16 Commercial Hub,6.29,4.1,3.98,3.5,79,Yes,2026-08-11,Housing.com,22.11,58.2,51.7,60.7,46.2
PROP_300,2BHK,Fully Furnished 2BHK Apartment in Karol Bagh,Karol Bagh,Delhi,Central Delhi,Family,2,2,2,4,4,20000,40000,1000.0,1500.0,690,Furnished,No,Yes,No,No,4 Hours,Yes,No,No,No,No,No,Yes,Yes,Karol Bagh Metro Station,2.05,Sri Guru Nanak Dev Khalsa College,4.73,Connaught Place,4.92,1.71,3.9,4.5,49,Yes,2026-07-19,99acres,28.99,45.9,40.6,49.8,44.4
PROP_301,1BHK,Semi-Furnished 1BHK Apartment in Laxmi Nagar,Laxmi Nagar,Delhi,East Delhi,Student,1,1,0,4,15,7000,14000,0.0,644.0,363,Semi-Furnished,No,Yes,No,Yes,4 Hours,Yes,Yes,Yes,No,No,No,Yes,No,Laxmi Nagar Metro Station,0.95,Shyam Lal College,6.2,Noida Sector 62 IT Park,13.16,0.22,3.9,3.8,22,Yes,2026-07-09,MagicBricks,19.28,56.2,50.0,59.8,55.8
PROP_302,3BHK,Fully Furnished 3BHK Apartment in DLF Phase 3,Dlf Phase 3,Gurugram,Gurugram,Working Professional,3,2,7,8,13,57000,115000,4900.0,3700.0,1616,Furnished,No,Yes,Yes,Yes,24 Hours,Yes,Yes,No,Yes,No,Yes,Yes,No,Phase 3 Metro Station,0.54,Dronacharya College of Engineering,5.95,DLF Cyber City,7.87,4.86,2.29,3.5,76,Yes,2026-07-11,Housing.com,35.27,60.1,56.7,64.9,49.0
PROP_303,2BHK,Fully Furnished 2BHK Apartment in Green Park,Green Park,Delhi,South Delhi,Family,2,2,2,4,13,67000,67000,3500.0,1600.0,1054,Furnished,Yes,Yes,No,No,4 Hours,Yes,No,No,No,No,No,Yes,Yes,Green Park Metro Station,2.12,NIFT Delhi,6.28,Bhikaji Cama Place,9.1,4.48,1.23,3.8,77,Yes,2026-07-04,MagicBricks,63.57,44.0,40.7,48.6,46.2
PROP_304,2BHK,Semi-Furnished 2BHK Apartment in Mukherjee Nagar,Mukherjee Nagar,Delhi,North Delhi,Family,2,2,1,12,6,16000,32000,2100.0,1100.0,685,Semi-Furnished,No,Yes,Yes,Yes,24 Hours,Yes,No,No,No,Yes,No,No,No,GTB Nagar Metro Station,3.78,SGTB Khalsa College,9.87,Connaught Place,2.88,0.87,2.91,3.9,37,Yes,2026-08-12,NoBroker,23.36,44.2,40.7,49.2,47.9
PROP_305,1RK,Fully Furnished 1RK Apartment in DLF Phase 3,Dlf Phase 3,Gurugram,Gurugram,Student,1,1,0,15,1,13500,13000,0.0,700.0,287,Furnished,Yes,Yes,Yes,Yes,4 Hours,Yes,Yes,No,No,No,Yes,Yes,No,Phase 3 Metro Station,2.98,Dronacharya College of Engineering,5.45,DLF Cyber City,2.85,4.42,4.88,3.3,80,Yes,2026-07-21,MagicBricks,47.04,50.3,48.0,56.6,42.2
PROP_306,3BHK,Fully Furnished 3BHK Apartment in Mayur Vihar,Mayur Vihar,Delhi,East Delhi,Family,3,2,5,20,5,43000,86000,0.0,1900.0,1270,Furnished,No,Yes,Yes,No,12 Hours,Yes,Yes,No,No,No,Yes,Yes,Yes,Mayur Vihar 1 Metro Station,2.45,Shaheed Sukhdev College of Business Studies,3.33,Noida Sector 62 IT Park,6.21,0.59,1.08,3.8,44,Yes,2026-06-30,MagicBricks,33.86,46.9,41.3,49.9,59.0
PROP_307,1BHK,Fully Furnished 1BHK Apartment in Noida Sector 62,Noida Sector 62,Noida,Noida,Student,1,1,4,15,10,11500,23000,1000.0,1000.0,528,Furnished,Yes,No,Yes,Yes,12 Hours,Yes,No,No,No,Yes,Yes,Yes,No,Noida Sector 62 Metro Station,2.03,JSS Academy of Technical Education,5.43,Noida Sector 62 IT Park,11.28,3.71,0.94,4.5,59,Yes,2026-06-30,Housing.com,21.78,51.1,46.0,55.6,49.5
PROP_308,2BHK,Fully Furnished 2BHK Apartment in Saket,Saket,Delhi,South Delhi,Family,2,2,6,24,0,42500,42000,0.0,1800.0,927,Furnished,Yes,Yes,Yes,Yes,12 Hours,Yes,No,No,No,Yes,Yes,Yes,No,Saket Metro Station,0.49,Gargi College,4.95,Saket District Centre,7.17,2.52,3.13,3.9,8,No,2026-07-31,Housing.com,45.85,62.3,58.3,67.0,48.4
PROP_309,2BHK,Fully Furnished 2BHK Apartment in Dwarka,Dwarka,Delhi,Dwarka,Family,2,2,4,4,13,33500,67000,0.0,1900.0,1237,Furnished,No,No,No,Yes,4 Hours,Yes,No,No,No,No,Yes,No,No,Dwarka Sector 10 Metro Station,3.81,Netaji Subhas University of Technology (NSUT),0.8,Gurugram Sector 21 IT Park,2.58,2.32,3.63,4.4,77,Yes,2026-08-05,99acres,27.08,50.6,38.8,46.5,45.7
PROP_310,1BHK,Fully Furnished 1BHK Apartment in Karol Bagh,Karol Bagh,Delhi,Central Delhi,Student,1,1,17,20,3,12500,25000,1100.0,900.0,451,Furnished,No,Yes,Yes,Yes,4 Hours,Yes,No,No,No,No,Yes,Yes,No,Karol Bagh Metro Station,2.05,Sri Guru Nanak Dev Khalsa College,7.96,Connaught Place,1.8,4.18,2.08,4.1,2,Yes,2026-08-13,99acres,27.72,48.7,49.5,56.7,44.7
PROP_311,2BHK,Fully Furnished 2BHK Apartment in Pari Chowk,Pari Chowk,Greater Noida,Greater Noida,Family,2,2,2,3,10,15500,31000,0.0,2500.0,1189,Furnished,Yes,Yes,No,Yes,4 Hours,Yes,Yes,Yes,Yes,No,Yes,Yes,No,Pari Chowk Metro Station,2.5,Galgotias University,9.76,Greater Noida Industrial Area,14.66,3.24,2.75,3.8,37,Yes,2026-08-08,99acres,13.04,50.9,45.7,55.2,44.7
PROP_312,1RK,Fully Furnished 1RK Apartment in Hauz Khas,Hauz Khas,Delhi,South Delhi,Family,1,1,3,4,8,21500,43000,1100.0,800.0,338,Furnished,No,Yes,No,No,4 Hours,Yes,Yes,No,Yes,No,Yes,Yes,Yes,Hauz Khas Metro Station,2.24,IIT Delhi,2.32,Okhla Industrial Area,2.45,2.12,5.27,3.6,33,Yes,2026-08-06,NoBroker,63.61,52.8,48.9,56.8,45.5
PROP_313,3BHK,Semi-Furnished 3BHK Apartment in Knowledge Park,Knowledge Park,Greater Noida,Greater Noida,Family,3,2,14,15,4,21500,43000,5000.0,2400.0,1656,Semi-Furnished,No,Yes,Yes,No,24 Hours,No,No,No,No,No,Yes,Yes,No,Knowledge Park II Metro Station,3.32,Sharda University,2.38,Greater Noida Industrial Area,4.62,2.48,0.38,3.6,29,Yes,2026-07-05,MagicBricks,12.98,44.2,36.8,45.9,56.6
PROP_314,1BHK,Semi-Furnished 1BHK Apartment in Model Town,Model Town,Delhi,North Delhi,Family,1,1,1,12,6,17500,17500,1000.0,1100.0,567,Semi-Furnished,Yes,No,Yes,Yes,4 Hours,No,No,Yes,No,Yes,Yes,No,Yes,Model Town Metro Station,1.74,Miranda House,6.0,Connaught Place,12.71,4.01,1.36,3.2,82,Yes,2026-07-18,MagicBricks,30.86,51.7,46.1,55.6,44.3
PROP_315,3BHK,Fully Furnished 3BHK Apartment in Dwarka,Dwarka,Delhi,Dwarka,Family,3,2,0,3,10,55000,55000,0.0,4300.0,1864,Furnished,Yes,Yes,No,Yes,4 Hours,Yes,Yes,No,Yes,No,Yes,Yes,No,Dwarka Sector 10 Metro Station,3.99,Netaji Subhas University of Technology (NSUT),6.25,Gurugram Sector 21 IT Park,7.69,1.09,0.44,4.6,40,No,2026-07-18,MagicBricks,29.51,45.0,41.7,49.9,63.2
PROP_316,1RK,Fully Furnished 1RK Apartment in Karol Bagh,Karol Bagh,Delhi,Central Delhi,Student,1,1,2,3,9,8000,16000,0.0,720.0,280,Furnished,No,No,No,Yes,24 Hours,Yes,Yes,No,No,No,Yes,Yes,No,Karol Bagh Metro Station,4.37,Sri Guru Nanak Dev Khalsa College,6.87,Connaught Place,4.42,1.86,4.24,4.2,44,Yes,2026-08-05,MagicBricks,28.57,43.6,39.0,48.4,43.9
PROP_317,2BHK,Fully Furnished 2BHK Apartment in Gurugram Sector 56,Gurugram Sector 56,Gurugram,Gurugram,Family,2,2,7,8,2,41500,83000,2600.0,2278.0,1319,Furnished,No,Yes,Yes,Yes,24 Hours,Yes,Yes,No,No,No,Yes,Yes,No,Sector 56 Metro Station,2.32,IILM University,1.44,Golf Course Road Offices,6.72,2.73,2.12,3.9,18,Yes,2026-08-03,MagicBricks,31.46,53.9,43.9,52.6,48.5
PROP_318,2BHK,Fully Furnished 2BHK Apartment in Mayur Vihar,Mayur Vihar,Delhi,East Delhi,Family,2,2,2,4,3,24000,48000,0.0,2400.0,964,Furnished,Yes,Yes,No,Yes,24 Hours,Yes,No,No,No,No,Yes,Yes,No,Mayur Vihar 1 Metro Station,2.21,Shaheed Sukhdev College of Business Studies,2.8,Noida Sector 62 IT Park,4.05,0.44,5.55,4.6,75,Yes,2026-07-29,Housing.com,24.9,48.7,42.5,51.4,54.7
PROP_319,1BHK,Semi-Furnished 1BHK Apartment in Mukherjee Nagar,Mukherjee Nagar,Delhi,North Delhi,Student,1,1,0,20,14,8000,17000,0.0,800.0,489,Semi-Furnished,No,Yes,Yes,Yes,24 Hours,Yes,Yes,No,No,No,Yes,No,No,GTB Nagar Metro Station,1.95,SGTB Khalsa College,5.45,Connaught Place,7.76,0.54,3.67,3.8,17,Yes,2026-07-04,NoBroker,16.36,50.3,44.3,54.0,52.3
PROP_320,2BHK,Semi-Furnished 2BHK Apartment in Saket,Saket,Delhi,South Delhi,Working Professional,2,2,0,3,14,42500,85000,3300.0,1700.0,1025,Semi-Furnished,No,Yes,No,Yes,24 Hours,No,Yes,Yes,No,No,Yes,Yes,No,Saket Metro Station,0.15,Gargi College,4.32,Saket District Centre,6.81,1.76,5.75,4.5,33,Yes,2026-07-25,NoBroker,41.46,64.8,60.6,69.3,51.0
PROP_321,1RK,Semi-Furnished 1RK Apartment in Laxmi Nagar,Laxmi Nagar,Delhi,East Delhi,Family,1,1,2,5,3,5000,5000,0.0,455.0,237,Semi-Furnished,No,No,Yes,Yes,4 Hours,No,No,No,No,No,No,No,No,Laxmi Nagar Metro Station,3.58,Shyam Lal College,3.15,Noida Sector 62 IT Park,7.27,0.59,1.21,3.3,26,Yes,2026-07-18,MagicBricks,21.1,42.1,33.9,43.8,52.1
PROP_322,2BHK,Semi-Furnished 2BHK Apartment in Shakarpur,Shakarpur,Delhi,East Delhi,Working Professional,2,2,8,20,9,10000,20000,1900.0,800.0,628,Semi-Furnished,No,No,Yes,No,4 Hours,Yes,Yes,No,No,No,No,Yes,No,Nirman Vihar Metro Station,1.88,Bhim Rao Ambedkar College,8.7,Noida Sector 62 IT Park,0.77,1.65,4.95,4.9,23,Yes,2026-07-25,NoBroker,15.92,46.6,54.2,58.5,46.3
PROP_323,1RK,Fully Furnished 1RK Apartment in Mayur Vihar,Mayur Vihar,Delhi,East Delhi,Student,1,1,0,3,2,9500,9000,800.0,800.0,282,Furnished,No,No,No,No,24 Hours,Yes,Yes,No,No,No,No,No,No,Mayur Vihar 1 Metro Station,3.45,Shaheed Sukhdev College of Business Studies,9.42,Noida Sector 62 IT Park,10.41,3.16,4.58,3.3,64,Yes,2026-07-04,Housing.com,33.69,40.2,33.7,43.5,35.8
PROP_324,2BHK,Fully Furnished 2BHK Apartment in Rohini,Rohini,Delhi,North Delhi,Family,2,2,4,4,15,13000,39000,1000.0,1600.0,692,Furnished,No,Yes,No,Yes,24 Hours,Yes,Yes,Yes,No,No,Yes,Yes,No,Rohini West Metro Station,3.92,Delhi Technological University (DTU),5.15,Netaji Subhash Place,0.71,3.33,4.11,3.7,17,Yes,2026-08-02,NoBroker,18.79,46.7,55.4,59.4,45.0
PROP_325,3BHK,Fully Furnished 3BHK Apartment in Vasant Kunj,Vasant Kunj,Delhi,South Delhi,Family,3,2,2,12,12,122500,122500,3000.0,3700.0,2128,Furnished,Yes,No,Yes,No,24 Hours,Yes,No,No,No,No,Yes,Yes,No,Chattarpur Metro Station,2.74,Jawaharlal Nehru University (JNU),8.15,Cyber City Gurugram,6.45,2.8,2.31,3.5,47,No,2026-07-14,99acres,57.57,35.9,34.8,41.0,46.0
PROP_326,1BHK,Fully Furnished 1BHK Apartment in Civil Lines,Civil Lines,Delhi,North Delhi,Family,1,1,3,20,10,33000,66000,0.0,1500.0,682,Furnished,No,Yes,Yes,No,12 Hours,Yes,Yes,No,No,Yes,Yes,No,Yes,Civil Lines Metro Station,2.27,St. Stephen's College,3.17,Connaught Place,4.74,3.84,5.1,3.8,35,Yes,2026-07-15,NoBroker,48.39,49.6,43.6,52.3,38.8
PROP_327,1BHK,Fully Furnished 1BHK Apartment in Civil Lines,Civil Lines,Delhi,North Delhi,Family,1,1,14,15,5,26000,52000,0.0,1100.0,594,Furnished,No,Yes,Yes,No,24 Hours,Yes,Yes,No,No,Yes,No,Yes,No,Civil Lines Metro Station,2.27,St. Stephen's College,7.15,Connaught Place,14.17,1.2,3.43,4.8,60,Yes,2026-07-22,NoBroker,43.77,47.2,42.0,51.1,46.2
PROP_328,1RK,Fully Furnished 1RK Apartment in Knowledge Park,Knowledge Park,Greater Noida,Greater Noida,Student,1,1,14,15,13,6000,12000,896.0,1100.0,448,Furnished,No,Yes,Yes,No,12 Hours,Yes,Yes,No,No,Yes,Yes,Yes,No,Knowledge Park II Metro Station,2.1,Sharda University,2.3,Greater Noida Industrial Area,1.36,1.05,5.68,3.5,13,Yes,2026-07-15,99acres,13.39,53.3,53.0,59.4,49.8
PROP_329,1RK,Fully Furnished 1RK Apartment in Saket,Saket,Delhi,South Delhi,Family,1,1,0,3,8,16000,16000,800.0,1000.0,366,Furnished,Yes,Yes,No,Yes,24 Hours,Yes,Yes,No,No,No,No,No,No,Saket Metro Station,1.89,Gargi College,2.32,Saket District Centre,6.49,2.4,1.75,3.7,73,Yes,2026-07-16,NoBroker,43.72,53.1,44.9,54.4,45.2
PROP_331,2BHK,Fully Furnished 2BHK Apartment in Gurugram Sector 45,Gurugram Sector 45,Gurugram,Gurugram,Family,2,2,1,3,7,40500,81000,2200.0,1900.0,1176,Furnished,Yes,Yes,No,Yes,24 Hours,Yes,No,No,No,No,No,Yes,Yes,HUDA City Centre Metro Station,1.4,Ansal University,2.69,Golf Course Road Offices,13.83,2.47,1.05,4.6,3,Yes,2026-08-06,NoBroker,34.44,53.2,46.6,55.4,51.1
PROP_332,2BHK,Fully Furnished 2BHK Apartment in Patel Nagar,Patel Nagar,Delhi,West Delhi,Family,2,2,4,4,6,23000,70500,2300.0,2000.0,860,Furnished,No,Yes,No,Yes,24 Hours,Yes,Yes,No,Yes,No,Yes,Yes,Yes,Patel Nagar Metro Station,4.05,Kalindi College,5.9,Rajendra Place IT Hub,0.87,2.64,0.99,4.6,29,Yes,2026-07-02,99acres,26.74,47.0,54.5,58.8,51.9
PROP_333,3BHK,Semi-Furnished 3BHK Apartment in Noida Sector 15,Noida Sector 15,Noida,Noida,Family,3,2,1,5,2,24500,49000,3800.0,2000.0,1328,Semi-Furnished,Yes,Yes,Yes,No,4 Hours,Yes,Yes,No,No,No,No,No,No,Noida Sector 15 Metro Station,3.94,Amity University Noida,9.44,Noida Sector 16 Commercial Hub,2.91,2.34,3.39,3.7,55,Yes,2026-07-04,99acres,18.45,43.8,40.7,49.0,43.6
PROP_334,3BHK,Semi-Furnished 3BHK Apartment in Laxmi Nagar,Laxmi Nagar,Delhi,East Delhi,Working Professional,3,2,2,5,0,19000,19000,2300.0,1800.0,1266,Semi-Furnished,No,Yes,Yes,Yes,24 Hours,No,No,Yes,No,No,Yes,Yes,No,Laxmi Nagar Metro Station,2.98,Shyam Lal College,8.37,Noida Sector 62 IT Park,6.93,0.85,2.57,3.6,43,Yes,2026-07-07,99acres,15.01,45.1,40.0,49.3,53.4
PROP_335,2BHK,Fully Furnished 2BHK Apartment in Kamla Nagar,Kamla Nagar,Delhi,North Delhi,Family,2,2,2,3,12,16500,33000,1900.0,1500.0,751,Furnished,Yes,No,No,Yes,24 Hours,Yes,Yes,Yes,No,No,Yes,Yes,No,Vishwa Vidyalaya Metro Station,3.06,Kirori Mal College,2.29,Connaught Place,13.08,1.15,3.81,3.2,79,Yes,2026-07-17,99acres,21.97,50.3,42.1,51.6,49.1
PROP_336,3BHK,Fully Furnished 3BHK Apartment in DLF Phase 3,Dlf Phase 3,Gurugram,Gurugram,Family,3,2,10,24,10,49000,98000,2812.0,3100.0,1406,Furnished,Yes,Yes,Yes,No,24 Hours,Yes,No,No,No,Yes,Yes,Yes,No,Phase 3 Metro Station,3.6,Dronacharya College of Engineering,5.16,DLF Cyber City,7.86,2.3,3.55,4.9,21,Yes,2026-07-10,99acres,34.85,44.7,40.9,49.4,47.0
PROP_337,1BHK,Semi-Furnished 1BHK Apartment in Rajinder Nagar,Rajinder Nagar,Delhi,Central Delhi,Family,1,1,0,3,7,17500,35000,1100.0,900.0,559,Semi-Furnished,No,Yes,No,Yes,4 Hours,Yes,Yes,No,Yes,No,Yes,No,No,Rajendra Place Metro Station,4.04,Venkateshwara College,3.76,Rajendra Place IT Hub,2.4,1.98,4.6,3.9,8,Yes,2026-06-30,MagicBricks,31.31,45.8,43.1,51.1,42.6
PROP_338,1BHK,Semi-Furnished 1BHK Apartment in Greater Kailash,Greater Kailash,Delhi,South Delhi,Family,1,1,7,8,8,36000,36000,0.0,1000.0,642,Semi-Furnished,No,Yes,Yes,No,12 Hours,No,No,No,No,No,No,No,No,Kailash Colony Metro Station,1.55,Lady Shri Ram College (LSR),5.17,Nehru Place IT Hub,6.24,3.07,3.7,3.9,26,Yes,2026-07-25,NoBroker,56.07,45.7,40.9,49.7,41.3
PROP_339,2BHK,Semi-Furnished 2BHK Apartment in Vaishali,Vaishali,Ghaziabad,Ghaziabad,Family,2,2,14,20,0,19000,38000,0.0,1489.0,926,Semi-Furnished,Yes,Yes,Yes,No,12 Hours,Yes,No,No,No,No,No,No,No,Vaishali Metro Station,3.35,Inderprastha Dental College,9.24,Noida Sector 62 IT Park,8.24,4.15,2.06,3.6,51,Yes,2026-08-12,NoBroker,20.52,42.0,35.6,45.0,38.5
PROP_340,2BHK,Fully Furnished 2BHK Apartment in Mukherjee Nagar,Mukherjee Nagar,Delhi,North Delhi,Family,2,2,2,5,7,14000,28000,0.0,1400.0,617,Furnished,Yes,Yes,Yes,No,12 Hours,Yes,Yes,No,No,No,No,No,Yes,GTB Nagar Metro Station,1.95,SGTB Khalsa College,4.56,Connaught Place,10.98,0.88,5.14,4.1,42,Yes,2026-08-11,MagicBricks,22.69,50.5,43.9,53.5,46.8
PROP_341,1BHK,Fully Furnished 1BHK Apartment in Mayur Vihar,Mayur Vihar,Delhi,East Delhi,Family,1,1,0,3,14,19000,38000,1300.0,1300.0,636,Furnished,Yes,No,No,No,24 Hours,Yes,No,No,No,No,Yes,Yes,Yes,Mayur Vihar 1 Metro Station,2.43,Shaheed Sukhdev College of Business Studies,8.45,Noida Sector 62 IT Park,3.98,0.78,0.62,4.5,22,No,2026-08-01,99acres,29.87,44.8,40.7,49.7,59.2
PROP_342,2BHK,Fully Furnished 2BHK Apartment in Noida Sector 15,Noida Sector 15,Noida,Noida,Family,2,2,9,12,14,23000,69000,1700.0,1588.0,859,Furnished,Yes,Yes,Yes,Yes,24 Hours,Yes,Yes,Yes,No,Yes,No,No,No,Noida Sector 15 Metro Station,3.21,Amity University Noida,8.32,Noida Sector 16 Commercial Hub,4.44,4.41,3.39,3.4,45,No,2026-07-13,NoBroker,26.78,49.3,44.5,53.5,39.1
PROP_343,3BHK,Fully Furnished 3BHK Apartment in Vasant Kunj,Vasant Kunj,Delhi,South Delhi,Family,3,2,5,20,5,159500,478500,4200.0,4100.0,2671,Furnished,No,Yes,Yes,No,24 Hours,Yes,No,No,No,Yes,No,Yes,No,Chattarpur Metro Station,2.79,Jawaharlal Nehru University (JNU),3.91,Cyber City Gurugram,6.45,0.26,0.99,3.6,22,Yes,2026-07-06,NoBroker,59.72,34.2,33.2,38.2,63.4
PROP_344,3BHK,Fully Furnished 3BHK Apartment in Dwarka,Dwarka,Delhi,Dwarka,Working Professional,3,2,1,4,9,58000,116000,0.0,3759.0,2306,Furnished,Yes,Yes,No,Yes,24 Hours,Yes,No,No,No,No,No,Yes,Yes,Dwarka Sector 10 Metro Station,1.13,Netaji Subhas University of Technology (NSUT),8.37,Gurugram Sector 21 IT Park,0.95,2.32,5.96,3.9,13,Yes,2026-07-09,Housing.com,25.15,51.2,59.2,62.7,51.3
PROP_345,1RK,Semi-Furnished 1RK Apartment in Noida Sector 62,Noida Sector 62,Noida,Noida,Student,1,1,0,12,9,7000,14000,0.0,685.0,390,Semi-Furnished,No,Yes,Yes,Yes,4 Hours,Yes,No,Yes,No,No,Yes,Yes,Yes,Noida Sector 62 Metro Station,4.35,JSS Academy of Technical Education,1.72,Noida Sector 62 IT Park,5.34,3.19,5.06,4.2,9,Yes,2026-08-01,NoBroker,17.95,53.7,43.9,53.6,42.2
PROP_346,3BHK,Semi-Furnished 3BHK Apartment in Shakarpur,Shakarpur,Delhi,East Delhi,Family,3,2,20,24,1,20500,41000,0.0,1700.0,1298,Semi-Furnished,No,Yes,No,No,24 Hours,Yes,Yes,Yes,No,No,Yes,No,No,Nirman Vihar Metro Station,1.88,Bhim Rao Ambedkar College,7.27,Noida Sector 62 IT Park,9.48,3.41,1.72,4.3,50,Yes,2026-07-14,MagicBricks,15.79,47.2,41.5,50.9,45.2
PROP_347,2BHK,Fully Furnished 2BHK Apartment in Mukherjee Nagar,Mukherjee Nagar,Delhi,North Delhi,Family,2,2,8,20,0,15000,30000,1500.0,1365.0,710,Furnished,No,Yes,Yes,Yes,12 Hours,Yes,No,No,No,Yes,No,Yes,No,GTB Nagar Metro Station,3.45,SGTB Khalsa College,8.45,Connaught Place,7.57,2.57,5.8,4.1,5,Yes,2026-07-01,MagicBricks,21.13,45.7,40.2,49.7,41.0
PROP_348,1BHK,Fully Furnished 1BHK Apartment in Greater Kailash,Greater Kailash,Delhi,South Delhi,Family,1,1,1,5,0,40000,40000,1000.0,1800.0,699,Furnished,No,Yes,Yes,Yes,12 Hours,Yes,No,No,No,No,Yes,Yes,No,Kailash Colony Metro Station,3.31,Lady Shri Ram College (LSR),4.75,Nehru Place IT Hub,6.61,4.0,4.88,4.9,16,No,2026-07-29,99acres,57.22,44.5,40.4,49.1,41.8
PROP_349,1RK,Fully Furnished 1RK Apartment in Shakarpur,Shakarpur,Delhi,East Delhi,Family,1,1,3,4,8,5000,10000,0.0,700.0,222,Furnished,No,Yes,No,Yes,24 Hours,Yes,No,No,No,No,No,No,No,Nirman Vihar Metro Station,1.12,Bhim Rao Ambedkar College,5.22,Noida Sector 62 IT Park,9.91,1.1,2.54,3.3,68,Yes,2026-07-15,99acres,22.52,51.0,44.2,54.0,45.9
PROP_350,1RK,Fully Furnished 1RK Apartment in Kamla Nagar,Kamla Nagar,Delhi,North Delhi,Student,1,1,12,12,10,9000,18000,0.0,700.0,307,Furnished,No,Yes,Yes,Yes,4 Hours,Yes,Yes,No,No,Yes,No,Yes,No,Vishwa Vidyalaya Metro Station,2.63,Kirori Mal College,6.51,Connaught Place,11.49,4.53,3.81,3.4,45,Yes,2026-07-21,99acres,29.32,49.3,43.5,53.2,38.5
PROP_351,1BHK,Fully Furnished 1BHK Apartment in Janakpuri,Janakpuri,Delhi,West Delhi,Working Bachelor,1,1,6,15,3,16500,33000,0.0,1285.0,657,Furnished,No,Yes,Yes,No,4 Hours,Yes,No,No,No,No,Yes,Yes,No,Janakpuri West Metro Station,2.38,Bhaskaracharya College,6.8,Janakpuri District Centre,7.17,2.83,3.98,4.4,6,Yes,2026-06-30,Housing.com,25.11,45.8,40.8,50.2,43.1
PROP_352,1RK,Semi-Furnished 1RK Apartment in Noida Sector 137,Noida Sector 137,Noida,Noida,Student,1,1,2,8,12,8000,16000,0.0,600.0,435,Semi-Furnished,No,Yes,Yes,Yes,4 Hours,No,Yes,No,Yes,No,Yes,Yes,Yes,Noida Sector 137 Metro Station,1.1,Amity University Noida,8.04,Noida Expressway Offices,7.99,2.38,1.51,3.7,84,Yes,2026-07-06,MagicBricks,18.39,58.2,53.2,62.9,49.8
PROP_353,3BHK,Fully Furnished 3BHK Apartment in Mukherjee Nagar,Mukherjee Nagar,Delhi,North Delhi,Family,3,2,1,5,15,39500,79000,4000.0,2307.0,1338,Furnished,Yes,Yes,Yes,No,12 Hours,Yes,Yes,Yes,Yes,No,Yes,Yes,Yes,GTB Nagar Metro Station,0.47,SGTB Khalsa College,8.29,Connaught Place,9.78,4.0,2.0,3.3,63,Yes,2026-07-14,99acres,29.52,64.5,60.2,69.0,48.2
PROP_354,3BHK,Semi-Furnished 3BHK Apartment in Golf Course Road,Golf Course Road,Gurugram,Gurugram,Family,3,2,7,8,8,144000,288000,6000.0,3500.0,2456,Semi-Furnished,No,Yes,Yes,No,12 Hours,No,Yes,No,No,No,No,No,Yes,Sector 42-43 Metro Station,3.26,GD Goenka University,5.98,Golf Course Road Offices,14.05,2.76,4.01,4.3,13,Yes,2026-07-09,99acres,58.63,32.6,30.9,36.4,40.1
PROP_355,2BHK,Fully Furnished 2BHK Apartment in Karol Bagh,Karol Bagh,Delhi,Central Delhi,Working Professional,2,2,1,5,14,29500,59000,0.0,1700.0,859,Furnished,Yes,Yes,Yes,Yes,4 Hours,Yes,No,No,No,No,Yes,Yes,No,Karol Bagh Metro Station,0.95,Sri Guru Nanak Dev Khalsa College,6.88,Connaught Place,4.0,0.22,3.84,4.8,19,Yes,2026-08-10,MagicBricks,34.34,55.5,51.9,60.6,59.6
PROP_356,2BHK,Semi-Furnished 2BHK Apartment in Knowledge Park,Knowledge Park,Greater Noida,Greater Noida,Family,2,2,10,24,13,12000,24000,1300.0,1400.0,863,Semi-Furnished,No,Yes,Yes,Yes,12 Hours,Yes,No,No,No,Yes,Yes,No,Yes,Knowledge Park II Metro Station,3.78,Sharda University,3.79,Greater Noida Industrial Area,13.08,3.7,2.88,4.8,52,Yes,2026-07-27,NoBroker,13.9,47.6,40.7,50.3,40.5
PROP_357,1RK,Fully Furnished 1RK Apartment in Knowledge Park,Knowledge Park,Greater Noida,Greater Noida,Student,1,1,1,12,6,5500,11000,0.0,1100.0,408,Furnished,No,Yes,Yes,Yes,12 Hours,Yes,Yes,No,No,No,No,Yes,Yes,Knowledge Park II Metro Station,1.29,Sharda University,6.61,Greater Noida Industrial Area,12.23,0.41,3.38,3.4,67,Yes,2026-07-23,99acres,13.48,55.0,48.8,58.6,53.5
PROP_358,3BHK,Fully Furnished 3BHK Apartment in Gurugram Sector 45,Gurugram Sector 45,Gurugram,Gurugram,Family,3,2,12,15,8,49000,98000,3328.0,2500.0,1664,Furnished,Yes,Yes,Yes,Yes,4 Hours,Yes,No,No,No,No,Yes,Yes,No,HUDA City Centre Metro Station,3.81,Ansal University,5.07,Golf Course Road Offices,14.52,2.47,0.79,3.4,67,No,2026-07-15,NoBroker,29.45,44.5,40.6,49.1,54.6
PROP_359,2BHK,Fully Furnished 2BHK Apartment in Hauz Khas,Hauz Khas,Delhi,South Delhi,Family,2,2,3,3,10,65500,131000,3700.0,2500.0,1297,Furnished,No,Yes,No,No,4 Hours,Yes,Yes,No,No,No,No,Yes,No,Hauz Khas Metro Station,1.51,IIT Delhi,6.14,Okhla Industrial Area,8.16,2.12,3.21,4.2,80,Yes,2026-07-09,NoBroker,50.5,45.5,42.2,50.1,46.5
PROP_360,1BHK,Fully Furnished 1BHK Apartment in Mukherjee Nagar,Mukherjee Nagar,Delhi,North Delhi,Student,1,1,20,20,3,9000,9500,0.0,900.0,337,Furnished,No,No,Yes,Yes,12 Hours,Yes,No,No,No,No,Yes,Yes,No,GTB Nagar Metro Station,4.15,SGTB Khalsa College,2.65,Connaught Place,5.08,2.22,2.17,4.1,52,No,2026-08-01,99acres,26.71,46.0,38.8,48.3,45.1
PROP_361,1RK,Fully Furnished 1RK Apartment in Preet Vihar,Preet Vihar,Delhi,East Delhi,Family,1,1,5,12,6,14000,29000,1000.0,921.0,414,Furnished,Yes,Yes,Yes,No,24 Hours,Yes,No,No,No,Yes,No,No,No,Preet Vihar Metro Station,2.82,Vivekananda College,5.52,Noida Sector 62 IT Park,13.17,0.88,3.94,3.7,80,Yes,2026-07-12,99acres,33.82,45.6,39.0,48.6,44.9
PROP_362,1BHK,Semi-Furnished 1BHK Apartment in Hauz Khas,Hauz Khas,Delhi,South Delhi,Family,1,1,5,5,14,29000,58000,0.0,800.0,515,Semi-Furnished,No,No,Yes,Yes,12 Hours,No,No,No,Yes,No,Yes,Yes,No,Hauz Khas Metro Station,4.27,IIT Delhi,9.13,Okhla Industrial Area,4.85,2.12,5.13,4.4,49,Yes,2026-07-22,99acres,56.31,42.6,39.0,47.9,44.5
PROP_363,3BHK,Fully Furnished 3BHK Apartment in Greater Kailash,Greater Kailash,Delhi,South Delhi,Working Professional,3,2,2,3,6,155000,311000,3900.0,3500.0,1920,Furnished,No,Yes,No,Yes,4 Hours,Yes,No,No,No,No,Yes,No,Yes,Kailash Colony Metro Station,1.93,Lady Shri Ram College (LSR),4.69,Nehru Place IT Hub,2.29,3.78,5.94,3.9,9,Yes,2026-07-19,NoBroker,80.73,36.9,40.0,43.5,40.1
PROP_364,1RK,Fully Furnished 1RK Apartment in Preet Vihar,Preet Vihar,Delhi,East Delhi,Student,1,1,4,12,0,14000,28000,0.0,900.0,413,Furnished,No,Yes,Yes,No,12 Hours,Yes,Yes,No,No,No,Yes,Yes,No,Preet Vihar Metro Station,4.03,Vivekananda College,6.45,Noida Sector 62 IT Park,5.66,3.84,3.94,4.0,56,Yes,2026-08-08,99acres,33.9,44.3,39.1,48.6,39.6
PROP_365,3BHK,Semi-Furnished 3BHK Apartment in Gurugram Sector 45,Gurugram Sector 45,Gurugram,Gurugram,Working Professional,3,2,8,15,12,35000,71000,2940.0,1900.0,1470,Semi-Furnished,No,Yes,Yes,Yes,24 Hours,Yes,No,No,No,No,Yes,Yes,No,HUDA City Centre Metro Station,1.97,Ansal University,5.07,Golf Course Road Offices,1.25,2.74,2.3,3.3,12,Yes,2026-07-29,MagicBricks,23.81,48.3,53.2,58.4,51.2
PROP_366,2BHK,Semi-Furnished 2BHK Apartment in Dwarka,Dwarka,Delhi,Dwarka,Working Bachelor,2,2,1,3,13,24500,49000,0.0,1800.0,1120,Semi-Furnished,No,Yes,No,No,4 Hours,No,Yes,No,Yes,No,No,No,No,Dwarka Sector 10 Metro Station,0.84,Netaji Subhas University of Technology (NSUT),6.25,Gurugram Sector 21 IT Park,7.69,2.32,4.12,3.9,4,Yes,2026-07-28,99acres,21.88,53.1,47.8,57.0,45.2
PROP_367,4BHK,Fully Furnished 4BHK Apartment in Shakarpur,Shakarpur,Delhi,East Delhi,Family,4,4,0,3,3,25000,51000,2200.0,3300.0,1428,Furnished,No,Yes,No,Yes,24 Hours,Yes,Yes,No,No,No,No,Yes,No,Nirman Vihar Metro Station,0.66,Bhim Rao Ambedkar College,3.25,Noida Sector 62 IT Park,7.76,1.63,4.88,4.2,54,Yes,2026-07-28,Housing.com,17.51,57.4,50.5,59.7,47.9
PROP_368,3BHK,Semi-Furnished 3BHK Apartment in Rajinder Nagar,Rajinder Nagar,Delhi,Central Delhi,Family,3,2,2,4,15,38000,114000,0.0,2000.0,1129,Semi-Furnished,No,No,No,No,4 Hours,No,Yes,No,No,No,Yes,No,No,Rajendra Place Metro Station,2.01,Venkateshwara College,3.38,Rajendra Place IT Hub,3.88,1.2,3.61,4.4,52,Yes,2026-07-29,NoBroker,33.66,42.3,37.3,45.6,47.9
PROP_369,1BHK,Semi-Furnished 1BHK Apartment in Patel Nagar,Patel Nagar,Delhi,West Delhi,Family,1,1,2,5,15,12500,25000,0.0,700.0,483,Semi-Furnished,No,Yes,Yes,No,24 Hours,Yes,No,Yes,No,No,Yes,Yes,No,Patel Nagar Metro Station,4.25,Kalindi College,2.96,Rajendra Place IT Hub,9.4,4.11,5.77,4.7,2,Yes,2026-07-20,99acres,25.88,46.5,39.6,49.2,40.2
PROP_370,1BHK,Semi-Furnished 1BHK Apartment in Preet Vihar,Preet Vihar,Delhi,East Delhi,Working Bachelor,1,1,0,12,6,22500,22000,0.0,1500.0,724,Semi-Furnished,No,Yes,No,Yes,4 Hours,No,No,No,No,No,Yes,Yes,Yes,Preet Vihar Metro Station,0.57,Vivekananda College,3.69,Noida Sector 62 IT Park,5.17,2.46,2.59,4.4,72,Yes,2026-08-08,NoBroker,31.08,57.8,52.1,61.2,46.4
PROP_371,1RK,Fully Furnished 1RK Apartment in Janakpuri,Janakpuri,Delhi,West Delhi,Family,1,1,3,4,0,8500,17000,600.0,775.0,317,Furnished,No,No,No,No,24 Hours,Yes,No,No,No,No,No,Yes,Yes,Janakpuri West Metro Station,1.23,Bhaskaracharya College,6.27,Janakpuri District Centre,14.05,1.65,1.79,3.5,7,Yes,2026-08-09,Housing.com,26.81,49.7,43.8,53.6,47.5
PROP_372,1RK,Fully Furnished 1RK Apartment in Rohini,Rohini,Delhi,North Delhi,Student,1,1,4,5,2,8000,24000,800.0,1000.0,347,Furnished,No,Yes,Yes,Yes,4 Hours,Yes,No,No,No,No,Yes,Yes,Yes,Rohini West Metro Station,0.27,Delhi Technological University (DTU),6.48,Netaji Subhash Place,7.87,4.86,4.05,3.8,73,No,2026-07-29,NoBroker,23.05,66.0,60.7,70.4,43.9
PROP_373,2BHK,Fully Furnished 2BHK Apartment in Karol Bagh,Karol Bagh,Delhi,Central Delhi,Family,2,2,18,24,8,20500,41000,2100.0,1200.0,730,Furnished,Yes,Yes,Yes,No,12 Hours,Yes,No,No,No,Yes,No,No,No,Karol Bagh Metro Station,2.11,Sri Guru Nanak Dev Khalsa College,4.08,Connaught Place,4.92,3.34,2.61,3.2,48,No,2026-08-12,MagicBricks,28.08,48.0,41.8,51.0,39.9
PROP_374,4BHK,Fully Furnished 4BHK Apartment in Mukherjee Nagar,Mukherjee Nagar,Delhi,North Delhi,Family,4,4,3,4,4,43000,86000,0.0,3700.0,1703,Furnished,Yes,Yes,No,Yes,24 Hours,Yes,No,Yes,No,No,Yes,Yes,No,GTB Nagar Metro Station,2.41,SGTB Khalsa College,3.77,Connaught Place,9.29,2.57,0.48,3.7,4,Yes,2026-07-16,MagicBricks,25.25,47.1,42.0,50.6,55.7
PROP_375,1RK,Fully Furnished 1RK Apartment in Rohini,Rohini,Delhi,North Delhi,Student,1,1,3,3,7,7500,15000,1300.0,900.0,392,Furnished,Yes,No,No,Yes,4 Hours,Yes,Yes,No,No,No,Yes,No,No,Rohini West Metro Station,2.52,Delhi Technological University (DTU),2.0,Netaji Subhash Place,9.8,3.44,5.58,3.6,49,Yes,2026-07-13,MagicBricks,19.13,50.7,40.9,50.6,39.2
PROP_376,3BHK,Semi-Furnished 3BHK Apartment in Shakarpur,Shakarpur,Delhi,East Delhi,Family,3,2,3,3,13,19000,38000,3700.0,1800.0,1252,Semi-Furnished,Yes,Yes,No,Yes,24 Hours,Yes,Yes,No,No,No,Yes,Yes,Yes,Nirman Vihar Metro Station,0.51,Bhim Rao Ambedkar College,2.46,Noida Sector 62 IT Park,10.13,0.53,3.65,4.1,17,Yes,2026-07-12,99acres,15.18,65.1,57.2,66.6,58.1
PROP_377,1BHK,Fully Furnished 1BHK Apartment in Janakpuri,Janakpuri,Delhi,West Delhi,Student,1,1,6,8,3,10000,21000,800.0,1000.0,481,Furnished,No,Yes,Yes,Yes,4 Hours,Yes,Yes,No,Yes,No,No,Yes,No,Janakpuri West Metro Station,3.83,Bhaskaracharya College,6.27,Janakpuri District Centre,9.22,4.09,3.29,3.6,35,Yes,2026-07-06,Housing.com,20.79,47.4,41.6,51.2,39.4
PROP_378,2BHK,Semi-Furnished 2BHK Apartment in Gurugram Sector 45,Gurugram Sector 45,Gurugram,Gurugram,Family,2,2,2,8,11,35500,71000,3600.0,1300.0,1052,Semi-Furnished,No,Yes,Yes,Yes,24 Hours,Yes,Yes,Yes,No,No,Yes,Yes,No,HUDA City Centre Metro Station,0.36,Ansal University,5.07,Golf Course Road Offices,6.46,3.31,2.75,3.8,23,Yes,2026-06-29,99acres,33.75,64.8,60.7,69.5,48.9
PROP_379,4BHK,Fully Furnished 4BHK Apartment in Pari Chowk,Pari Chowk,Greater Noida,Greater Noida,Family,4,4,3,12,14,39000,78000,6200.0,4800.0,2784,Furnished,Yes,Yes,Yes,No,12 Hours,Yes,No,No,Yes,No,Yes,No,No,Pari Chowk Metro Station,2.2,Galgotias University,0.83,Greater Noida Industrial Area,10.1,4.03,3.86,3.5,31,Yes,2026-07-19,Housing.com,14.01,56.0,40.6,49.4,46.1
PROP_380,1RK,Semi-Furnished 1RK Apartment in Noida Sector 62,Noida Sector 62,Noida,Noida,Family,1,1,7,15,4,5000,11000,1000.0,605.0,337,Semi-Furnished,No,Yes,Yes,Yes,24 Hours,No,Yes,No,No,No,No,Yes,No,Noida Sector 62 Metro Station,3.68,JSS Academy of Technical Education,8.1,Noida Sector 62 IT Park,2.87,2.25,1.97,3.9,28,No,2026-08-09,NoBroker,14.84,45.4,42.3,51.1,45.2
PROP_381,1BHK,Semi-Furnished 1BHK Apartment in Saket,Saket,Delhi,South Delhi,Working Bachelor,1,1,3,3,4,20000,40000,1300.0,900.0,600,Semi-Furnished,No,Yes,No,Yes,12 Hours,No,No,No,No,No,Yes,Yes,No,Saket Metro Station,0.68,Gargi College,1.37,Saket District Centre,6.84,3.96,2.42,3.2,18,Yes,2026-07-13,Housing.com,33.33,62.3,51.4,60.7,47.1
PROP_382,1BHK,Fully Furnished 1BHK Apartment in Noida Sector 62,Noida Sector 62,Noida,Noida,Working Bachelor,1,1,2,3,10,14000,28000,0.0,1500.0,592,Furnished,Yes,Yes,No,Yes,4 Hours,Yes,No,No,Yes,No,Yes,No,No,Noida Sector 62 Metro Station,0.66,JSS Academy of Technical Education,8.23,Noida Sector 62 IT Park,11.71,4.37,1.46,4.9,27,Yes,2026-07-01,Housing.com,23.65,59.5,54.1,63.7,46.7
PROP_383,1BHK,Fully Furnished 1BHK Apartment in Mukherjee Nagar,Mukherjee Nagar,Delhi,North Delhi,Student,1,1,4,4,6,10000,10000,800.0,900.0,403,Furnished,No,Yes,No,Yes,12 Hours,Yes,No,No,No,No,Yes,Yes,No,GTB Nagar Metro Station,0.43,SGTB Khalsa College,2.37,Connaught Place,5.29,2.71,4.03,3.7,82,Yes,2026-07-15,99acres,24.81,63.3,55.5,65.0,45.5
PROP_384,2BHK,Fully Furnished 2BHK Apartment in Gurugram Sector 56,Gurugram Sector 56,Gurugram,Gurugram,Family,2,2,16,20,13,28500,28500,2000.0,2700.0,1171,Furnished,Yes,No,Yes,No,12 Hours,Yes,Yes,No,No,Yes,Yes,Yes,No,Sector 56 Metro Station,2.5,IILM University,2.7,Golf Course Road Offices,14.3,4.94,3.53,4.2,65,Yes,2026-07-20,Housing.com,24.34,50.5,44.1,53.2,44.9
PROP_385,1BHK,Semi-Furnished 1BHK Apartment in Indirapuram,Indirapuram,Ghaziabad,Ghaziabad,Family,1,1,5,12,2,11500,23000,1900.0,1400.0,750,Semi-Furnished,No,Yes,Yes,No,24 Hours,No,No,No,No,Yes,Yes,Yes,No,Vaishali Metro Station,2.16,ABES Engineering College,9.22,Noida Sector 62 IT Park,14.28,0.76,5.31,4.1,17,Yes,2026-07-03,Housing.com,15.33,45.9,40.2,49.9,50.3
PROP_386,2BHK,Semi-Furnished 2BHK Apartment in Noida Sector 137,Noida Sector 137,Noida,Noida,Working Bachelor,2,2,11,20,13,23000,69000,3400.0,2200.0,1289,Semi-Furnished,Yes,Yes,Yes,No,4 Hours,No,Yes,Yes,Yes,No,No,Yes,No,Noida Sector 137 Metro Station,2.63,Amity University Noida,1.16,Noida Expressway Offices,1.6,1.44,5.91,4.4,58,Yes,2026-07-14,NoBroker,17.84,56.3,50.3,56.8,49.2
PROP_387,2BHK,Semi-Furnished 2BHK Apartment in Preet Vihar,Preet Vihar,Delhi,East Delhi,Family,2,2,3,8,10,39000,79000,0.0,2600.0,1181,Semi-Furnished,Yes,Yes,Yes,Yes,12 Hours,No,Yes,No,No,No,Yes,Yes,No,Preet Vihar Metro Station,1.96,Vivekananda College,5.07,Noida Sector 62 IT Park,8.02,2.46,2.68,3.6,75,No,2026-07-02,NoBroker,33.02,47.9,43.1,51.9,44.9
PROP_388,1BHK,Fully Furnished 1BHK Apartment in Mukherjee Nagar,Mukherjee Nagar,Delhi,North Delhi,Student,1,1,3,8,10,7500,15000,1000.0,1000.0,361,Furnished,No,Yes,Yes,No,4 Hours,Yes,No,Yes,No,No,No,Yes,No,GTB Nagar Metro Station,0.38,SGTB Khalsa College,4.56,Connaught Place,7.66,3.83,3.86,3.3,29,Yes,2026-06-29,NoBroker,20.78,62.3,56.0,65.8,42.3
PROP_389,3BHK,Semi-Furnished 3BHK Apartment in Knowledge Park,Knowledge Park,Greater Noida,Greater Noida,Family,3,2,1,8,2,27000,54000,0.0,4100.0,1910,Semi-Furnished,Yes,Yes,Yes,Yes,12 Hours,No,No,No,No,No,Yes,Yes,No,Knowledge Park II Metro Station,2.95,Sharda University,3.79,Greater Noida Industrial Area,2.01,4.1,2.73,4.4,12,Yes,2026-07-19,NoBroker,14.14,45.3,44.4,51.6,46.9
PROP_390,2BHK,Fully Furnished 2BHK Apartment in Vasant Kunj,Vasant Kunj,Delhi,South Delhi,Family,2,2,2,20,12,72000,144000,0.0,2329.0,1353,Furnished,No,Yes,Yes,No,24 Hours,Yes,Yes,No,No,Yes,Yes,No,No,Chattarpur Metro Station,1.5,Jawaharlal Nehru University (JNU),9.27,Cyber City Gurugram,13.82,4.72,2.31,4.5,13,No,2026-07-23,Housing.com,53.22,47.8,44.8,52.6,44.3
PROP_391,2BHK,Fully Furnished 2BHK Apartment in Noida Sector 62,Noida Sector 62,Noida,Noida,Working Professional,2,2,11,24,14,17000,34000,2000.0,2100.0,895,Furnished,No,Yes,Yes,Yes,12 Hours,Yes,Yes,No,No,No,Yes,Yes,Yes,Noida Sector 62 Metro Station,1.9,JSS Academy of Technical Education,2.34,Noida Sector 62 IT Park,2.23,2.89,2.49,4.7,1,Yes,2026-07-04,NoBroker,18.99,55.5,51.9,59.7,47.5
PROP_392,2BHK,Fully Furnished 2BHK Apartment in Noida Sector 137,Noida Sector 137,Noida,Noida,Family,2,2,8,24,1,18000,54000,2000.0,2300.0,1016,Furnished,No,No,Yes,No,12 Hours,Yes,No,No,No,Yes,No,Yes,No,Noida Sector 137 Metro Station,3.01,Amity University Noida,9.29,Noida Expressway Offices,10.0,4.73,3.89,4.7,63,Yes,2026-07-25,99acres,17.72,43.6,38.4,47.8,41.5
PROP_393,2BHK,Fully Furnished 2BHK Apartment in DLF Phase 3,Dlf Phase 3,Gurugram,Gurugram,Working Professional,2,2,2,3,1,32000,32000,0.0,1500.0,863,Furnished,Yes,Yes,No,Yes,12 Hours,Yes,No,No,No,No,No,Yes,No,Phase 3 Metro Station,2.18,Dronacharya College of Engineering,9.28,DLF Cyber City,1.42,0.86,3.49,3.8,45,Yes,2026-06-30,MagicBricks,37.08,46.4,49.9,55.7,52.9
PROP_394,1BHK,Fully Furnished 1BHK Apartment in Vaishali,Vaishali,Ghaziabad,Ghaziabad,Student,1,1,3,5,11,15000,15000,1000.0,1100.0,659,Furnished,Yes,No,Yes,No,24 Hours,Yes,No,No,No,No,Yes,Yes,No,Vaishali Metro Station,2.67,Inderprastha Dental College,3.44,Noida Sector 62 IT Park,1.64,3.39,5.56,3.8,45,Yes,2026-06-30,Housing.com,22.76,45.3,45.3,52.1,41.2
PROP_395,2BHK,Fully Furnished 2BHK Apartment in Pari Chowk,Pari Chowk,Greater Noida,Greater Noida,Family,2,2,12,24,5,15500,31000,3000.0,2400.0,1219,Furnished,Yes,Yes,Yes,Yes,4 Hours,Yes,No,No,No,No,No,No,No,Pari Chowk Metro Station,4.27,Galgotias University,9.54,Greater Noida Industrial Area,3.62,3.95,5.02,4.1,71,Yes,2026-07-25,99acres,12.72,43.4,38.5,47.5,38.5
PROP_396,2BHK,Semi-Furnished 2BHK Apartment in Mayur Vihar,Mayur Vihar,Delhi,East Delhi,Working Bachelor,2,2,1,8,6,21500,43000,0.0,1500.0,772,Semi-Furnished,No,Yes,Yes,No,4 Hours,No,Yes,No,Yes,No,Yes,No,No,Mayur Vihar 1 Metro Station,1.04,Shaheed Sukhdev College of Business Studies,1.87,Noida Sector 62 IT Park,6.21,3.12,4.21,3.3,6,Yes,2026-07-30,NoBroker,27.85,56.9,47.0,56.2,41.1
PROP_397,1BHK,Fully Furnished 1BHK Apartment in Mukherjee Nagar,Mukherjee Nagar,Delhi,North Delhi,Student,1,1,5,12,1,13000,13000,0.0,1035.0,490,Furnished,Yes,Yes,Yes,Yes,24 Hours,Yes,No,No,No,No,Yes,Yes,Yes,GTB Nagar Metro Station,3.09,SGTB Khalsa College,4.56,Connaught Place,1.5,2.57,1.13,4.5,69,Yes,2026-08-09,NoBroker,26.53,49.4,51.3,57.9,49.7
PROP_398,1BHK,Fully Furnished 1BHK Apartment in Karol Bagh,Karol Bagh,Delhi,Central Delhi,Student,1,1,3,4,7,11000,22000,1000.0,800.0,346,Furnished,No,Yes,No,No,4 Hours,Yes,Yes,No,No,No,Yes,Yes,No,Karol Bagh Metro Station,4.12,Sri Guru Nanak Dev Khalsa College,4.73,Connaught Place,6.79,1.49,2.38,4.6,83,Yes,2026-08-07,NoBroker,31.79,43.9,38.4,48.0,47.2
PROP_399,2BHK,Fully Furnished 2BHK Apartment in Karol Bagh,Karol Bagh,Delhi,Central Delhi,Family,2,2,3,5,7,22500,45000,2000.0,1500.0,707,Furnished,Yes,Yes,Yes,No,4 Hours,Yes,No,No,No,No,No,Yes,Yes,Karol Bagh Metro Station,2.05,Sri Guru Nanak Dev Khalsa College,9.63,Connaught Place,4.92,3.98,5.35,3.5,54,Yes,2026-08-13,99acres,31.82,48.3,43.4,52.5,39.6
PROP_400,1RK,Fully Furnished 1RK Apartment in Saket,Saket,Delhi,South Delhi,Family,1,1,1,3,12,11500,34500,700.0,800.0,300,Furnished,No,Yes,No,Yes,12 Hours,Yes,No,No,No,No,No,Yes,No,Saket Metro Station,1.33,Gargi College,0.72,Saket District Centre,4.33,2.01,5.64,3.4,12,Yes,2026-08-03,NoBroker,38.33,62.8,47.4,56.8,45.5
PROP_401,2BHK,Fully Furnished 2BHK Apartment in Janakpuri,Janakpuri,Delhi,West Delhi,Family,2,2,3,24,3,29000,58000,0.0,1600.0,1019,Furnished,Yes,No,Yes,Yes,24 Hours,Yes,Yes,No,No,Yes,Yes,Yes,No,Janakpuri West Metro Station,2.38,Bhaskaracharya College,4.65,Janakpuri District Centre,3.08,4.36,2.66,3.9,39,Yes,2026-07-13,MagicBricks,28.46,49.5,46.6,54.8,43.9
PROP_402,3BHK,Fully Furnished 3BHK Apartment in Hauz Khas,Hauz Khas,Delhi,South Delhi,Family,3,2,1,8,15,102500,205000,4000.0,3210.0,1940,Furnished,No,Yes,Yes,Yes,24 Hours,Yes,No,No,No,No,Yes,No,No,Hauz Khas Metro Station,0.77,IIT Delhi,8.55,Okhla Industrial Area,14.99,1.25,3.9,3.4,41,Yes,2026-08-07,Housing.com,52.84,49.5,47.4,54.2,51.2
PROP_403,3BHK,Fully Furnished 3BHK Apartment in Noida Sector 137,Noida Sector 137,Noida,Noida,Family,3,2,5,12,7,29000,58000,3054.0,2590.0,1527,Furnished,Yes,Yes,Yes,No,4 Hours,Yes,No,No,No,No,Yes,Yes,No,Noida Sector 137 Metro Station,2.57,Amity University Noida,7.57,Noida Expressway Offices,9.28,1.04,0.91,4.0,24,Yes,2026-07-18,Housing.com,18.99,46.0,41.7,50.8,59.9
PROP_404,1BHK,Fully Furnished 1BHK Apartment in Pari Chowk,Pari Chowk,Greater Noida,Greater Noida,Student,1,1,2,8,7,9500,19000,0.0,1400.0,686,Furnished,No,No,Yes,No,12 Hours,Yes,Yes,No,Yes,No,No,Yes,No,Pari Chowk Metro Station,3.19,Galgotias University,9.4,Greater Noida Industrial Area,2.21,3.73,2.73,3.3,43,Yes,2026-08-13,99acres,13.85,44.6,42.9,50.9,41.1
PROP_405,2BHK,Fully Furnished 2BHK Apartment in Mayur Vihar,Mayur Vihar,Delhi,East Delhi,Family,2,2,0,5,5,26500,53000,2800.0,1700.0,1037,Furnished,Yes,Yes,Yes,Yes,4 Hours,Yes,Yes,Yes,Yes,No,Yes,No,No,Mayur Vihar 1 Metro Station,2.52,Shaheed Sukhdev College of Business Studies,6.64,Noida Sector 62 IT Park,12.95,1.61,2.46,4.3,65,Yes,2026-07-18,NoBroker,25.55,50.5,44.9,54.1,45.8
PROP_406,1BHK,Fully Furnished 1BHK Apartment in Laxmi Nagar,Laxmi Nagar,Delhi,East Delhi,Student,1,1,5,8,0,7500,22000,900.0,1000.0,432,Furnished,No,Yes,Yes,No,24 Hours,Yes,No,No,No,No,Yes,Yes,No,Laxmi Nagar Metro Station,0.12,Shyam Lal College,7.69,Noida Sector 62 IT Park,7.65,1.83,1.08,4.1,58,Yes,2026-07-26,Housing.com,17.36,65.1,59.6,69.3,53.8
PROP_407,3BHK,Fully Furnished 3BHK Apartment in Janakpuri,Janakpuri,Delhi,West Delhi,Family,3,2,3,24,10,48000,96000,5000.0,3100.0,1498,Furnished,Yes,Yes,Yes,Yes,24 Hours,Yes,Yes,No,No,No,Yes,Yes,Yes,Janakpuri West Metro Station,1.53,Bhaskaracharya College,9.12,Janakpuri District Centre,9.86,2.83,3.98,4.4,29,Yes,2026-08-11,NoBroker,32.04,52.4,48.4,56.9,45.2
PROP_408,1BHK,Semi-Furnished 1BHK Apartment in DLF Phase 3,Dlf Phase 3,Gurugram,Gurugram,Working Bachelor,1,1,3,4,7,16000,32000,900.0,900.0,432,Semi-Furnished,No,Yes,No,No,12 Hours,No,Yes,Yes,No,No,Yes,Yes,No,Phase 3 Metro Station,0.11,Dronacharya College of Engineering,3.15,DLF Cyber City,13.85,4.33,3.62,4.7,62,Yes,2026-07-14,MagicBricks,37.04,67.5,61.4,70.9,46.8
PROP_409,1BHK,Semi-Furnished 1BHK Apartment in Kamla Nagar,Kamla Nagar,Delhi,North Delhi,Student,1,1,3,3,7,9000,9000,0.0,800.0,387,Semi-Furnished,No,Yes,No,Yes,24 Hours,No,Yes,No,No,No,Yes,No,No,Vishwa Vidyalaya Metro Station,2.96,Kirori Mal College,9.43,Connaught Place,12.67,3.62,1.09,3.8,24,Yes,2026-07-28,MagicBricks,23.26,44.0,38.3,48.0,44.8
PROP_410,1BHK,Fully Furnished 1BHK Apartment in Knowledge Park,Knowledge Park,Greater Noida,Greater Noida,Student,1,1,11,12,1,6500,6500,1900.0,1279.0,653,Furnished,No,Yes,Yes,No,24 Hours,Yes,No,No,No,No,No,No,No,Knowledge Park II Metro Station,2.43,Sharda University,3.79,Greater Noida Industrial Area,14.99,3.74,0.7,4.5,39,Yes,2026-07-18,MagicBricks,9.95,44.9,37.4,47.2,45.5
PROP_411,1BHK,Fully Furnished 1BHK Apartment in Kamla Nagar,Kamla Nagar,Delhi,North Delhi,Student,1,1,11,12,14,13000,27000,1000.0,1100.0,435,Furnished,No,Yes,Yes,No,4 Hours,Yes,No,No,Yes,Yes,No,Yes,No,Vishwa Vidyalaya Metro Station,2.28,Kirori Mal College,9.11,Connaught Place,12.9,1.71,5.08,4.4,79,Yes,2026-08-04,MagicBricks,29.89,48.3,42.7,52.3,43.1
PROP_412,1BHK,Fully Furnished 1BHK Apartment in Vaishali,Vaishali,Ghaziabad,Ghaziabad,Student,1,1,8,8,15,11500,34500,0.0,1400.0,606,Furnished,No,No,Yes,Yes,24 Hours,Yes,No,Yes,Yes,No,Yes,No,No,Vaishali Metro Station,2.91,Inderprastha Dental College,7.03,Noida Sector 62 IT Park,7.59,3.09,2.26,4.3,79,Yes,2026-06-29,MagicBricks,18.98,45.9,39.8,49.4,40.4
PROP_413,4BHK,Fully Furnished 4BHK Apartment in Laxmi Nagar,Laxmi Nagar,Delhi,East Delhi,Family,4,4,2,4,12,32000,64000,0.0,3500.0,1498,Furnished,Yes,Yes,No,No,4 Hours,Yes,No,No,No,No,Yes,Yes,Yes,Laxmi Nagar Metro Station,1.4,Shyam Lal College,4.2,Noida Sector 62 IT Park,3.35,0.6,5.33,3.8,25,Yes,2026-07-24,NoBroker,21.36,50.4,46.6,55.0,55.6
PROP_414,1BHK,Semi-Furnished 1BHK Apartment in Vaishali,Vaishali,Ghaziabad,Ghaziabad,Student,1,1,1,4,13,11500,11000,2200.0,1200.0,660,Semi-Furnished,No,Yes,No,Yes,4 Hours,No,Yes,No,No,No,Yes,Yes,Yes,Vaishali Metro Station,1.88,Inderprastha Dental College,1.67,Noida Sector 62 IT Park,12.45,4.64,1.17,3.3,63,Yes,2026-08-03,Housing.com,17.42,53.7,42.8,52.5,45.4
PROP_415,1RK,Fully Furnished 1RK Apartment in Hauz Khas,Hauz Khas,Delhi,South Delhi,Family,1,1,8,12,10,23000,46000,1500.0,1100.0,450,Furnished,No,Yes,Yes,Yes,24 Hours,Yes,Yes,No,No,No,Yes,Yes,Yes,Hauz Khas Metro Station,1.25,IIT Delhi,4.36,Okhla Industrial Area,5.7,2.12,3.02,4.0,51,Yes,2026-08-11,MagicBricks,51.11,56.7,52.0,61.2,47.3
PROP_416,2BHK,Fully Furnished 2BHK Apartment in Green Park,Green Park,Delhi,South Delhi,Working Professional,2,2,1,8,6,72500,217000,0.0,2700.0,1322,Furnished,Yes,Yes,Yes,No,24 Hours,Yes,No,No,No,No,No,No,No,Green Park Metro Station,1.04,NIFT Delhi,0.46,Bhikaji Cama Place,5.27,3.85,4.46,4.7,66,Yes,2026-07-29,NoBroker,54.84,62.5,45.5,53.1,41.4
PROP_417,3BHK,Fully Furnished 3BHK Apartment in Patel Nagar,Patel Nagar,Delhi,West Delhi,Family,3,2,20,20,13,34000,68000,3900.0,2100.0,1258,Furnished,No,Yes,Yes,Yes,24 Hours,Yes,No,No,No,Yes,Yes,Yes,No,Patel Nagar Metro Station,2.23,Kalindi College,4.27,Rajendra Place IT Hub,7.68,0.29,5.71,3.7,70,Yes,2026-07-27,99acres,27.03,48.2,43.1,52.1,57.8
PROP_418,1RK,Semi-Furnished 1RK Apartment in Kamla Nagar,Kamla Nagar,Delhi,North Delhi,Family,1,1,10,24,3,9000,18000,0.0,500.0,320,Semi-Furnished,No,No,Yes,Yes,12 Hours,No,No,No,No,No,Yes,No,No,Vishwa Vidyalaya Metro Station,1.64,Kirori Mal College,5.19,Connaught Place,3.16,2.63,2.56,3.5,4,Yes,2026-07-08,Housing.com,28.12,47.2,43.2,52.1,42.8
PROP_419,1RK,Fully Furnished 1RK Apartment in Saket,Saket,Delhi,South Delhi,Student,1,1,8,12,0,11000,33000,800.0,699.0,266,Furnished,Yes,No,Yes,No,12 Hours,Yes,Yes,No,No,Yes,No,Yes,No,Saket Metro Station,4.2,Gargi College,8.3,Saket District Centre,6.34,2.52,3.13,3.3,42,Yes,2026-06-30,99acres,41.35,46.9,42.1,51.7,43.5
PROP_420,3BHK,Fully Furnished 3BHK Apartment in Shakarpur,Shakarpur,Delhi,East Delhi,Family,3,2,4,15,2,21000,42000,2000.0,2100.0,1192,Furnished,No,Yes,Yes,Yes,12 Hours,Yes,Yes,No,Yes,No,Yes,Yes,No,Nirman Vihar Metro Station,1.42,Bhim Rao Ambedkar College,8.0,Noida Sector 62 IT Park,9.26,0.99,1.47,3.4,35,Yes,2026-07-11,NoBroker,17.62,53.6,48.5,57.8,55.8
PROP_421,2BHK,Semi-Furnished 2BHK Apartment in Knowledge Park,Knowledge Park,Greater Noida,Greater Noida,Working Bachelor,2,2,12,12,1,10000,21000,1800.0,1300.0,1014,Semi-Furnished,Yes,Yes,Yes,Yes,24 Hours,No,Yes,No,No,No,Yes,No,No,Knowledge Park II Metro Station,2.43,Sharda University,3.72,Greater Noida Industrial Area,5.8,4.82,2.22,3.6,28,Yes,2026-07-25,MagicBricks,9.86,48.7,41.9,51.5,42.2
PROP_422,3BHK,Fully Furnished 3BHK Apartment in Pari Chowk,Pari Chowk,Greater Noida,Greater Noida,Family,3,2,10,12,3,24000,48000,5200.0,3800.0,1700,Furnished,No,Yes,Yes,Yes,24 Hours,Yes,Yes,No,No,Yes,No,No,No,Pari Chowk Metro Station,2.55,Galgotias University,4.58,Greater Noida Industrial Area,8.79,4.97,3.25,3.6,36,Yes,2026-08-11,MagicBricks,14.12,47.0,40.5,49.8,40.5
PROP_423,2BHK,Fully Furnished 2BHK Apartment in Greater Kailash,Greater Kailash,Delhi,South Delhi,Family,2,2,7,15,13,92000,92500,0.0,2300.0,1512,Furnished,Yes,Yes,Yes,No,4 Hours,Yes,No,Yes,No,No,Yes,No,No,Kailash Colony Metro Station,3.41,Lady Shri Ram College (LSR),6.24,Nehru Place IT Hub,1.58,1.11,3.74,4.7,39,Yes,2026-07-05,NoBroker,60.85,40.2,44.7,49.1,50.1
PROP_424,2BHK,Fully Furnished 2BHK Apartment in Noida Sector 15,Noida Sector 15,Noida,Noida,Family,2,2,1,3,10,23000,46000,2000.0,1700.0,902,Furnished,Yes,Yes,No,No,24 Hours,Yes,Yes,Yes,No,No,Yes,Yes,No,Noida Sector 15 Metro Station,4.16,Amity University Noida,5.98,Noida Sector 16 Commercial Hub,6.29,2.82,4.89,3.4,42,Yes,2026-07-19,99acres,25.5,45.9,41.4,50.6,43.8
PROP_425,1BHK,Fully Furnished 1BHK Apartment in Shakarpur,Shakarpur,Delhi,East Delhi,Student,1,1,4,4,6,6500,13000,0.0,876.0,384,Furnished,No,Yes,No,No,12 Hours,Yes,No,Yes,No,No,Yes,No,Yes,Nirman Vihar Metro Station,0.84,Bhim Rao Ambedkar College,2.31,Noida Sector 62 IT Park,6.14,1.14,3.2,4.7,50,No,2026-07-14,MagicBricks,16.93,58.8,49.8,59.5,47.9
PROP_426,2BHK,Fully Furnished 2BHK Apartment in Rohini,Rohini,Delhi,North Delhi,Family,2,2,1,3,5,19000,38000,2100.0,1900.0,941,Furnished,Yes,Yes,No,No,12 Hours,Yes,No,No,No,No,Yes,No,No,Rohini West Metro Station,2.94,Delhi Technological University (DTU),2.53,Netaji Subhash Place,2.39,4.11,5.99,4.4,76,Yes,2026-08-06,MagicBricks,20.19,45.8,41.4,49.3,40.7
PROP_427,2BHK,Semi-Furnished 2BHK Apartment in Shakarpur,Shakarpur,Delhi,East Delhi,Family,2,2,11,24,8,7000,14000,0.0,944.0,563,Semi-Furnished,Yes,No,Yes,Yes,24 Hours,No,Yes,No,No,Yes,Yes,No,Yes,Nirman Vihar Metro Station,3.33,Bhim Rao Ambedkar College,3.25,Noida Sector 62 IT Park,13.66,3.87,1.16,4.1,24,Yes,2026-07-21,Housing.com,12.43,49.1,41.6,51.3,44.0
PROP_428,3BHK,Semi-Furnished 3BHK Apartment in Rohini,Rohini,Delhi,North Delhi,Family,3,2,6,15,7,22000,45000,0.0,2600.0,1286,Semi-Furnished,Yes,Yes,Yes,Yes,24 Hours,Yes,Yes,No,No,No,No,Yes,Yes,Rohini West Metro Station,3.39,Delhi Technological University (DTU),7.31,Netaji Subhash Place,7.04,4.58,5.91,4.7,33,No,2026-08-06,MagicBricks,17.11,48.2,42.9,52.2,40.8
PROP_429,2BHK,Fully Furnished 2BHK Apartment in Dwarka,Dwarka,Delhi,Dwarka,Family,2,2,0,4,3,41500,83000,0.0,2500.0,1402,Furnished,Yes,Yes,No,Yes,12 Hours,Yes,Yes,No,No,No,Yes,No,No,Dwarka Sector 10 Metro Station,2.78,Netaji Subhas University of Technology (NSUT),2.8,Gurugram Sector 21 IT Park,10.44,2.74,2.29,3.9,55,Yes,2026-07-03,Housing.com,29.6,47.5,41.1,49.8,46.2
PROP_430,2BHK,Semi-Furnished 2BHK Apartment in Mayur Vihar,Mayur Vihar,Delhi,East Delhi,Family,2,2,24,24,7,23000,23000,0.0,1100.0,814,Semi-Furnished,No,Yes,Yes,Yes,12 Hours,Yes,Yes,Yes,No,Yes,Yes,No,No,Mayur Vihar 1 Metro Station,2.59,Shaheed Sukhdev College of Business Studies,9.75,Noida Sector 62 IT Park,10.76,3.46,0.31,4.2,83,Yes,2026-07-16,Housing.com,28.26,49.0,43.5,52.8,50.4
PROP_431,4BHK,Fully Furnished 4BHK Apartment in Rajinder Nagar,Rajinder Nagar,Delhi,Central Delhi,Family,4,4,4,5,0,82000,164000,0.0,3411.0,2074,Furnished,Yes,Yes,No,Yes,12 Hours,Yes,No,No,No,No,No,Yes,No,Rajendra Place Metro Station,0.25,Venkateshwara College,9.02,Rajendra Place IT Hub,9.51,1.98,2.16,3.9,53,No,2026-07-10,Housing.com,39.54,56.8,53.4,60.8,50.1
PROP_432,2BHK,Fully Furnished 2BHK Apartment in Laxmi Nagar,Laxmi Nagar,Delhi,East Delhi,Family,2,2,1,3,15,13500,27000,1000.0,1300.0,665,Furnished,Yes,Yes,No,No,24 Hours,Yes,Yes,No,No,No,No,Yes,No,Laxmi Nagar Metro Station,3.95,Shyam Lal College,6.2,Noida Sector 62 IT Park,11.23,3.94,2.33,3.9,73,Yes,2026-08-03,MagicBricks,20.3,43.4,37.5,47.1,40.2
PROP_433,1RK,Semi-Furnished 1RK Apartment in Greater Kailash,Greater Kailash,Delhi,South Delhi,Family,1,1,3,5,15,17500,35000,0.0,644.0,363,Semi-Furnished,Yes,Yes,Yes,Yes,24 Hours,No,Yes,No,No,No,Yes,Yes,No,Kailash Colony Metro Station,0.66,Lady Shri Ram College (LSR),4.75,Nehru Place IT Hub,2.67,2.91,5.1,4.6,73,Yes,2026-07-14,99acres,48.21,61.1,59.1,67.4,46.1
PROP_434,3BHK,Semi-Furnished 3BHK Apartment in Gurugram Sector 45,Gurugram Sector 45,Gurugram,Gurugram,Family,3,2,5,20,12,51000,153000,4700.0,3100.0,1519,Semi-Furnished,Yes,Yes,Yes,Yes,4 Hours,No,No,No,No,Yes,No,Yes,No,HUDA City Centre Metro Station,1.69,Ansal University,1.37,Golf Course Road Offices,13.61,2.47,5.15,3.6,66,No,2026-08-03,MagicBricks,33.57,54.9,44.3,52.7,45.3
PROP_435,1BHK,Fully Furnished 1BHK Apartment in Hauz Khas,Hauz Khas,Delhi,South Delhi,Family,1,1,1,3,13,31500,63000,0.0,1000.0,530,Furnished,No,Yes,No,No,24 Hours,Yes,Yes,Yes,No,No,Yes,Yes,No,Hauz Khas Metro Station,3.97,IIT Delhi,6.45,Okhla Industrial Area,8.06,0.8,3.17,3.6,42,Yes,2026-07-16,99acres,59.43,44.2,40.1,49.1,52.1
PROP_436,3BHK,Fully Furnished 3BHK Apartment in Karol Bagh,Karol Bagh,Delhi,Central Delhi,Family,3,2,4,5,0,33500,67000,1600.0,1954.0,1103,Furnished,Yes,Yes,Yes,Yes,4 Hours,Yes,Yes,No,No,No,Yes,Yes,No,Karol Bagh Metro Station,3.33,Sri Guru Nanak Dev Khalsa College,4.6,Connaught Place,5.77,4.34,3.9,3.6,25,Yes,2026-07-01,Housing.com,30.37,47.1,42.4,51.3,42.0
PROP_437,3BHK,Fully Furnished 3BHK Apartment in Rajinder Nagar,Rajinder Nagar,Delhi,Central Delhi,Family,3,2,9,20,3,41000,82000,1000.0,2900.0,1205,Furnished,No,Yes,Yes,No,24 Hours,Yes,Yes,No,No,Yes,Yes,Yes,No,Rajendra Place Metro Station,1.71,Venkateshwara College,3.76,Rajendra Place IT Hub,8.25,2.59,4.88,4.8,34,Yes,2026-07-27,NoBroker,34.02,50.0,44.9,53.6,44.4
PROP_438,3BHK,Fully Furnished 3BHK Apartment in Kamla Nagar,Kamla Nagar,Delhi,North Delhi,Family,3,2,9,12,8,43500,87000,0.0,2900.0,1393,Furnished,No,Yes,Yes,No,12 Hours,Yes,No,No,Yes,No,Yes,Yes,Yes,Vishwa Vidyalaya Metro Station,3.05,Kirori Mal College,8.76,Connaught Place,10.03,4.48,4.38,3.6,16,Yes,2026-07-15,Housing.com,31.23,44.6,40.5,49.1,42.3
PROP_439,1RK,Semi-Furnished 1RK Apartment in Gurugram Sector 56,Gurugram Sector 56,Gurugram,Gurugram,Family,1,1,3,5,3,7000,14000,0.0,700.0,318,Semi-Furnished,No,Yes,Yes,No,12 Hours,No,No,Yes,No,No,Yes,Yes,No,Sector 56 Metro Station,1.77,IILM University,2.01,Golf Course Road Offices,1.0,2.5,1.19,4.0,0,Yes,2026-07-01,99acres,22.01,53.9,56.4,61.7,52.8
PROP_441,1RK,Semi-Furnished 1RK Apartment in Rohini,Rohini,Delhi,North Delhi,Student,1,1,0,3,6,8000,17000,600.0,700.0,396,Semi-Furnished,No,Yes,No,Yes,24 Hours,Yes,Yes,No,No,No,Yes,Yes,Yes,Rohini West Metro Station,2.82,Delhi Technological University (DTU),2.49,Netaji Subhash Place,0.76,3.52,3.69,3.4,72,Yes,2026-07-24,99acres,20.2,51.1,56.7,61.0,44.3
PROP_442,1BHK,Fully Furnished 1BHK Apartment in Gurugram Sector 45,Gurugram Sector 45,Gurugram,Gurugram,Family,1,1,2,3,3,21500,43000,1200.0,1300.0,568,Furnished,No,No,No,Yes,12 Hours,Yes,No,No,No,No,No,Yes,No,HUDA City Centre Metro Station,3.62,Ansal University,4.34,Golf Course Road Offices,6.46,2.47,2.3,4.6,36,Yes,2026-08-13,NoBroker,37.85,42.0,36.7,46.0,44.4
PROP_443,3BHK,Fully Furnished 3BHK Apartment in Vaishali,Vaishali,Ghaziabad,Ghaziabad,Working Professional,3,2,4,4,7,24500,49000,2300.0,2310.0,1340,Furnished,No,Yes,No,Yes,4 Hours,Yes,No,No,No,No,No,Yes,Yes,Vaishali Metro Station,1.07,Inderprastha Dental College,1.06,Noida Sector 62 IT Park,1.85,2.46,3.24,3.4,71,Yes,2026-08-13,99acres,18.28,59.9,51.3,58.3,45.1
PROP_444,3BHK,Fully Furnished 3BHK Apartment in Civil Lines,Civil Lines,Delhi,North Delhi,Family,3,2,8,20,10,91000,183000,5900.0,3175.0,1917,Furnished,Yes,Yes,Yes,Yes,24 Hours,Yes,Yes,No,Yes,Yes,No,No,Yes,Civil Lines Metro Station,4.34,St. Stephen's College,0.99,Connaught Place,12.59,0.28,1.26,4.5,57,Yes,2026-06-30,MagicBricks,47.47,51.9,39.1,46.3,57.7
PROP_445,4BHK,Fully Furnished 4BHK Apartment in Janakpuri,Janakpuri,Delhi,West Delhi,Family,4,4,8,12,8,72000,144000,0.0,4600.0,2544,Furnished,Yes,Yes,Yes,Yes,12 Hours,Yes,Yes,No,No,No,Yes,No,No,Janakpuri West Metro Station,0.59,Bhaskaracharya College,8.88,Janakpuri District Centre,6.91,2.95,4.63,4.6,4,Yes,2026-08-03,MagicBricks,28.3,55.9,52.2,59.9,47.2
PROP_446,2BHK,Semi-Furnished 2BHK Apartment in Civil Lines,Civil Lines,Delhi,North Delhi,Family,2,2,3,5,12,68000,136000,4500.0,1700.0,1347,Semi-Furnished,No,Yes,No,No,24 Hours,Yes,Yes,No,No,No,No,No,No,Civil Lines Metro Station,3.87,St. Stephen's College,9.71,Connaught Place,4.03,2.57,5.23,4.3,49,Yes,2026-07-28,MagicBricks,50.48,36.3,32.9,40.4,38.4
PROP_447,1RK,Semi-Furnished 1RK Apartment in Malviya Nagar,Malviya Nagar,Delhi,South Delhi,Family,1,1,8,15,12,12000,12000,900.0,700.0,373,Semi-Furnished,No,No,Yes,No,12 Hours,No,No,No,No,No,Yes,Yes,No,Malviya Nagar Metro Station,1.55,College of Vocational Studies,6.78,Okhla Industrial Area,3.02,3.26,0.34,4.3,14,Yes,2026-08-08,99acres,32.17,47.7,45.2,54.0,55.6
PROP_448,1BHK,Semi-Furnished 1BHK Apartment in Rohini,Rohini,Delhi,North Delhi,Student,1,1,15,20,4,10500,21000,1600.0,1100.0,552,Semi-Furnished,Yes,Yes,Yes,Yes,4 Hours,Yes,No,No,Yes,Yes,No,No,No,Rohini West Metro Station,2.42,Delhi Technological University (DTU),4.14,Netaji Subhash Place,12.42,3.28,2.49,4.3,80,No,2026-08-12,NoBroker,19.02,50.9,44.0,53.6,39.8
PROP_449,2BHK,Semi-Furnished 2BHK Apartment in Vasant Kunj,Vasant Kunj,Delhi,South Delhi,Working Professional,2,2,14,20,3,74500,74500,0.0,2365.0,1510,Semi-Furnished,Yes,Yes,Yes,No,24 Hours,Yes,No,No,No,No,No,Yes,Yes,Chattarpur Metro Station,1.07,Jawaharlal Nehru University (JNU),4.43,Cyber City Gurugram,0.85,2.8,0.44,4.2,61,Yes,2026-07-24,99acres,49.34,51.3,60.4,63.0,57.8
PROP_450,4BHK,Fully Furnished 4BHK Apartment in Janakpuri,Janakpuri,Delhi,West Delhi,Family,4,4,1,3,4,61500,123000,0.0,4400.0,2609,Furnished,Yes,Yes,No,No,4 Hours,Yes,Yes,No,No,No,No,No,No,Janakpuri West Metro Station,2.38,Bhaskaracharya College,4.68,Janakpuri District Centre,10.39,0.55,3.98,3.6,50,No,2026-08-13,NoBroker,23.57,41.5,36.4,44.5,54.9
PROP_451,4BHK,Fully Furnished 4BHK Apartment in Model Town,Model Town,Delhi,North Delhi,Family,4,4,4,5,14,94000,94000,0.0,3900.0,2008,Furnished,Yes,No,Yes,Yes,24 Hours,Yes,No,No,Yes,No,Yes,No,Yes,Model Town Metro Station,1.21,Miranda House,6.83,Connaught Place,6.83,3.64,3.09,4.4,26,Yes,2026-08-09,NoBroker,46.81,47.8,44.8,51.8,42.5
PROP_452,2BHK,Fully Furnished 2BHK Apartment in Model Town,Model Town,Delhi,North Delhi,Working Professional,2,2,4,8,4,44000,88000,3300.0,2000.0,1208,Furnished,No,Yes,Yes,Yes,4 Hours,Yes,No,No,No,No,Yes,Yes,No,Model Town Metro Station,0.14,Miranda House,2.3,Connaught Place,0.52,1.99,5.49,3.3,2,Yes,2026-07-19,99acres,36.42,66.4,75.6,77.6,52.2
PROP_453,1BHK,Semi-Furnished 1BHK Apartment in Civil Lines,Civil Lines,Delhi,North Delhi,Family,1,1,1,8,10,25000,50000,0.0,900.0,525,Semi-Furnished,No,Yes,Yes,No,12 Hours,No,No,No,No,No,No,Yes,Yes,Civil Lines Metro Station,2.27,St. Stephen's College,6.86,Connaught Place,8.66,0.42,0.91,3.4,42,Yes,2026-07-24,Housing.com,47.62,44.3,39.0,48.3,58.9
PROP_454,2BHK,Fully Furnished 2BHK Apartment in Greater Kailash,Greater Kailash,Delhi,South Delhi,Family,2,2,2,12,5,97000,194000,4300.0,2394.0,1396,Furnished,No,Yes,No,No,4 Hours,Yes,Yes,No,No,No,Yes,No,Yes,Kailash Colony Metro Station,3.44,Lady Shri Ram College (LSR),4.84,Nehru Place IT Hub,14.59,2.32,1.73,4.5,13,Yes,2026-08-13,99acres,69.48,38.5,35.8,42.8,45.8
PROP_455,1RK,Fully Furnished 1RK Apartment in Saket,Saket,Delhi,South Delhi,Family,1,1,8,24,12,16000,32000,0.0,700.0,384,Furnished,No,Yes,Yes,Yes,4 Hours,Yes,No,No,No,No,Yes,Yes,No,Saket Metro Station,3.51,Gargi College,9.7,Saket District Centre,7.28,3.54,0.59,4.7,72,Yes,2026-07-14,NoBroker,41.67,46.0,41.6,51.1,51.4
PROP_456,3BHK,Fully Furnished 3BHK Apartment in Mayur Vihar,Mayur Vihar,Delhi,East Delhi,Family,3,2,11,24,3,43000,86000,4600.0,2700.0,1646,Furnished,No,No,Yes,No,4 Hours,Yes,Yes,No,No,No,Yes,Yes,No,Mayur Vihar 1 Metro Station,2.52,Shaheed Sukhdev College of Business Studies,6.87,Noida Sector 62 IT Park,7.59,4.79,1.5,4.9,83,Yes,2026-07-15,Housing.com,26.12,42.4,38.0,46.6,46.6
PROP_457,2BHK,Fully Furnished 2BHK Apartment in Gurugram Sector 45,Gurugram Sector 45,Gurugram,Gurugram,Family,2,2,1,8,4,30000,61000,0.0,2300.0,1057,Furnished,No,Yes,Yes,No,24 Hours,Yes,No,No,Yes,No,Yes,Yes,No,HUDA City Centre Metro Station,4.0,Ansal University,5.98,Golf Course Road Offices,6.46,1.71,2.26,4.0,5,No,2026-08-11,MagicBricks,28.38,44.4,40.3,49.3,50.2
PROP_458,1RK,Fully Furnished 1RK Apartment in Kamla Nagar,Kamla Nagar,Delhi,North Delhi,Student,1,1,1,5,4,9000,19000,700.0,790.0,327,Furnished,No,Yes,Yes,Yes,24 Hours,Yes,No,No,No,No,No,No,Yes,Vishwa Vidyalaya Metro Station,2.24,Kirori Mal College,5.53,Connaught Place,12.13,1.7,4.82,3.6,17,Yes,2026-07-08,MagicBricks,27.52,48.1,41.6,51.3,41.0
PROP_459,3BHK,Semi-Furnished 3BHK Apartment in Vasant Kunj,Vasant Kunj,Delhi,South Delhi,Family,3,2,0,3,10,108500,217000,0.0,5100.0,2408,Semi-Furnished,No,Yes,No,Yes,12 Hours,No,No,No,No,No,No,Yes,No,Chattarpur Metro Station,2.64,Jawaharlal Nehru University (JNU),4.74,Cyber City Gurugram,9.91,0.9,0.31,3.8,3,Yes,2026-08-02,Housing.com,45.06,35.9,33.5,40.2,64.0
PROP_460,2BHK,Fully Furnished 2BHK Apartment in Gurugram Sector 45,Gurugram Sector 45,Gurugram,Gurugram,Working Professional,2,2,1,4,13,31000,63000,0.0,1624.0,883,Furnished,No,No,No,No,4 Hours,Yes,Yes,No,No,No,Yes,Yes,No,HUDA City Centre Metro Station,0.88,Ansal University,4.77,Golf Course Road Offices,7.07,2.44,1.73,4.0,68,Yes,2026-08-13,99acres,35.11,52.9,48.5,57.5,50.7
PROP_461,2BHK,Semi-Furnished 2BHK Apartment in Rohini,Rohini,Delhi,North Delhi,Working Bachelor,2,2,2,24,13,13500,27000,1000.0,1000.0,697,Semi-Furnished,Yes,Yes,Yes,No,4 Hours,No,Yes,No,No,No,No,No,Yes,Rohini West Metro Station,1.15,Delhi Technological University (DTU),3.92,Netaji Subhash Place,10.44,0.6,2.57,3.2,73,Yes,2026-07-09,MagicBricks,19.37,54.1,47.1,56.7,52.3
PROP_462,2BHK,Semi-Furnished 2BHK Apartment in Rajinder Nagar,Rajinder Nagar,Delhi,Central Delhi,Family,2,2,2,3,2,24500,49000,2600.0,1300.0,792,Semi-Furnished,Yes,Yes,No,No,4 Hours,No,No,No,No,No,Yes,No,Yes,Rajendra Place Metro Station,4.45,Venkateshwara College,1.97,Rajendra Place IT Hub,13.57,2.46,2.88,4.5,60,Yes,2026-07-01,99acres,30.93,45.1,35.7,44.9,42.1
PROP_463,1RK,Semi-Furnished 1RK Apartment in Kamla Nagar,Kamla Nagar,Delhi,North Delhi,Family,1,1,2,15,6,7000,7000,0.0,700.0,344,Semi-Furnished,No,No,Yes,No,12 Hours,No,No,No,No,No,Yes,No,No,Vishwa Vidyalaya Metro Station,2.37,Kirori Mal College,1.06,Connaught Place,4.46,2.63,3.24,3.6,43,Yes,2026-07-26,MagicBricks,20.35,51.2,37.5,47.0,41.4
PROP_464,2BHK,Fully Furnished 2BHK Apartment in Golf Course Road,Golf Course Road,Gurugram,Gurugram,Working Professional,2,2,7,15,5,108500,325500,3700.0,3000.0,1320,Furnished,Yes,No,Yes,Yes,4 Hours,Yes,No,No,No,No,Yes,Yes,No,Sector 42-43 Metro Station,0.14,GD Goenka University,8.56,Golf Course Road Offices,4.8,4.17,4.99,4.1,61,No,2026-06-29,NoBroker,82.2,58.3,57.1,63.6,44.1
PROP_465,1RK,Semi-Furnished 1RK Apartment in Indirapuram,Indirapuram,Ghaziabad,Ghaziabad,Student,1,1,3,5,14,6000,12000,0.0,900.0,403,Semi-Furnished,No,Yes,Yes,No,12 Hours,Yes,No,No,No,No,No,Yes,No,Vaishali Metro Station,0.9,ABES Engineering College,4.7,Noida Sector 62 IT Park,10.12,0.51,4.28,3.6,48,No,2026-08-06,NoBroker,14.89,53.6,46.8,56.6,51.5
PROP_466,3BHK,Semi-Furnished 3BHK Apartment in Gurugram Sector 45,Gurugram Sector 45,Gurugram,Gurugram,Family,3,2,3,4,1,51000,102000,5200.0,3600.0,1627,Semi-Furnished,Yes,Yes,No,Yes,12 Hours,No,No,Yes,No,No,Yes,Yes,No,HUDA City Centre Metro Station,0.67,Ansal University,1.04,Golf Course Road Offices,8.38,0.27,3.4,3.5,62,Yes,2026-07-19,Housing.com,31.35,64.6,52.5,60.9,63.4
PROP_467,2BHK,Fully Furnished 2BHK Apartment in Golf Course Road,Golf Course Road,Gurugram,Gurugram,Family,2,2,6,12,9,105000,105000,2990.0,3300.0,1495,Furnished,Yes,No,Yes,Yes,24 Hours,Yes,No,No,Yes,Yes,No,No,No,Sector 42-43 Metro Station,0.66,GD Goenka University,4.59,Golf Course Road Offices,13.15,2.51,2.52,3.9,69,Yes,2026-08-02,Housing.com,70.23,52.5,49.2,56.0,43.1
PROP_468,2BHK,Fully Furnished 2BHK Apartment in Rajinder Nagar,Rajinder Nagar,Delhi,Central Delhi,Family,2,2,2,8,14,36000,73000,2000.0,1800.0,931,Furnished,Yes,Yes,Yes,No,24 Hours,Yes,No,No,Yes,No,No,Yes,No,Rajendra Place Metro Station,3.46,Venkateshwara College,9.72,Rajendra Place IT Hub,5.3,1.82,5.48,4.1,28,No,2026-07-15,MagicBricks,38.67,43.7,39.2,47.9,42.7
PROP_469,1BHK,Fully Furnished 1BHK Apartment in Laxmi Nagar,Laxmi Nagar,Delhi,East Delhi,Student,1,1,4,5,2,9500,19000,800.0,900.0,454,Furnished,No,Yes,Yes,No,24 Hours,Yes,No,No,No,No,Yes,No,Yes,Laxmi Nagar Metro Station,1.92,Shyam Lal College,6.47,Noida Sector 62 IT Park,9.12,2.22,0.79,4.8,6,Yes,2026-07-08,MagicBricks,20.93,48.1,42.1,51.8,48.7
PROP_470,1BHK,Fully Furnished 1BHK Apartment in Civil Lines,Civil Lines,Delhi,North Delhi,Family,1,1,5,24,14,39500,79000,1100.0,1302.0,668,Furnished,Yes,No,Yes,Yes,12 Hours,Yes,Yes,No,No,No,No,Yes,Yes,Civil Lines Metro Station,2.05,St. Stephen's College,3.21,Connaught Place,8.66,4.47,3.43,4.7,71,Yes,2026-08-03,99acres,59.13,49.7,43.4,52.2,38.7
PROP_471,3BHK,Semi-Furnished 3BHK Apartment in Noida Sector 62,Noida Sector 62,Noida,Noida,Family,3,2,3,5,12,27000,54000,0.0,2450.0,1567,Semi-Furnished,No,Yes,Yes,Yes,24 Hours,No,No,No,No,No,Yes,Yes,Yes,Noida Sector 62 Metro Station,2.63,JSS Academy of Technical Education,1.18,Noida Sector 62 IT Park,12.06,0.63,3.44,3.3,84,Yes,2026-07-08,99acres,17.23,53.8,41.6,50.8,57.3
PROP_472,4BHK,Fully Furnished 4BHK Apartment in Indirapuram,Indirapuram,Ghaziabad,Ghaziabad,Family,4,4,5,20,14,51500,103000,5800.0,5800.0,3098,Furnished,Yes,Yes,Yes,Yes,24 Hours,Yes,No,No,No,Yes,Yes,Yes,No,Vaishali Metro Station,2.55,ABES Engineering College,6.55,Noida Sector 62 IT Park,10.82,2.98,4.16,3.7,46,Yes,2026-07-08,MagicBricks,16.62,45.6,41.1,49.5,48.3
PROP_473,2BHK,Fully Furnished 2BHK Apartment in Gurugram Sector 56,Gurugram Sector 56,Gurugram,Gurugram,Working Professional,2,2,9,24,1,26000,52000,1808.0,1656.0,904,Furnished,Yes,Yes,Yes,No,12 Hours,Yes,No,Yes,Yes,No,Yes,Yes,No,Sector 56 Metro Station,0.77,IILM University,1.03,Golf Course Road Offices,5.97,2.87,0.97,3.2,25,Yes,2026-08-08,MagicBricks,28.76,68.9,56.1,65.2,53.7
PROP_474,2BHK,Fully Furnished 2BHK Apartment in Gurugram Sector 56,Gurugram Sector 56,Gurugram,Gurugram,Family,2,2,0,15,0,29000,59000,1500.0,1804.0,1003,Furnished,Yes,Yes,Yes,Yes,12 Hours,Yes,No,No,No,No,Yes,Yes,No,Sector 56 Metro Station,0.92,IILM University,5.39,Golf Course Road Offices,13.4,4.58,5.08,3.4,47,Yes,2026-07-27,99acres,28.91,57.0,52.7,61.8,45.4
PROP_475,3BHK,Fully Furnished 3BHK Apartment in Mayur Vihar,Mayur Vihar,Delhi,East Delhi,Working Professional,3,2,9,15,13,45000,45000,2500.0,2200.0,1315,Furnished,Yes,Yes,Yes,Yes,12 Hours,Yes,Yes,No,No,No,Yes,Yes,Yes,Mayur Vihar 1 Metro Station,2.52,Shaheed Sukhdev College of Business Studies,7.83,Noida Sector 62 IT Park,4.17,0.58,2.8,4.1,39,Yes,2026-08-09,MagicBricks,34.22,48.2,44.7,52.9,54.5
PROP_476,2BHK,Fully Furnished 2BHK Apartment in Gurugram Sector 56,Gurugram Sector 56,Gurugram,Gurugram,Family,2,2,7,8,14,27500,55000,2220.0,2600.0,1110,Furnished,Yes,No,Yes,No,12 Hours,Yes,No,No,Yes,No,No,Yes,No,Sector 56 Metro Station,0.77,IILM University,7.82,Golf Course Road Offices,14.37,4.85,2.45,4.2,34,Yes,2026-07-03,Housing.com,24.77,56.0,51.3,60.4,46.0
PROP_477,3BHK,Fully Furnished 3BHK Apartment in Kamla Nagar,Kamla Nagar,Delhi,North Delhi,Working Professional,3,2,1,3,8,33500,67000,0.0,2104.0,1203,Furnished,No,Yes,No,No,24 Hours,Yes,Yes,No,No,No,Yes,Yes,Yes,Vishwa Vidyalaya Metro Station,1.98,Kirori Mal College,6.29,Connaught Place,2.5,0.61,4.53,4.4,45,Yes,2026-07-14,99acres,27.85,47.1,45.9,53.5,55.1
PROP_478,1BHK,Fully Furnished 1BHK Apartment in Shakarpur,Shakarpur,Delhi,East Delhi,Student,1,1,22,24,2,8000,16000,700.0,900.0,426,Furnished,No,Yes,Yes,Yes,4 Hours,Yes,Yes,No,Yes,No,Yes,Yes,Yes,Nirman Vihar Metro Station,1.88,Bhim Rao Ambedkar College,3.7,Noida Sector 62 IT Park,2.67,4.98,4.94,4.1,81,Yes,2026-07-01,Housing.com,18.78,54.8,51.3,59.8,40.6
PROP_479,3BHK,Fully Furnished 3BHK Apartment in Gurugram Sector 45,Gurugram Sector 45,Gurugram,Gurugram,Family,3,2,3,3,3,77000,154000,0.0,3100.0,1953,Furnished,Yes,Yes,No,Yes,4 Hours,Yes,No,Yes,No,No,No,No,Yes,HUDA City Centre Metro Station,4.37,Ansal University,5.07,Golf Course Road Offices,7.71,3.66,3.05,3.7,63,Yes,2026-07-14,MagicBricks,39.43,40.9,37.0,44.6,41.6
PROP_480,2BHK,Fully Furnished 2BHK Apartment in Noida Sector 15,Noida Sector 15,Noida,Noida,Family,2,2,14,15,2,25000,75000,1922.0,2000.0,961,Furnished,Yes,No,No,No,4 Hours,Yes,Yes,No,No,No,No,No,Yes,Noida Sector 15 Metro Station,3.62,Amity University Noida,8.01,Noida Sector 16 Commercial Hub,10.74,2.94,5.37,4.1,34,Yes,2026-07-01,Housing.com,26.01,42.6,37.1,46.3,39.7
PROP_481,2BHK,Fully Furnished 2BHK Apartment in Janakpuri,Janakpuri,Delhi,West Delhi,Family,2,2,1,3,9,22500,45000,2000.0,2200.0,967,Furnished,Yes,No,No,Yes,12 Hours,Yes,Yes,No,No,No,Yes,No,Yes,Janakpuri West Metro Station,4.5,Bhaskaracharya College,4.78,Janakpuri District Centre,9.22,1.44,4.64,4.4,29,Yes,2026-07-12,99acres,23.27,44.5,38.8,48.1,45.3
PROP_482,1RK,Semi-Furnished 1RK Apartment in Gurugram Sector 56,Gurugram Sector 56,Gurugram,Gurugram,Student,1,1,7,8,4,8500,8500,808.0,700.0,404,Semi-Furnished,No,Yes,Yes,Yes,24 Hours,No,Yes,Yes,No,No,No,Yes,Yes,Sector 56 Metro Station,3.1,IILM University,6.43,Golf Course Road Offices,8.29,4.09,1.5,3.7,51,Yes,2026-08-05,99acres,21.04,49.4,44.1,53.8,44.8
PROP_483,3BHK,Fully Furnished 3BHK Apartment in Noida Sector 62,Noida Sector 62,Noida,Noida,Family,3,2,7,8,5,30500,30500,4400.0,3000.0,1555,Furnished,Yes,Yes,Yes,Yes,4 Hours,Yes,No,No,No,No,Yes,Yes,No,Noida Sector 62 Metro Station,3.08,JSS Academy of Technical Education,1.08,Noida Sector 62 IT Park,5.9,1.34,0.84,4.1,74,Yes,2026-07-22,99acres,19.61,54.7,42.2,51.2,58.3
PROP_484,2BHK,Fully Furnished 2BHK Apartment in Vaishali,Vaishali,Ghaziabad,Ghaziabad,Working Bachelor,2,2,5,15,9,18000,36000,0.0,1400.0,989,Furnished,Yes,Yes,Yes,Yes,24 Hours,Yes,Yes,No,No,Yes,Yes,Yes,No,Vaishali Metro Station,0.97,Inderprastha Dental College,4.86,Noida Sector 62 IT Park,7.95,1.24,0.61,4.5,11,Yes,2026-07-15,NoBroker,18.2,58.7,52.9,62.4,57.8
PROP_485,1RK,Semi-Furnished 1RK Apartment in Noida Sector 15,Noida Sector 15,Noida,Noida,Student,1,1,6,24,4,5000,10000,452.0,300.0,226,Semi-Furnished,No,No,Yes,No,4 Hours,Yes,Yes,No,No,Yes,Yes,Yes,Yes,Noida Sector 15 Metro Station,3.41,Amity University Noida,8.2,Noida Sector 16 Commercial Hub,10.88,2.21,5.78,4.6,32,No,2026-06-30,NoBroker,22.12,48.2,43.1,52.9,43.5
PROP_486,2BHK,Fully Furnished 2BHK Apartment in Laxmi Nagar,Laxmi Nagar,Delhi,East Delhi,Family,2,2,5,12,1,16000,33000,0.0,1400.0,766,Furnished,No,Yes,Yes,Yes,24 Hours,Yes,Yes,No,No,Yes,Yes,Yes,No,Laxmi Nagar Metro Station,3.71,Shyam Lal College,6.95,Noida Sector 62 IT Park,6.14,4.15,2.82,3.3,66,Yes,2026-07-23,99acres,20.89,47.4,42.2,51.7,41.7
PROP_487,1BHK,Fully Furnished 1BHK Apartment in Karol Bagh,Karol Bagh,Delhi,Central Delhi,Working Bachelor,1,1,16,20,2,16000,32000,0.0,1100.0,549,Furnished,No,Yes,Yes,Yes,24 Hours,Yes,No,Yes,No,No,Yes,No,Yes,Karol Bagh Metro Station,2.05,Sri Guru Nanak Dev Khalsa College,8.8,Connaught Place,0.95,1.08,3.9,3.8,59,Yes,2026-07-21,MagicBricks,29.14,50.4,56.5,61.4,49.6
PROP_488,2BHK,Fully Furnished 2BHK Apartment in Vaishali,Vaishali,Ghaziabad,Ghaziabad,Family,2,2,0,24,0,24500,49000,3500.0,2017.0,1145,Furnished,No,Yes,Yes,Yes,4 Hours,Yes,Yes,No,Yes,Yes,Yes,Yes,Yes,Vaishali Metro Station,4.25,Inderprastha Dental College,8.32,Noida Sector 62 IT Park,7.94,3.45,5.63,4.0,46,Yes,2026-07-20,NoBroker,21.4,48.6,43.4,52.6,40.7
PROP_489,2BHK,Fully Furnished 2BHK Apartment in Preet Vihar,Preet Vihar,Delhi,East Delhi,Family,2,2,0,4,4,34000,34000,3400.0,1600.0,1105,Furnished,No,No,No,Yes,12 Hours,Yes,No,Yes,No,No,Yes,No,No,Preet Vihar Metro Station,3.88,Vivekananda College,5.07,Noida Sector 62 IT Park,4.68,0.35,1.23,3.3,6,Yes,2026-08-13,MagicBricks,30.77,40.3,35.4,44.1,58.4
PROP_490,1BHK,Fully Furnished 1BHK Apartment in Greater Kailash,Greater Kailash,Delhi,South Delhi,Family,1,1,1,15,13,45000,90000,0.0,1600.0,757,Furnished,No,Yes,Yes,No,4 Hours,Yes,Yes,No,Yes,No,Yes,Yes,No,Kailash Colony Metro Station,1.56,Lady Shri Ram College (LSR),2.15,Nehru Place IT Hub,11.54,2.76,2.89,4.5,77,Yes,2026-08-01,MagicBricks,59.45,54.1,46.9,55.5,45.4
PROP_491,3BHK,Semi-Furnished 3BHK Apartment in Mayur Vihar,Mayur Vihar,Delhi,East Delhi,Working Professional,3,2,0,20,6,40000,80000,0.0,3100.0,1774,Semi-Furnished,Yes,Yes,Yes,Yes,24 Hours,Yes,Yes,No,Yes,No,No,Yes,No,Mayur Vihar 1 Metro Station,2.52,Shaheed Sukhdev College of Business Studies,2.27,Noida Sector 62 IT Park,2.69,3.12,2.52,3.3,66,Yes,2026-07-06,Housing.com,22.55,50.9,45.5,53.1,44.5
PROP_492,1RK,Fully Furnished 1RK Apartment in Preet Vihar,Preet Vihar,Delhi,East Delhi,Family,1,1,0,4,2,17000,34000,0.0,1100.0,447,Furnished,No,No,No,No,4 Hours,Yes,Yes,No,No,No,No,No,No,Preet Vihar Metro Station,3.13,Vivekananda College,3.25,Noida Sector 62 IT Park,11.47,0.66,0.95,4.8,18,Yes,2026-07-13,MagicBricks,38.03,41.4,33.7,43.2,53.0
PROP_493,3BHK,Fully Furnished 3BHK Apartment in Laxmi Nagar,Laxmi Nagar,Delhi,East Delhi,Family,3,2,20,24,4,24500,49000,3500.0,2200.0,1376,Furnished,Yes,Yes,Yes,Yes,12 Hours,Yes,No,Yes,No,Yes,Yes,Yes,No,Laxmi Nagar Metro Station,2.01,Shyam Lal College,9.18,Noida Sector 62 IT Park,7.65,2.22,3.38,4.8,38,Yes,2026-08-08,NoBroker,17.81,51.7,46.8,56.0,46.4
PROP_494,3BHK,Semi-Furnished 3BHK Apartment in Vaishali,Vaishali,Ghaziabad,Ghaziabad,Working Professional,3,2,2,4,9,28000,56000,2300.0,2800.0,1374,Semi-Furnished,Yes,No,No,Yes,24 Hours,Yes,Yes,No,No,No,No,Yes,No,Vaishali Metro Station,0.23,Inderprastha Dental College,0.54,Noida Sector 62 IT Park,1.16,1.19,3.91,3.6,38,Yes,2026-07-21,99acres,20.38,74.2,65.4,70.6,52.3
PROP_495,1BHK,Fully Furnished 1BHK Apartment in Saket,Saket,Delhi,South Delhi,Family,1,1,1,4,5,19500,39000,0.0,900.0,431,Furnished,Yes,Yes,No,Yes,24 Hours,Yes,No,No,No,No,Yes,Yes,No,Saket Metro Station,1.87,Gargi College,0.34,Saket District Centre,14.52,2.01,4.39,3.5,70,No,2026-08-02,NoBroker,45.24,65.0,45.4,54.8,46.1
PROP_496,2BHK,Fully Furnished 2BHK Apartment in Pari Chowk,Pari Chowk,Greater Noida,Greater Noida,Family,2,2,1,20,8,18000,36000,3000.0,2278.0,1319,Furnished,Yes,Yes,Yes,Yes,4 Hours,Yes,No,Yes,No,Yes,No,Yes,No,Pari Chowk Metro Station,2.55,Galgotias University,1.16,Greater Noida Industrial Area,11.48,0.29,3.49,4.4,28,Yes,2026-07-04,MagicBricks,13.65,57.5,43.9,53.3,56.6
PROP_497,1BHK,Semi-Furnished 1BHK Apartment in Patel Nagar,Patel Nagar,Delhi,West Delhi,Student,1,1,5,8,13,11500,23000,1100.0,800.0,489,Semi-Furnished,Yes,Yes,No,Yes,4 Hours,Yes,Yes,No,No,No,No,Yes,Yes,Patel Nagar Metro Station,2.63,Kalindi College,6.21,Rajendra Place IT Hub,5.35,2.72,0.3,3.7,25,Yes,2026-07-13,NoBroker,23.52,49.1,43.7,53.2,52.0
PROP_498,2BHK,Semi-Furnished 2BHK Apartment in Indirapuram,Indirapuram,Ghaziabad,Ghaziabad,Family,2,2,14,20,7,17000,34000,0.0,1505.0,937,Semi-Furnished,Yes,No,Yes,No,24 Hours,No,No,No,No,No,No,Yes,No,Vaishali Metro Station,2.82,ABES Engineering College,1.82,Noida Sector 62 IT Park,13.21,1.27,0.98,4.4,39,Yes,2026-07-15,Housing.com,18.14,45.7,35.1,44.5,51.3
PROP_499,1BHK,Fully Furnished 1BHK Apartment in Noida Sector 15,Noida Sector 15,Noida,Noida,Student,1,1,8,20,8,12000,24000,1200.0,900.0,445,Furnished,No,Yes,Yes,No,12 Hours,Yes,No,No,No,Yes,No,No,No,Noida Sector 15 Metro Station,1.31,Amity University Noida,4.6,Noida Sector 16 Commercial Hub,6.29,1.73,0.51,4.3,32,Yes,2026-07-29,Housing.com,26.97,51.7,45.4,55.0,52.8
PROP_500,2BHK,Fully Furnished 2BHK Apartment in Model Town,Model Town,Delhi,North Delhi,Family,2,2,5,5,3,31000,62000,2700.0,1540.0,827,Furnished,Yes,Yes,Yes,No,12 Hours,Yes,Yes,No,Yes,No,Yes,No,Yes,Model Town Metro Station,1.89,Miranda House,5.31,Connaught Place,13.11,2.37,3.61,3.6,37,No,2026-07-27,Housing.com,37.48,51.4,46.1,55.1,42.3
PROP_501,3BHK,Fully Furnished 3BHK Apartment in Model Town,Model Town,Delhi,North Delhi,Family,3,2,17,24,3,68000,136000,4000.0,2700.0,1507,Furnished,No,Yes,No,Yes,12 Hours,Yes,Yes,No,No,Yes,Yes,Yes,No,Model Town Metro Station,3.86,Miranda House,0.52,Connaught Place,12.22,1.85,4.62,4.3,23,Yes,2026-07-15,MagicBricks,45.12,54.5,37.9,45.8,45.0
PROP_502,2BHK,Fully Furnished 2BHK Apartment in Rohini,Rohini,Delhi,North Delhi,Family,2,2,3,8,15,17500,52500,0.0,1300.0,789,Furnished,Yes,Yes,Yes,No,4 Hours,Yes,Yes,No,Yes,No,Yes,Yes,No,Rohini West Metro Station,3.64,Delhi Technological University (DTU),2.51,Netaji Subhash Place,8.0,3.89,2.94,3.9,42,Yes,2026-07-26,99acres,22.18,50.4,42.8,52.3,42.7
PROP_503,2BHK,Semi-Furnished 2BHK Apartment in Shakarpur,Shakarpur,Delhi,East Delhi,Family,2,2,0,8,6,8500,17000,0.0,1400.0,632,Semi-Furnished,No,Yes,Yes,Yes,24 Hours,No,Yes,No,No,No,No,No,No,Nirman Vihar Metro Station,1.65,Bhim Rao Ambedkar College,5.22,Noida Sector 62 IT Park,8.96,1.65,3.7,4.2,45,Yes,2026-08-02,Housing.com,13.45,48.7,41.9,51.6,42.5
PROP_504,2BHK,Fully Furnished 2BHK Apartment in Model Town,Model Town,Delhi,North Delhi,Family,2,2,1,3,1,40000,80000,0.0,2200.0,973,Furnished,No,Yes,No,Yes,12 Hours,Yes,No,No,No,No,Yes,Yes,No,Model Town Metro Station,0.74,Miranda House,6.88,Connaught Place,11.59,2.68,2.79,3.7,16,Yes,2026-07-12,99acres,41.11,53.7,49.3,58.1,46.2
PROP_505,3BHK,Semi-Furnished 3BHK Apartment in Vaishali,Vaishali,Ghaziabad,Ghaziabad,Family,3,2,8,12,9,27500,27500,0.0,1900.0,1492,Semi-Furnished,Yes,No,Yes,No,12 Hours,No,Yes,Yes,No,Yes,Yes,Yes,No,Vaishali Metro Station,1.88,Inderprastha Dental College,5.23,Noida Sector 62 IT Park,10.82,3.39,2.85,4.5,38,Yes,2026-07-04,Housing.com,18.43,48.8,43.4,52.5,44.3
PROP_506,1BHK,Semi-Furnished 1BHK Apartment in Hauz Khas,Hauz Khas,Delhi,South Delhi,Family,1,1,11,12,3,30000,60000,1000.0,1000.0,579,Semi-Furnished,No,Yes,Yes,Yes,12 Hours,No,No,No,No,Yes,No,Yes,No,Hauz Khas Metro Station,3.64,IIT Delhi,9.44,Okhla Industrial Area,12.35,4.75,4.25,3.5,13,Yes,2026-08-10,99acres,51.81,44.1,39.7,48.8,40.7
PROP_507,2BHK,Fully Furnished 2BHK Apartment in Noida Sector 15,Noida Sector 15,Noida,Noida,Working Bachelor,2,2,0,4,13,18000,36000,2000.0,1600.0,692,Furnished,No,Yes,No,Yes,4 Hours,Yes,No,Yes,No,No,Yes,No,No,Noida Sector 15 Metro Station,0.26,Amity University Noida,5.88,Noida Sector 16 Commercial Hub,14.47,2.68,3.19,3.8,3,No,2026-07-21,99acres,26.01,63.3,57.9,67.4,46.2
PROP_508,2BHK,Fully Furnished 2BHK Apartment in Karol Bagh,Karol Bagh,Delhi,Central Delhi,Working Professional,2,2,8,8,9,29500,59000,2500.0,2200.0,902,Furnished,Yes,Yes,Yes,Yes,24 Hours,Yes,No,No,Yes,No,Yes,Yes,No,Karol Bagh Metro Station,1.23,Sri Guru Nanak Dev Khalsa College,6.59,Connaught Place,3.31,3.48,1.25,4.0,55,Yes,2026-07-06,99acres,32.71,54.7,51.8,60.2,48.8
PROP_509,1BHK,Fully Furnished 1BHK Apartment in Rajinder Nagar,Rajinder Nagar,Delhi,Central Delhi,Family,1,1,18,20,0,18500,18000,800.0,1111.0,541,Furnished,No,Yes,Yes,No,4 Hours,Yes,No,No,No,Yes,Yes,Yes,Yes,Rajendra Place Metro Station,3.07,Venkateshwara College,0.92,Rajendra Place IT Hub,7.96,2.56,2.01,4.7,66,No,2026-07-12,NoBroker,34.2,56.5,42.0,51.4,45.0
PROP_510,2BHK,Semi-Furnished 2BHK Apartment in Gurugram Sector 45,Gurugram Sector 45,Gurugram,Gurugram,Family,2,2,6,8,7,36500,73000,2300.0,2200.0,1177,Semi-Furnished,Yes,Yes,Yes,Yes,12 Hours,Yes,Yes,No,No,No,No,Yes,Yes,HUDA City Centre Metro Station,2.62,Ansal University,5.42,Golf Course Road Offices,10.22,3.36,2.3,3.9,80,Yes,2026-07-24,99acres,31.01,49.4,44.8,53.7,44.8
PROP_511,1BHK,Fully Furnished 1BHK Apartment in Janakpuri,Janakpuri,Delhi,West Delhi,Student,1,1,0,3,11,13000,26000,800.0,1300.0,508,Furnished,Yes,Yes,No,No,4 Hours,Yes,Yes,No,No,No,Yes,Yes,No,Janakpuri West Metro Station,1.49,Bhaskaracharya College,9.81,Janakpuri District Centre,12.41,0.41,5.67,3.2,61,Yes,2026-08-06,NoBroker,25.59,51.4,46.3,55.9,55.3
PROP_512,2BHK,Semi-Furnished 2BHK Apartment in Kamla Nagar,Kamla Nagar,Delhi,North Delhi,Family,2,2,6,8,2,14500,29000,0.0,1000.0,711,Semi-Furnished,No,Yes,Yes,Yes,12 Hours,Yes,Yes,No,No,No,Yes,Yes,No,Vishwa Vidyalaya Metro Station,4.08,Kirori Mal College,8.5,Connaught Place,13.8,4.63,3.43,3.3,74,Yes,2026-08-09,MagicBricks,20.39,46.1,41.1,50.6,41.6
PROP_513,2BHK,Semi-Furnished 2BHK Apartment in Laxmi Nagar,Laxmi Nagar,Delhi,East Delhi,Working Bachelor,2,2,3,12,4,16500,33000,0.0,1900.0,871,Semi-Furnished,No,Yes,Yes,Yes,4 Hours,No,No,Yes,No,Yes,Yes,No,Yes,Laxmi Nagar Metro Station,0.94,Shyam Lal College,4.1,Noida Sector 62 IT Park,5.79,1.39,5.89,3.5,30,Yes,2026-06-29,99acres,18.94,57.5,51.3,60.6,46.6
PROP_514,1RK,Fully Furnished 1RK Apartment in Pari Chowk,Pari Chowk,Greater Noida,Greater Noida,Student,1,1,3,8,15,6000,13000,1600.0,1300.0,496,Furnished,Yes,Yes,Yes,Yes,4 Hours,Yes,Yes,No,Yes,No,No,No,No,Pari Chowk Metro Station,1.19,Galgotias University,6.61,Greater Noida Industrial Area,8.79,1.22,5.37,3.7,63,Yes,2026-07-25,MagicBricks,12.1,56.2,49.5,59.4,44.3
PROP_515,1BHK,Fully Furnished 1BHK Apartment in Vasant Kunj,Vasant Kunj,Delhi,South Delhi,Family,1,1,4,4,5,32500,65000,2000.0,1100.0,604,Furnished,No,No,No,Yes,4 Hours,Yes,No,No,No,No,Yes,No,No,Chattarpur Metro Station,0.32,Jawaharlal Nehru University (JNU),2.2,Cyber City Gurugram,2.47,3.51,2.31,4.1,44,No,2026-07-15,Housing.com,53.81,62.3,58.1,65.7,47.5
PROP_516,2BHK,Fully Furnished 2BHK Apartment in Hauz Khas,Hauz Khas,Delhi,South Delhi,Family,2,2,0,5,11,76500,153000,4000.0,2900.0,1303,Furnished,No,No,Yes,No,12 Hours,Yes,Yes,Yes,No,No,Yes,Yes,No,Hauz Khas Metro Station,1.25,IIT Delhi,4.66,Okhla Industrial Area,14.72,2.6,3.76,3.8,78,No,2026-07-03,99acres,58.71,48.6,45.4,53.1,45.6
PROP_517,2BHK,Semi-Furnished 2BHK Apartment in Vasant Kunj,Vasant Kunj,Delhi,South Delhi,Family,2,2,17,24,6,59500,119000,0.0,2100.0,1432,Semi-Furnished,Yes,Yes,Yes,Yes,24 Hours,No,Yes,No,No,Yes,Yes,Yes,Yes,Chattarpur Metro Station,2.61,Jawaharlal Nehru University (JNU),1.9,Cyber City Gurugram,2.35,2.98,0.77,4.3,65,Yes,2026-07-29,99acres,41.55,52.4,48.7,55.3,53.4
PROP_518,2BHK,Semi-Furnished 2BHK Apartment in Noida Sector 62,Noida Sector 62,Noida,Noida,Working Bachelor,2,2,5,24,1,17000,34000,2900.0,2300.0,1092,Semi-Furnished,No,Yes,Yes,Yes,12 Hours,Yes,Yes,No,No,No,Yes,Yes,Yes,Noida Sector 62 Metro Station,1.27,JSS Academy of Technical Education,1.33,Noida Sector 62 IT Park,11.89,0.52,2.01,4.7,75,Yes,2026-07-22,99acres,15.57,62.9,51.2,60.7,60.3
PROP_519,1BHK,Fully Furnished 1BHK Apartment in Malviya Nagar,Malviya Nagar,Delhi,South Delhi,Family,1,1,4,8,14,21000,21000,1400.0,900.0,505,Furnished,No,Yes,Yes,Yes,12 Hours,Yes,Yes,Yes,No,No,No,Yes,Yes,Malviya Nagar Metro Station,2.61,College of Vocational Studies,0.34,Okhla Industrial Area,12.63,3.26,2.84,4.3,29,Yes,2026-08-10,99acres,41.58,66.4,46.5,55.9,43.4
PROP_520,2BHK,Fully Furnished 2BHK Apartment in Janakpuri,Janakpuri,Delhi,West Delhi,Family,2,2,16,20,1,27000,54000,2900.0,2200.0,1210,Furnished,No,Yes,Yes,Yes,24 Hours,Yes,Yes,No,Yes,No,Yes,Yes,No,Janakpuri West Metro Station,2.95,Bhaskaracharya College,6.27,Janakpuri District Centre,9.22,2.83,3.98,3.3,42,Yes,2026-07-07,NoBroker,22.31,48.0,43.2,52.4,44.4
PROP_521,1BHK,Fully Furnished 1BHK Apartment in Vaishali,Vaishali,Ghaziabad,Ghaziabad,Student,1,1,0,5,3,15000,30000,2000.0,1300.0,633,Furnished,No,Yes,Yes,Yes,4 Hours,Yes,Yes,No,No,No,Yes,Yes,No,Vaishali Metro Station,4.28,Inderprastha Dental College,9.53,Noida Sector 62 IT Park,13.74,1.7,1.86,4.3,15,No,2026-08-01,NoBroker,23.7,44.9,39.4,48.9,46.3
PROP_522,3BHK,Semi-Furnished 3BHK Apartment in Pari Chowk,Pari Chowk,Greater Noida,Greater Noida,Working Professional,3,2,0,5,4,30500,61000,6500.0,3206.0,2071,Semi-Furnished,Yes,Yes,Yes,No,12 Hours,Yes,No,No,No,No,No,Yes,No,Pari Chowk Metro Station,0.43,Galgotias University,4.58,Greater Noida Industrial Area,5.4,4.01,5.1,3.3,30,Yes,2026-07-21,MagicBricks,14.73,58.9,53.4,62.3,46.1
PROP_523,1BHK,Semi-Furnished 1BHK Apartment in Greater Kailash,Greater Kailash,Delhi,South Delhi,Family,1,1,8,8,10,44000,88000,0.0,1200.0,622,Semi-Furnished,No,Yes,Yes,No,12 Hours,No,No,No,No,No,Yes,Yes,No,Kailash Colony Metro Station,0.45,Lady Shri Ram College (LSR),6.26,Nehru Place IT Hub,5.82,1.33,4.98,4.4,74,Yes,2026-07-03,NoBroker,70.74,56.5,52.9,61.5,50.5
PROP_524,1BHK,Fully Furnished 1BHK Apartment in Dwarka,Dwarka,Delhi,Dwarka,Family,1,1,1,4,0,20500,41000,0.0,1300.0,774,Furnished,No,Yes,No,No,4 Hours,Yes,Yes,No,Yes,No,No,Yes,No,Dwarka Sector 10 Metro Station,3.0,Netaji Subhas University of Technology (NSUT),6.25,Gurugram Sector 21 IT Park,7.69,3.58,5.53,3.2,52,Yes,2026-08-07,NoBroker,26.49,45.5,40.5,49.9,41.6
PROP_525,3BHK,Semi-Furnished 3BHK Apartment in Janakpuri,Janakpuri,Delhi,West Delhi,Family,3,2,2,8,6,43000,86000,0.0,4000.0,1790,Semi-Furnished,No,Yes,Yes,Yes,4 Hours,No,No,Yes,No,No,Yes,No,Yes,Janakpuri West Metro Station,2.77,Bhaskaracharya College,6.27,Janakpuri District Centre,3.96,4.94,5.42,4.9,64,Yes,2026-08-10,Housing.com,24.02,44.4,40.6,48.9,41.9
PROP_526,1RK,Fully Furnished 1RK Apartment in Model Town,Model Town,Delhi,North Delhi,Family,1,1,6,12,2,14500,29000,900.0,800.0,385,Furnished,No,Yes,Yes,Yes,24 Hours,Yes,No,No,No,Yes,Yes,Yes,No,Model Town Metro Station,3.64,Miranda House,3.15,Connaught Place,6.23,2.68,3.89,3.4,15,Yes,2026-07-23,Housing.com,37.66,48.1,41.6,51.1,42.0
PROP_527,2BHK,Fully Furnished 2BHK Apartment in Noida Sector 137,Noida Sector 137,Noida,Noida,Family,2,2,23,24,14,21000,63000,2288.0,2016.0,1144,Furnished,No,Yes,Yes,Yes,4 Hours,Yes,No,No,Yes,Yes,Yes,Yes,No,Noida Sector 137 Metro Station,2.94,Amity University Noida,7.57,Noida Expressway Offices,12.51,1.27,3.46,4.1,3,Yes,2026-07-25,MagicBricks,18.36,49.0,44.3,53.7,51.0
PROP_528,3BHK,Fully Furnished 3BHK Apartment in Preet Vihar,Preet Vihar,Delhi,East Delhi,Family,3,2,7,20,10,70500,141000,4900.0,3000.0,1872,Furnished,No,Yes,Yes,No,12 Hours,Yes,Yes,No,No,No,Yes,Yes,No,Preet Vihar Metro Station,2.94,Vivekananda College,9.01,Noida Sector 62 IT Park,2.46,4.87,0.9,4.8,4,Yes,2026-07-01,MagicBricks,37.66,40.3,40.2,46.7,49.0
PROP_529,1RK,Fully Furnished 1RK Apartment in Noida Sector 137,Noida Sector 137,Noida,Noida,Student,1,1,1,24,8,8500,25500,800.0,1100.0,400,Furnished,No,Yes,Yes,Yes,24 Hours,Yes,Yes,No,No,Yes,Yes,Yes,No,Noida Sector 137 Metro Station,2.99,Amity University Noida,2.79,Noida Expressway Offices,12.26,3.46,3.46,4.3,7,Yes,2026-07-12,MagicBricks,21.25,52.1,45.0,54.7,42.7
PROP_530,1BHK,Semi-Furnished 1BHK Apartment in Saket,Saket,Delhi,South Delhi,Working Bachelor,1,1,1,4,14,13000,40000,1300.0,600.0,433,Semi-Furnished,No,No,No,Yes,24 Hours,No,Yes,No,No,No,Yes,Yes,No,Saket Metro Station,1.0,Gargi College,1.01,Saket District Centre,5.38,0.72,0.68,4.2,3,Yes,2026-07-20,MagicBricks,30.02,61.9,48.8,58.2,63.2
PROP_531,1BHK,Fully Furnished 1BHK Apartment in Vaishali,Vaishali,Ghaziabad,Ghaziabad,Family,1,1,4,12,4,11000,11000,1600.0,1000.0,477,Furnished,No,Yes,Yes,No,4 Hours,Yes,Yes,No,Yes,Yes,No,No,Yes,Vaishali Metro Station,1.88,Inderprastha Dental College,8.31,Noida Sector 62 IT Park,7.91,3.53,5.71,4.5,80,Yes,2026-07-12,MagicBricks,23.06,51.1,44.4,54.1,35.7
PROP_532,2BHK,Semi-Furnished 2BHK Apartment in Preet Vihar,Preet Vihar,Delhi,East Delhi,Working Professional,2,2,12,12,7,33500,67000,0.0,2000.0,1098,Semi-Furnished,Yes,Yes,Yes,Yes,12 Hours,Yes,Yes,No,No,No,No,No,No,Preet Vihar Metro Station,0.19,Vivekananda College,1.28,Noida Sector 62 IT Park,2.26,4.45,1.75,4.0,46,Yes,2026-08-01,Housing.com,30.51,71.0,62.2,69.6,44.7
PROP_533,2BHK,Semi-Furnished 2BHK Apartment in Noida Sector 137,Noida Sector 137,Noida,Noida,Family,2,2,3,12,8,17500,17500,0.0,1937.0,1225,Semi-Furnished,No,Yes,Yes,Yes,4 Hours,No,No,No,No,No,No,Yes,No,Noida Sector 137 Metro Station,3.22,Amity University Noida,3.09,Noida Expressway Offices,11.05,3.36,1.12,4.4,67,Yes,2026-07-01,99acres,14.29,45.0,38.1,47.5,48.7
PROP_534,2BHK,Fully Furnished 2BHK Apartment in Noida Sector 15,Noida Sector 15,Noida,Noida,Family,2,2,4,5,5,15000,45000,2500.0,1700.0,747,Furnished,Yes,Yes,Yes,No,12 Hours,Yes,Yes,No,No,No,No,No,Yes,Noida Sector 15 Metro Station,3.25,Amity University Noida,5.34,Noida Sector 16 Commercial Hub,3.63,2.21,4.55,3.5,44,Yes,2026-08-05,Housing.com,20.08,47.2,42.5,51.5,41.5
PROP_535,1RK,Fully Furnished 1RK Apartment in Preet Vihar,Preet Vihar,Delhi,East Delhi,Student,1,1,1,15,15,9000,19000,700.0,700.0,306,Furnished,No,Yes,Yes,No,12 Hours,Yes,No,Yes,No,No,Yes,Yes,No,Preet Vihar Metro Station,0.1,Vivekananda College,0.87,Noida Sector 62 IT Park,2.69,0.33,4.03,4.0,20,No,2026-07-11,99acres,29.41,76.7,64.2,72.7,58.8
PROP_536,1BHK,Fully Furnished 1BHK Apartment in Dwarka,Dwarka,Delhi,Dwarka,Working Bachelor,1,1,1,12,14,16000,32000,0.0,1086.0,524,Furnished,No,No,Yes,No,12 Hours,Yes,Yes,No,No,No,Yes,Yes,Yes,Dwarka Sector 10 Metro Station,0.87,Netaji Subhas University of Technology (NSUT),2.71,Gurugram Sector 21 IT Park,6.48,2.32,2.54,4.0,64,Yes,2026-08-07,MagicBricks,30.53,59.3,52.6,62.1,48.7
PROP_537,1BHK,Semi-Furnished 1BHK Apartment in Noida Sector 15,Noida Sector 15,Noida,Noida,Student,1,1,14,20,8,12500,12500,1110.0,1200.0,555,Semi-Furnished,No,Yes,Yes,Yes,12 Hours,No,Yes,No,No,No,Yes,Yes,Yes,Noida Sector 15 Metro Station,0.33,Amity University Noida,6.93,Noida Sector 16 Commercial Hub,4.54,1.22,5.11,3.9,34,Yes,2026-07-28,NoBroker,22.52,65.1,60.8,70.2,52.2
PROP_538,3BHK,Fully Furnished 3BHK Apartment in Gurugram Sector 45,Gurugram Sector 45,Gurugram,Gurugram,Family,3,2,3,24,4,58500,117000,0.0,4400.0,1940,Furnished,Yes,No,Yes,Yes,12 Hours,Yes,No,No,No,Yes,Yes,Yes,No,HUDA City Centre Metro Station,4.13,Ansal University,8.17,Golf Course Road Offices,3.59,3.34,2.3,4.8,3,Yes,2026-08-09,NoBroker,30.15,43.0,41.2,48.8,48.4
PROP_539,2BHK,Semi-Furnished 2BHK Apartment in Hauz Khas,Hauz Khas,Delhi,South Delhi,Family,2,2,0,3,8,45000,45000,1800.0,1900.0,910,Semi-Furnished,No,Yes,No,No,24 Hours,Yes,Yes,No,No,No,No,No,No,Hauz Khas Metro Station,4.38,IIT Delhi,8.38,Okhla Industrial Area,8.16,0.79,1.15,4.5,63,Yes,2026-08-03,Housing.com,49.45,39.6,35.2,43.8,54.6
PROP_540,3BHK,Semi-Furnished 3BHK Apartment in Vaishali,Vaishali,Ghaziabad,Ghaziabad,Working Professional,3,2,2,8,0,30000,61000,4000.0,3800.0,1859,Semi-Furnished,Yes,No,Yes,Yes,24 Hours,Yes,Yes,No,No,No,Yes,Yes,No,Vaishali Metro Station,1.73,Inderprastha Dental College,4.69,Noida Sector 62 IT Park,7.63,3.98,4.1,4.0,51,No,2026-07-17,Housing.com,16.14,49.4,44.0,53.0,44.3
PROP_541,2BHK,Fully Furnished 2BHK Apartment in Vasant Kunj,Vasant Kunj,Delhi,South Delhi,Working Professional,2,2,1,5,0,76500,153000,0.0,3000.0,1402,Furnished,Yes,Yes,Yes,Yes,4 Hours,Yes,No,No,Yes,No,Yes,No,Yes,Chattarpur Metro Station,1.18,Jawaharlal Nehru University (JNU),8.06,Cyber City Gurugram,6.45,1.39,1.41,4.1,24,No,2026-07-29,MagicBricks,54.56,52.6,49.9,57.4,53.3
PROP_542,2BHK,Fully Furnished 2BHK Apartment in Janakpuri,Janakpuri,Delhi,West Delhi,Family,2,2,8,8,14,33000,100500,2000.0,2239.0,1293,Furnished,No,Yes,Yes,No,24 Hours,Yes,No,No,No,No,No,Yes,No,Janakpuri West Metro Station,2.74,Bhaskaracharya College,7.57,Janakpuri District Centre,14.9,3.92,5.52,3.9,33,No,2026-07-04,Housing.com,25.52,42.3,37.2,46.2,40.8
PROP_543,3BHK,Semi-Furnished 3BHK Apartment in Model Town,Model Town,Delhi,North Delhi,Family,3,2,4,15,0,58500,117000,2000.0,2209.0,1406,Semi-Furnished,Yes,Yes,Yes,No,4 Hours,Yes,No,No,No,No,Yes,Yes,No,Model Town Metro Station,2.75,Miranda House,9.86,Connaught Place,8.41,2.71,1.94,4.4,49,Yes,2026-07-01,MagicBricks,41.61,42.3,38.7,46.8,46.1
PROP_544,1RK,Fully Furnished 1RK Apartment in Hauz Khas,Hauz Khas,Delhi,South Delhi,Family,1,1,0,24,4,34000,68000,0.0,1200.0,529,Furnished,No,Yes,Yes,Yes,4 Hours,Yes,Yes,No,No,No,Yes,Yes,No,Hauz Khas Metro Station,1.85,IIT Delhi,4.54,Okhla Industrial Area,6.94,2.48,1.58,3.7,71,No,2026-07-15,MagicBricks,64.27,50.6,46.2,55.1,48.2
PROP_545,1BHK,Fully Furnished 1BHK Apartment in Civil Lines,Civil Lines,Delhi,North Delhi,Family,1,1,5,15,9,44000,44000,2000.0,1800.0,797,Furnished,No,Yes,Yes,Yes,4 Hours,Yes,Yes,No,No,Yes,No,Yes,No,Civil Lines Metro Station,4.43,St. Stephen's College,0.63,Connaught Place,13.93,2.08,3.43,4.3,76,Yes,2026-06-29,99acres,55.21,55.7,39.0,47.6,41.4
PROP_546,1BHK,Semi-Furnished 1BHK Apartment in Model Town,Model Town,Delhi,North Delhi,Family,1,1,17,24,10,28500,57000,1000.0,1138.0,692,Semi-Furnished,No,Yes,Yes,Yes,24 Hours,No,No,No,No,No,No,Yes,No,Model Town Metro Station,2.21,Miranda House,5.66,Connaught Place,4.98,2.42,0.46,3.7,53,Yes,2026-08-02,99acres,41.18,44.3,39.5,48.4,51.2
PROP_547,1BHK,Semi-Furnished 1BHK Apartment in Vaishali,Vaishali,Ghaziabad,Ghaziabad,Family,1,1,13,15,10,13500,27000,1400.0,1400.0,656,Semi-Furnished,No,Yes,Yes,No,24 Hours,No,No,No,Yes,Yes,Yes,Yes,No,Vaishali Metro Station,3.79,Inderprastha Dental College,2.22,Noida Sector 62 IT Park,9.8,1.3,2.56,3.3,8,Yes,2026-07-25,NoBroker,20.58,47.3,38.4,48.0,47.0
PROP_548,4BHK,Fully Furnished 4BHK Apartment in Noida Sector 62,Noida Sector 62,Noida,Noida,Family,4,4,20,20,10,62000,125000,5100.0,4500.0,2567,Furnished,Yes,No,Yes,No,12 Hours,Yes,Yes,Yes,No,Yes,No,Yes,No,Noida Sector 62 Metro Station,3.09,JSS Academy of Technical Education,5.78,Noida Sector 62 IT Park,8.27,2.69,3.18,4.7,45,No,2026-07-11,99acres,24.15,44.0,40.0,48.1,47.4
PROP_549,3BHK,Fully Furnished 3BHK Apartment in Laxmi Nagar,Laxmi Nagar,Delhi,East Delhi,Family,3,2,5,24,6,29500,59000,2000.0,2900.0,1402,Furnished,No,Yes,Yes,Yes,24 Hours,Yes,Yes,No,Yes,No,Yes,No,No,Laxmi Nagar Metro Station,1.3,Shyam Lal College,2.73,Noida Sector 62 IT Park,13.46,1.42,0.41,3.6,83,Yes,2026-08-08,Housing.com,21.04,54.8,47.3,56.3,57.8
PROP_551,4BHK,Fully Furnished 4BHK Apartment in Noida Sector 62,Noida Sector 62,Noida,Noida,Family,4,4,4,8,6,46000,92000,4800.0,3766.0,2311,Furnished,No,Yes,Yes,Yes,24 Hours,Yes,No,No,Yes,No,Yes,No,Yes,Noida Sector 62 Metro Station,2.99,JSS Academy of Technical Education,7.41,Noida Sector 62 IT Park,8.04,4.33,2.17,4.4,36,Yes,2026-08-02,NoBroker,19.9,45.6,41.2,49.8,47.2
PROP_552,1BHK,Semi-Furnished 1BHK Apartment in DLF Phase 3,Dlf Phase 3,Gurugram,Gurugram,Family,1,1,2,8,12,12000,24000,0.0,600.0,409,Semi-Furnished,No,Yes,Yes,Yes,12 Hours,No,No,No,No,No,No,Yes,Yes,Phase 3 Metro Station,2.81,Dronacharya College of Engineering,3.2,DLF Cyber City,7.51,4.07,5.67,3.6,2,Yes,2026-07-21,NoBroker,29.34,48.1,41.5,51.1,40.4
PROP_553,2BHK,Fully Furnished 2BHK Apartment in Saket,Saket,Delhi,South Delhi,Family,2,2,0,12,10,42000,84000,0.0,1700.0,1006,Furnished,No,Yes,Yes,Yes,4 Hours,Yes,Yes,No,Yes,Yes,Yes,Yes,Yes,Saket Metro Station,1.89,Gargi College,4.32,Saket District Centre,8.25,0.55,3.82,3.3,3,Yes,2026-07-19,99acres,41.75,54.2,49.9,58.6,56.1
PROP_554,1BHK,Semi-Furnished 1BHK Apartment in Greater Kailash,Greater Kailash,Delhi,South Delhi,Family,1,1,8,12,2,39500,79000,2000.0,1000.0,790,Semi-Furnished,No,Yes,Yes,No,4 Hours,No,Yes,No,Yes,No,Yes,No,No,Kailash Colony Metro Station,0.43,Lady Shri Ram College (LSR),9.03,Nehru Place IT Hub,13.12,2.44,4.85,3.4,19,Yes,2026-07-28,99acres,50.0,59.6,55.5,64.3,46.4
PROP_555,2BHK,Fully Furnished 2BHK Apartment in Noida Sector 137,Noida Sector 137,Noida,Noida,Family,2,2,1,3,8,18500,37000,0.0,2100.0,971,Furnished,Yes,Yes,No,Yes,12 Hours,Yes,No,Yes,No,No,No,No,Yes,Noida Sector 137 Metro Station,2.75,Amity University Noida,5.66,Noida Expressway Offices,8.52,3.38,2.61,4.5,19,Yes,2026-07-30,NoBroker,19.05,47.8,41.9,51.3,41.5
PROP_556,3BHK,Fully Furnished 3BHK Apartment in Shakarpur,Shakarpur,Delhi,East Delhi,Working Professional,3,2,2,3,8,14500,29000,1000.0,1800.0,995,Furnished,Yes,No,No,Yes,24 Hours,Yes,Yes,No,No,No,Yes,No,No,Nirman Vihar Metro Station,0.89,Bhim Rao Ambedkar College,6.37,Noida Sector 62 IT Park,4.85,1.34,0.93,3.8,20,Yes,2026-07-18,99acres,14.57,54.5,49.1,58.5,54.6
PROP_557,1BHK,Semi-Furnished 1BHK Apartment in Vasant Kunj,Vasant Kunj,Delhi,South Delhi,Family,1,1,4,8,15,36000,72000,3000.0,1800.0,920,Semi-Furnished,No,No,Yes,No,12 Hours,Yes,No,No,Yes,No,No,No,No,Chattarpur Metro Station,1.0,Jawaharlal Nehru University (JNU),0.76,Cyber City Gurugram,12.36,0.54,2.31,3.9,54,Yes,2026-08-06,MagicBricks,39.13,61.8,46.2,55.1,56.1
PROP_558,1BHK,Fully Furnished 1BHK Apartment in Kamla Nagar,Kamla Nagar,Delhi,North Delhi,Family,1,1,1,8,13,10000,10000,500.0,900.0,357,Furnished,Yes,No,Yes,Yes,4 Hours,Yes,No,No,No,No,No,Yes,No,Vishwa Vidyalaya Metro Station,3.46,Kirori Mal College,6.29,Connaught Place,12.31,3.81,2.88,4.7,20,Yes,2026-07-03,MagicBricks,28.01,44.8,38.9,48.6,39.6
PROP_559,2BHK,Semi-Furnished 2BHK Apartment in Dwarka,Dwarka,Delhi,Dwarka,Family,2,2,4,5,7,26000,52000,3000.0,1873.0,1182,Semi-Furnished,Yes,Yes,Yes,Yes,24 Hours,No,Yes,No,No,No,Yes,Yes,No,Dwarka Sector 10 Metro Station,2.19,Netaji Subhas University of Technology (NSUT),6.25,Gurugram Sector 21 IT Park,9.67,3.17,5.79,3.9,1,No,2026-07-31,99acres,22.0,49.5,45.2,54.4,45.7
PROP_560,3BHK,Fully Furnished 3BHK Apartment in Civil Lines,Civil Lines,Delhi,North Delhi,Family,3,2,5,8,12,81000,162000,5700.0,3300.0,1661,Furnished,Yes,Yes,Yes,No,24 Hours,Yes,No,No,No,No,No,No,No,Civil Lines Metro Station,3.3,St. Stephen's College,7.57,Connaught Place,5.29,1.02,5.68,4.8,70,Yes,2026-07-15,MagicBricks,48.77,37.3,33.6,41.0,45.1
PROP_561,3BHK,Fully Furnished 3BHK Apartment in DLF Phase 3,Dlf Phase 3,Gurugram,Gurugram,Working Professional,3,2,12,12,2,48500,97000,2000.0,1900.0,1412,Furnished,Yes,No,Yes,Yes,24 Hours,Yes,Yes,No,No,Yes,Yes,Yes,No,Phase 3 Metro Station,1.29,Dronacharya College of Engineering,5.95,DLF Cyber City,7.86,2.11,3.62,3.6,52,Yes,2026-07-11,Housing.com,34.35,53.6,49.9,58.4,49.0
PROP_562,1BHK,Fully Furnished 1BHK Apartment in Gurugram Sector 45,Gurugram Sector 45,Gurugram,Gurugram,Family,1,1,3,12,13,26000,52000,1500.0,1300.0,710,Furnished,No,Yes,Yes,Yes,4 Hours,Yes,No,Yes,No,No,Yes,No,Yes,HUDA City Centre Metro Station,1.61,Ansal University,9.56,Golf Course Road Offices,5.97,1.91,2.0,4.2,7,Yes,2026-07-05,99acres,36.62,52.5,48.0,57.1,48.0
PROP_563,1BHK,Semi-Furnished 1BHK Apartment in Golf Course Road,Golf Course Road,Gurugram,Gurugram,Family,1,1,0,24,4,69500,208500,1800.0,1700.0,854,Semi-Furnished,No,Yes,Yes,Yes,12 Hours,No,No,No,No,No,No,No,No,Sector 42-43 Metro Station,3.17,GD Goenka University,8.4,Golf Course Road Offices,8.89,1.4,1.29,3.7,55,Yes,2026-08-03,99acres,81.38,38.0,34.2,42.0,47.4
PROP_564,1BHK,Semi-Furnished 1BHK Apartment in Noida Sector 137,Noida Sector 137,Noida,Noida,Family,1,1,12,15,9,8500,17000,1400.0,900.0,504,Semi-Furnished,No,Yes,Yes,Yes,12 Hours,Yes,No,No,No,No,Yes,No,No,Noida Sector 137 Metro Station,4.03,Amity University Noida,7.57,Noida Expressway Offices,7.05,0.41,5.62,4.4,29,Yes,2026-07-03,99acres,16.87,44.7,39.3,49.0,53.3
PROP_565,1BHK,Fully Furnished 1BHK Apartment in Civil Lines,Civil Lines,Delhi,North Delhi,Family,1,1,5,12,15,41000,83000,0.0,1500.0,762,Furnished,No,Yes,Yes,No,12 Hours,Yes,No,No,No,No,Yes,Yes,No,Civil Lines Metro Station,2.27,St. Stephen's College,1.09,Connaught Place,6.61,2.89,3.62,3.7,5,Yes,2026-07-29,Housing.com,53.81,52.1,39.6,48.3,42.2
PROP_566,1BHK,Fully Furnished 1BHK Apartment in Green Park,Green Park,Delhi,South Delhi,Family,1,1,8,12,12,37500,112500,1400.0,1400.0,626,Furnished,No,Yes,Yes,Yes,24 Hours,Yes,Yes,No,No,Yes,No,Yes,Yes,Green Park Metro Station,0.69,NIFT Delhi,3.03,Bhikaji Cama Place,7.35,3.65,0.36,4.0,26,No,2026-07-08,Housing.com,59.9,62.7,56.9,65.7,54.4
PROP_567,1BHK,Fully Furnished 1BHK Apartment in Hauz Khas,Hauz Khas,Delhi,South Delhi,Family,1,1,0,12,1,37500,75000,0.0,1100.0,699,Furnished,No,Yes,Yes,Yes,4 Hours,Yes,Yes,No,Yes,No,Yes,Yes,No,Hauz Khas Metro Station,3.12,IIT Delhi,4.46,Okhla Industrial Area,8.16,3.58,3.62,4.1,52,No,2026-07-09,99acres,53.65,48.1,43.8,52.6,42.9
PROP_568,3BHK,Fully Furnished 3BHK Apartment in Mayur Vihar,Mayur Vihar,Delhi,East Delhi,Family,3,2,5,12,0,36500,73000,4700.0,2400.0,1382,Furnished,Yes,Yes,Yes,No,24 Hours,Yes,Yes,No,No,No,No,Yes,No,Mayur Vihar 1 Metro Station,1.92,Shaheed Sukhdev College of Business Studies,8.36,Noida Sector 62 IT Park,8.94,1.84,4.94,4.6,31,Yes,2026-07-12,Housing.com,26.41,47.0,41.9,50.7,44.3
PROP_569,2BHK,Semi-Furnished 2BHK Apartment in Gurugram Sector 56,Gurugram Sector 56,Gurugram,Gurugram,Family,2,2,3,4,11,23000,46000,2700.0,1500.0,1037,Semi-Furnished,Yes,Yes,No,No,24 Hours,No,No,No,No,No,Yes,No,No,Sector 56 Metro Station,3.9,IILM University,1.05,Golf Course Road Offices,13.28,4.61,3.36,3.9,80,Yes,2026-06-29,MagicBricks,22.18,49.6,36.2,45.5,42.5
PROP_570,2BHK,Fully Furnished 2BHK Apartment in Laxmi Nagar,Laxmi Nagar,Delhi,East Delhi,Family,2,2,17,24,1,10500,21000,0.0,1400.0,608,Furnished,No,Yes,Yes,No,4 Hours,Yes,No,Yes,No,No,Yes,Yes,Yes,Laxmi Nagar Metro Station,2.98,Shyam Lal College,9.87,Noida Sector 62 IT Park,5.94,2.22,2.82,4.3,74,Yes,2026-07-22,Housing.com,17.27,47.3,42.1,51.7,44.3
PROP_571,1BHK,Fully Furnished 1BHK Apartment in Golf Course Road,Golf Course Road,Gurugram,Gurugram,Family,1,1,2,3,13,87000,174000,0.0,1600.0,970,Furnished,No,No,No,No,4 Hours,Yes,Yes,Yes,No,No,Yes,Yes,No,Sector 42-43 Metro Station,0.64,GD Goenka University,3.36,Golf Course Road Offices,11.92,3.89,2.66,3.2,74,Yes,2026-07-16,NoBroker,89.69,52.7,49.1,56.4,44.2
PROP_572,1BHK,Fully Furnished 1BHK Apartment in Dwarka,Dwarka,Delhi,Dwarka,Family,1,1,2,3,9,17500,35000,1300.0,1200.0,706,Furnished,Yes,Yes,No,No,24 Hours,Yes,Yes,No,No,No,Yes,Yes,No,Dwarka Sector 10 Metro Station,2.19,Netaji Subhas University of Technology (NSUT),2.51,Gurugram Sector 21 IT Park,11.69,1.39,3.39,4.0,53,No,2026-07-17,MagicBricks,24.79,51.4,44.3,53.7,50.2
PROP_573,2BHK,Fully Furnished 2BHK Apartment in Malviya Nagar,Malviya Nagar,Delhi,South Delhi,Family,2,2,7,8,0,30000,60000,1600.0,2100.0,929,Furnished,Yes,Yes,Yes,Yes,4 Hours,Yes,No,No,Yes,No,Yes,No,No,Malviya Nagar Metro Station,0.41,College of Vocational Studies,1.62,Okhla Industrial Area,10.71,4.39,2.2,4.1,17,Yes,2026-08-10,NoBroker,32.29,69.2,59.4,68.5,47.7
PROP_574,1BHK,Fully Furnished 1BHK Apartment in DLF Phase 3,Dlf Phase 3,Gurugram,Gurugram,Family,1,1,9,20,13,20000,41000,988.0,900.0,494,Furnished,No,Yes,Yes,Yes,12 Hours,Yes,Yes,No,No,No,Yes,Yes,No,Phase 3 Metro Station,4.27,Dronacharya College of Engineering,5.95,DLF Cyber City,1.99,0.74,4.49,4.0,31,Yes,2026-08-09,99acres,40.49,46.6,47.2,54.5,53.4
PROP_575,1RK,Semi-Furnished 1RK Apartment in Saket,Saket,Delhi,South Delhi,Student,1,1,12,15,6,13000,13500,0.0,700.0,401,Semi-Furnished,No,No,Yes,Yes,12 Hours,Yes,Yes,No,No,No,No,No,No,Saket Metro Station,0.58,Gargi College,5.4,Saket District Centre,10.24,3.91,3.13,4.4,80,Yes,2026-07-28,Housing.com,32.42,59.3,53.7,63.3,43.1
PROP_576,1RK,Fully Furnished 1RK Apartment in DLF Phase 3,Dlf Phase 3,Gurugram,Gurugram,Student,1,1,2,8,0,11500,34500,1000.0,801.0,334,Furnished,No,Yes,Yes,No,4 Hours,Yes,Yes,No,No,No,Yes,Yes,No,Phase 3 Metro Station,0.22,Dronacharya College of Engineering,5.95,DLF Cyber City,7.86,0.92,3.01,3.8,38,No,2026-07-25,Housing.com,34.43,66.1,61.3,70.9,55.8
PROP_577,2BHK,Fully Furnished 2BHK Apartment in Greater Kailash,Greater Kailash,Delhi,South Delhi,Family,2,2,1,5,0,99000,198000,3500.0,2400.0,1239,Furnished,Yes,Yes,Yes,Yes,12 Hours,Yes,Yes,No,No,No,Yes,No,No,Kailash Colony Metro Station,1.56,Lady Shri Ram College (LSR),2.31,Nehru Place IT Hub,13.41,1.7,0.58,4.6,36,Yes,2026-07-26,MagicBricks,79.9,49.6,44.3,51.2,53.8
PROP_578,1BHK,Fully Furnished 1BHK Apartment in Rohini,Rohini,Delhi,North Delhi,Student,1,1,4,20,5,7000,15000,1100.0,946.0,431,Furnished,No,Yes,Yes,Yes,24 Hours,Yes,No,No,Yes,No,Yes,Yes,Yes,Rohini West Metro Station,0.98,Delhi Technological University (DTU),8.34,Netaji Subhash Place,9.55,4.56,4.4,4.7,17,No,2026-08-09,MagicBricks,16.24,58.8,53.5,63.3,42.5
PROP_579,3BHK,Fully Furnished 3BHK Apartment in Janakpuri,Janakpuri,Delhi,West Delhi,Working Professional,3,2,0,15,5,33500,67000,3500.0,2200.0,1450,Furnished,Yes,No,Yes,Yes,4 Hours,Yes,Yes,No,No,Yes,Yes,Yes,Yes,Janakpuri West Metro Station,0.79,Bhaskaracharya College,8.26,Janakpuri District Centre,3.11,2.83,5.43,3.3,83,Yes,2026-08-05,MagicBricks,23.1,59.7,57.3,65.4,47.1
PROP_580,1BHK,Fully Furnished 1BHK Apartment in Rajinder Nagar,Rajinder Nagar,Delhi,Central Delhi,Student,1,1,9,12,12,14000,29000,1100.0,800.0,372,Furnished,No,Yes,Yes,Yes,12 Hours,Yes,Yes,No,No,Yes,Yes,No,No,Rajendra Place Metro Station,2.36,Venkateshwara College,3.76,Rajendra Place IT Hub,1.18,1.73,2.88,4.9,34,No,2026-07-02,MagicBricks,37.63,50.5,53.6,59.3,45.8
PROP_581,2BHK,Fully Furnished 2BHK Apartment in Kamla Nagar,Kamla Nagar,Delhi,North Delhi,Family,2,2,8,12,12,21000,42000,1600.0,1600.0,712,Furnished,Yes,No,Yes,Yes,12 Hours,Yes,Yes,No,No,Yes,Yes,Yes,No,Vishwa Vidyalaya Metro Station,2.3,Kirori Mal College,1.79,Connaught Place,12.68,0.84,3.34,4.8,80,Yes,2026-07-31,NoBroker,29.49,54.8,45.2,54.5,51.6
PROP_582,1BHK,Fully Furnished 1BHK Apartment in Green Park,Green Park,Delhi,South Delhi,Family,1,1,3,8,0,35000,71000,0.0,1171.0,581,Furnished,No,Yes,Yes,Yes,24 Hours,Yes,No,No,No,No,Yes,No,No,Green Park Metro Station,1.3,NIFT Delhi,5.05,Bhikaji Cama Place,7.35,3.34,2.35,3.3,75,No,2026-07-08,Housing.com,60.24,51.4,47.0,55.9,44.6
PROP_583,3BHK,Fully Furnished 3BHK Apartment in Hauz Khas,Hauz Khas,Delhi,South Delhi,Family,3,2,3,4,10,130000,130000,0.0,2500.0,1829,Furnished,Yes,No,No,No,24 Hours,Yes,No,No,No,No,Yes,Yes,Yes,Hauz Khas Metro Station,0.62,IIT Delhi,2.86,Okhla Industrial Area,12.96,2.31,3.47,4.4,57,No,2026-08-04,Housing.com,71.08,49.6,46.7,52.6,46.4
PROP_584,3BHK,Fully Furnished 3BHK Apartment in Vasant Kunj,Vasant Kunj,Delhi,South Delhi,Working Professional,3,2,6,15,14,97500,195000,6300.0,3900.0,1823,Furnished,No,Yes,Yes,Yes,12 Hours,Yes,No,No,No,Yes,Yes,Yes,No,Chattarpur Metro Station,0.26,Jawaharlal Nehru University (JNU),4.61,Cyber City Gurugram,6.45,0.92,4.71,4.9,6,Yes,2026-08-11,Housing.com,53.48,59.2,56.9,63.8,55.3
PROP_585,3BHK,Fully Furnished 3BHK Apartment in Dwarka,Dwarka,Delhi,Dwarka,Family,3,2,8,15,14,49000,98000,3000.0,3300.0,1649,Furnished,No,Yes,Yes,No,24 Hours,Yes,No,No,No,No,Yes,Yes,Yes,Dwarka Sector 10 Metro Station,2.19,Netaji Subhas University of Technology (NSUT),9.31,Gurugram Sector 21 IT Park,10.66,1.43,4.12,3.5,48,No,2026-08-11,99acres,29.71,45.8,42.3,50.8,51.4
PROP_586,4BHK,Semi-Furnished 4BHK Apartment in Saket,Saket,Delhi,South Delhi,Family,4,4,2,3,6,73000,146000,3200.0,2810.0,1807,Semi-Furnished,Yes,Yes,No,Yes,12 Hours,Yes,Yes,No,No,No,No,No,No,Saket Metro Station,1.89,Gargi College,4.02,Saket District Centre,7.28,4.48,3.13,4.3,26,Yes,2026-07-19,MagicBricks,40.4,45.5,41.3,49.0,42.6
PROP_587,1BHK,Semi-Furnished 1BHK Apartment in Vaishali,Vaishali,Ghaziabad,Ghaziabad,Student,1,1,5,5,3,12000,24000,1600.0,800.0,559,Semi-Furnished,No,No,Yes,No,24 Hours,No,Yes,No,No,No,Yes,Yes,No,Vaishali Metro Station,1.41,Inderprastha Dental College,3.52,Noida Sector 62 IT Park,5.9,2.16,2.1,3.3,1,No,2026-07-02,99acres,21.47,49.2,42.6,52.1,45.5
PROP_588,3BHK,Fully Furnished 3BHK Apartment in Saket,Saket,Delhi,South Delhi,Family,3,2,2,5,11,55500,111000,0.0,2000.0,1390,Furnished,Yes,Yes,Yes,Yes,12 Hours,Yes,No,Yes,No,No,No,No,No,Saket Metro Station,1.89,Gargi College,6.36,Saket District Centre,7.64,3.5,0.94,4.8,53,Yes,2026-07-27,Housing.com,39.93,48.0,43.9,52.1,48.5
PROP_589,1RK,Fully Furnished 1RK Apartment in Janakpuri,Janakpuri,Delhi,West Delhi,Student,1,1,3,12,14,11500,23000,1300.0,1000.0,439,Furnished,No,Yes,Yes,Yes,4 Hours,Yes,Yes,No,No,Yes,Yes,Yes,Yes,Janakpuri West Metro Station,1.6,Bhaskaracharya College,0.62,Janakpuri District Centre,9.22,0.74,4.41,3.3,48,No,2026-07-23,Housing.com,26.2,67.6,50.3,59.9,52.0
PROP_590,3BHK,Fully Furnished 3BHK Apartment in Saket,Saket,Delhi,South Delhi,Family,3,2,6,8,5,61000,61000,4900.0,3200.0,1665,Furnished,Yes,Yes,Yes,Yes,12 Hours,Yes,No,Yes,Yes,No,Yes,Yes,No,Saket Metro Station,1.66,Gargi College,8.55,Saket District Centre,13.83,2.52,3.13,3.7,73,Yes,2026-07-25,NoBroker,36.64,51.5,48.3,56.4,48.1
PROP_591,4BHK,Fully Furnished 4BHK Apartment in Rajinder Nagar,Rajinder Nagar,Delhi,Central Delhi,Family,4,4,1,4,11,96000,288000,3900.0,3500.0,2335,Furnished,No,Yes,No,Yes,4 Hours,Yes,No,No,No,No,Yes,No,No,Rajendra Place Metro Station,2.36,Venkateshwara College,9.3,Rajendra Place IT Hub,2.31,1.03,2.77,3.9,48,Yes,2026-07-21,Housing.com,41.11,37.4,38.3,43.7,51.4
PROP_592,4BHK,Fully Furnished 4BHK Apartment in Golf Course Road,Golf Course Road,Gurugram,Gurugram,Family,4,4,4,5,0,322000,644000,7404.0,8100.0,3702,Furnished,Yes,Yes,Yes,Yes,24 Hours,Yes,No,No,No,No,Yes,Yes,Yes,Sector 42-43 Metro Station,0.92,GD Goenka University,4.95,Golf Course Road Offices,10.65,2.62,2.76,4.3,54,No,2026-07-17,Housing.com,86.98,31.4,36.0,36.0,41.4
PROP_593,2BHK,Fully Furnished 2BHK Apartment in Pari Chowk,Pari Chowk,Greater Noida,Greater Noida,Family,2,2,7,15,6,17000,34000,2130.0,2200.0,1065,Furnished,No,Yes,Yes,No,24 Hours,Yes,Yes,No,No,Yes,Yes,Yes,Yes,Pari Chowk Metro Station,4.22,Galgotias University,3.04,Greater Noida Industrial Area,4.98,4.98,1.6,3.8,67,Yes,2026-06-29,Housing.com,15.96,48.5,42.0,51.3,45.0
PROP_594,2BHK,Fully Furnished 2BHK Apartment in Model Town,Model Town,Delhi,North Delhi,Family,2,2,1,3,10,54000,108000,2000.0,2400.0,1191,Furnished,Yes,No,No,Yes,4 Hours,Yes,No,No,No,No,No,Yes,No,Model Town Metro Station,4.4,Miranda House,5.98,Connaught Place,10.71,0.51,4.36,3.8,56,Yes,2026-07-04,MagicBricks,45.34,38.4,33.9,42.2,51.3
PROP_595,2BHK,Fully Furnished 2BHK Apartment in Hauz Khas,Hauz Khas,Delhi,South Delhi,Family,2,2,0,3,8,86000,86500,0.0,1900.0,1240,Furnished,Yes,Yes,No,Yes,12 Hours,Yes,Yes,Yes,No,No,Yes,Yes,Yes,Hauz Khas Metro Station,2.88,IIT Delhi,3.72,Okhla Industrial Area,10.57,4.52,1.86,4.3,61,No,2026-06-30,Housing.com,69.35,46.0,42.7,50.0,44.1
PROP_596,1BHK,Semi-Furnished 1BHK Apartment in Golf Course Road,Golf Course Road,Gurugram,Gurugram,Family,1,1,3,5,10,47000,94000,1400.0,1700.0,762,Semi-Furnished,No,Yes,Yes,Yes,4 Hours,Yes,Yes,Yes,No,No,Yes,Yes,No,Sector 42-43 Metro Station,4.0,GD Goenka University,9.8,Golf Course Road Offices,9.26,2.59,4.11,4.0,11,Yes,2026-07-26,NoBroker,61.68,45.6,42.1,50.6,43.4
PROP_597,2BHK,Fully Furnished 2BHK Apartment in Hauz Khas,Hauz Khas,Delhi,South Delhi,Family,2,2,12,12,14,70000,140000,2000.0,2300.0,1099,Furnished,No,No,Yes,Yes,24 Hours,Yes,No,No,Yes,Yes,Yes,Yes,No,Hauz Khas Metro Station,2.87,IIT Delhi,8.42,Okhla Industrial Area,6.2,2.12,1.54,3.2,83,Yes,2026-08-04,MagicBricks,63.69,43.5,40.8,48.6,48.7
PROP_598,3BHK,Semi-Furnished 3BHK Apartment in Knowledge Park,Knowledge Park,Greater Noida,Greater Noida,Family,3,2,11,20,5,23500,47000,3792.0,3500.0,1896,Semi-Furnished,Yes,No,Yes,Yes,4 Hours,Yes,Yes,No,No,No,Yes,No,Yes,Knowledge Park II Metro Station,2.63,Sharda University,2.4,Greater Noida Industrial Area,10.58,0.7,5.89,3.9,73,Yes,2026-07-18,MagicBricks,12.39,50.3,41.8,51.1,53.3
PROP_599,2BHK,Semi-Furnished 2BHK Apartment in Saket,Saket,Delhi,South Delhi,Family,2,2,5,5,10,40000,80000,0.0,1600.0,983,Semi-Furnished,Yes,No,Yes,No,4 Hours,No,Yes,No,No,No,Yes,Yes,No,Saket Metro Station,1.91,Gargi College,6.74,Saket District Centre,12.83,2.59,2.65,4.3,41,Yes,2026-07-11,NoBroker,40.69,46.3,42.4,51.2,46.9
PROP_600,2BHK,Fully Furnished 2BHK Apartment in Noida Sector 62,Noida Sector 62,Noida,Noida,Family,2,2,4,12,15,18500,37000,2000.0,1800.0,866,Furnished,Yes,Yes,Yes,No,12 Hours,Yes,Yes,No,No,No,No,Yes,No,Noida Sector 62 Metro Station,2.31,JSS Academy of Technical Education,6.28,Noida Sector 62 IT Park,1.58,0.2,1.55,3.7,70,No,2026-07-29,99acres,21.36,48.3,50.1,56.7,62.9
PROP_601,4BHK,Fully Furnished 4BHK Apartment in Hauz Khas,Hauz Khas,Delhi,South Delhi,Family,4,4,3,4,9,128500,257000,0.0,4800.0,2553,Furnished,Yes,Yes,No,No,4 Hours,Yes,No,No,No,No,No,No,No,Hauz Khas Metro Station,2.53,IIT Delhi,4.52,Okhla Industrial Area,12.74,1.74,2.23,3.6,61,Yes,2026-07-16,NoBroker,50.33,34.9,32.6,38.6,47.4
PROP_602,1BHK,Fully Furnished 1BHK Apartment in Noida Sector 15,Noida Sector 15,Noida,Noida,Family,1,1,3,4,7,12000,36000,700.0,1039.0,493,Furnished,No,Yes,No,Yes,12 Hours,Yes,Yes,No,Yes,No,Yes,No,No,Noida Sector 15 Metro Station,1.58,Amity University Noida,2.26,Noida Sector 16 Commercial Hub,13.22,1.13,4.37,4.2,60,Yes,2026-07-08,Housing.com,24.34,55.2,46.6,56.2,48.2
PROP_603,1RK,Fully Furnished 1RK Apartment in Golf Course Road,Golf Course Road,Gurugram,Gurugram,Family,1,1,13,20,0,47000,95000,1300.0,1300.0,654,Furnished,No,Yes,Yes,No,4 Hours,Yes,Yes,No,No,Yes,No,No,No,Sector 42-43 Metro Station,1.88,GD Goenka University,1.73,Golf Course Road Offices,10.0,1.86,2.5,3.2,79,Yes,2026-07-22,Housing.com,71.87,51.7,42.1,50.7,43.4
PROP_604,2BHK,Fully Furnished 2BHK Apartment in Model Town,Model Town,Delhi,North Delhi,Family,2,2,6,8,10,38500,77000,2000.0,1400.0,942,Furnished,No,Yes,Yes,Yes,4 Hours,Yes,Yes,No,No,No,Yes,Yes,No,Model Town Metro Station,2.53,Miranda House,7.88,Connaught Place,12.51,2.68,5.23,4.1,42,Yes,2026-08-06,99acres,40.87,46.3,41.9,50.7,42.6
PROP_605,3BHK,Fully Furnished 3BHK Apartment in Green Park,Green Park,Delhi,South Delhi,Family,3,2,1,20,12,132500,265000,5000.0,3600.0,2083,Furnished,Yes,No,Yes,No,12 Hours,Yes,No,No,No,Yes,Yes,Yes,Yes,Green Park Metro Station,3.65,NIFT Delhi,5.43,Bhikaji Cama Place,2.69,1.84,3.17,4.5,60,Yes,2026-07-11,MagicBricks,63.61,36.8,38.5,43.2,46.8
PROP_606,2BHK,Fully Furnished 2BHK Apartment in Shakarpur,Shakarpur,Delhi,East Delhi,Family,2,2,1,15,1,11500,23000,0.0,1600.0,816,Furnished,Yes,Yes,Yes,Yes,24 Hours,Yes,No,No,No,No,Yes,No,No,Nirman Vihar Metro Station,3.57,Bhim Rao Ambedkar College,4.12,Noida Sector 62 IT Park,8.66,2.14,3.08,4.7,38,Yes,2026-07-13,MagicBricks,14.09,46.1,39.5,49.1,42.7
PROP_607,1BHK,Fully Furnished 1BHK Apartment in Model Town,Model Town,Delhi,North Delhi,Family,1,1,15,20,5,23000,46000,1700.0,1300.0,498,Furnished,No,Yes,Yes,Yes,24 Hours,Yes,Yes,No,No,No,Yes,Yes,No,Model Town Metro Station,3.09,Miranda House,5.63,Connaught Place,5.79,0.69,1.74,3.6,52,Yes,2026-07-21,Housing.com,46.18,46.7,41.9,51.1,54.3
PROP_608,2BHK,Fully Furnished 2BHK Apartment in Janakpuri,Janakpuri,Delhi,West Delhi,Family,2,2,2,4,15,33500,67000,0.0,2400.0,1164,Furnished,Yes,Yes,No,Yes,12 Hours,Yes,Yes,No,No,No,Yes,Yes,No,Janakpuri West Metro Station,2.74,Bhaskaracharya College,7.98,Janakpuri District Centre,11.21,1.57,5.92,3.6,84,Yes,2026-07-30,Housing.com,28.78,46.2,41.7,50.7,47.0
PROP_609,2BHK,Semi-Furnished 2BHK Apartment in Hauz Khas,Hauz Khas,Delhi,South Delhi,Family,2,2,4,8,4,51000,51000,2900.0,1500.0,1030,Semi-Furnished,Yes,Yes,Yes,No,24 Hours,No,No,No,No,No,No,No,No,Hauz Khas Metro Station,1.87,IIT Delhi,5.55,Okhla Industrial Area,9.76,2.65,3.17,4.7,22,Yes,2026-08-03,Housing.com,49.51,44.1,39.7,48.1,42.7
PROP_610,2BHK,Semi-Furnished 2BHK Apartment in Malviya Nagar,Malviya Nagar,Delhi,South Delhi,Family,2,2,12,12,12,30500,91500,0.0,1700.0,809,Semi-Furnished,Yes,Yes,Yes,No,12 Hours,No,No,No,No,Yes,Yes,No,No,Malviya Nagar Metro Station,1.11,College of Vocational Studies,6.6,Okhla Industrial Area,13.51,3.3,1.49,3.5,24,Yes,2026-06-29,NoBroker,37.7,53.0,48.6,57.7,48.4
PROP_611,3BHK,Fully Furnished 3BHK Apartment in Mayur Vihar,Mayur Vihar,Delhi,East Delhi,Working Professional,3,2,6,15,2,37500,37500,0.0,2241.0,1294,Furnished,Yes,No,Yes,Yes,12 Hours,Yes,No,Yes,No,No,Yes,Yes,No,Mayur Vihar 1 Metro Station,1.91,Shaheed Sukhdev College of Business Studies,4.68,Noida Sector 62 IT Park,3.03,0.89,5.22,4.0,81,Yes,2026-07-23,MagicBricks,28.98,48.4,45.6,53.5,51.5
PROP_612,2BHK,Fully Furnished 2BHK Apartment in Dwarka,Dwarka,Delhi,Dwarka,Family,2,2,20,24,11,32500,65000,2000.0,2206.0,1271,Furnished,Yes,Yes,Yes,No,12 Hours,Yes,No,Yes,No,No,Yes,Yes,No,Dwarka Sector 10 Metro Station,0.96,Netaji Subhas University of Technology (NSUT),0.4,Gurugram Sector 21 IT Park,13.46,0.94,5.51,3.8,85,Yes,2026-08-11,Housing.com,25.57,70.6,52.1,61.1,55.0
PROP_613,3BHK,Fully Furnished 3BHK Apartment in Rohini,Rohini,Delhi,North Delhi,Family,3,2,0,3,9,25500,51000,0.0,2000.0,1173,Furnished,Yes,Yes,No,No,12 Hours,Yes,No,No,No,No,Yes,No,No,Rohini West Metro Station,1.86,Delhi Technological University (DTU),4.14,Netaji Subhash Place,12.62,3.28,5.1,3.8,81,Yes,2026-07-27,99acres,21.74,46.5,40.6,49.8,42.0
PROP_614,4BHK,Fully Furnished 4BHK Apartment in Rajinder Nagar,Rajinder Nagar,Delhi,Central Delhi,Family,4,4,8,20,0,63500,127000,6000.0,3492.0,2128,Furnished,Yes,Yes,Yes,No,12 Hours,Yes,Yes,No,No,Yes,Yes,No,No,Rajendra Place Metro Station,3.79,Venkateshwara College,2.5,Rajendra Place IT Hub,6.63,1.98,0.6,4.1,19,Yes,2026-08-09,Housing.com,29.84,45.0,38.4,46.4,54.3
PROP_615,3BHK,Fully Furnished 3BHK Apartment in Vaishali,Vaishali,Ghaziabad,Ghaziabad,Working Professional,3,2,2,15,15,33000,66000,3000.0,2688.0,1592,Furnished,No,Yes,Yes,Yes,4 Hours,Yes,Yes,Yes,No,Yes,Yes,Yes,No,Vaishali Metro Station,0.46,Inderprastha Dental College,3.22,Noida Sector 62 IT Park,1.14,2.46,3.14,3.5,16,Yes,2026-06-30,99acres,20.73,64.2,67.8,72.8,49.8
PROP_616,1RK,Fully Furnished 1RK Apartment in Golf Course Road,Golf Course Road,Gurugram,Gurugram,Family,1,1,9,15,13,27500,55000,846.0,934.0,423,Furnished,No,No,Yes,No,24 Hours,Yes,No,No,No,No,Yes,Yes,No,Sector 42-43 Metro Station,4.21,GD Goenka University,4.21,Golf Course Road Offices,13.64,2.42,2.66,3.6,4,Yes,2026-07-16,NoBroker,65.01,42.0,37.2,46.3,44.8
PROP_617,3BHK,Semi-Furnished 3BHK Apartment in Kamla Nagar,Kamla Nagar,Delhi,North Delhi,Family,3,2,17,24,4,41500,83000,0.0,2900.0,1494,Semi-Furnished,No,Yes,Yes,Yes,24 Hours,Yes,Yes,No,Yes,Yes,Yes,Yes,No,Vishwa Vidyalaya Metro Station,4.15,Kirori Mal College,2.84,Connaught Place,1.29,2.69,5.71,4.2,44,Yes,2026-07-05,NoBroker,27.78,48.6,51.2,56.4,45.9
PROP_618,1BHK,Fully Furnished 1BHK Apartment in Saket,Saket,Delhi,South Delhi,Working Bachelor,1,1,4,8,13,21500,43000,2100.0,1400.0,605,Furnished,No,Yes,Yes,No,4 Hours,Yes,Yes,Yes,No,No,No,Yes,No,Saket Metro Station,1.45,Gargi College,5.13,Saket District Centre,3.95,3.57,2.42,4.3,83,No,2026-07-29,Housing.com,35.54,53.2,49.3,58.2,45.2
PROP_619,1RK,Fully Furnished 1RK Apartment in Kamla Nagar,Kamla Nagar,Delhi,North Delhi,Student,1,1,4,5,0,7000,14000,400.0,702.0,268,Furnished,No,Yes,Yes,Yes,12 Hours,Yes,Yes,No,No,No,Yes,Yes,No,Vishwa Vidyalaya Metro Station,3.67,Kirori Mal College,7.29,Connaught Place,13.87,3.25,5.6,3.8,62,Yes,2026-07-12,MagicBricks,26.12,47.2,41.9,51.7,40.6
PROP_620,3BHK,Semi-Furnished 3BHK Apartment in Rohini,Rohini,Delhi,North Delhi,Family,3,2,5,5,14,24500,73500,0.0,2000.0,1462,Semi-Furnished,No,Yes,Yes,No,24 Hours,Yes,No,No,Yes,No,No,Yes,Yes,Rohini West Metro Station,4.04,Delhi Technological University (DTU),2.83,Netaji Subhash Place,5.86,2.64,0.67,4.4,36,Yes,2026-07-02,99acres,16.76,46.3,39.2,48.3,51.8
PROP_621,1BHK,Semi-Furnished 1BHK Apartment in Dwarka,Dwarka,Delhi,Dwarka,Family,1,1,3,4,2,18000,36000,0.0,1500.0,774,Semi-Furnished,Yes,Yes,No,Yes,24 Hours,No,Yes,No,No,No,No,No,No,Dwarka Sector 10 Metro Station,3.23,Netaji Subhas University of Technology (NSUT),8.81,Gurugram Sector 21 IT Park,2.97,0.87,4.46,3.5,21,No,2026-07-29,99acres,23.26,44.2,41.1,49.6,49.2
PROP_622,4BHK,Fully Furnished 4BHK Apartment in Civil Lines,Civil Lines,Delhi,North Delhi,Family,4,4,7,8,2,171000,342000,4000.0,3600.0,2781,Furnished,Yes,Yes,Yes,Yes,4 Hours,Yes,Yes,No,No,No,Yes,Yes,No,Civil Lines Metro Station,0.84,St. Stephen's College,8.47,Connaught Place,5.04,0.35,5.18,4.7,1,Yes,2026-07-22,99acres,61.49,44.9,45.1,49.6,56.6
PROP_623,2BHK,Semi-Furnished 2BHK Apartment in Greater Kailash,Greater Kailash,Delhi,South Delhi,Family,2,2,2,4,13,100000,200000,0.0,2390.0,1527,Semi-Furnished,No,Yes,No,No,24 Hours,Yes,No,Yes,No,No,Yes,No,No,Kailash Colony Metro Station,1.58,Lady Shri Ram College (LSR),2.44,Nehru Place IT Hub,9.13,2.55,4.44,4.6,32,Yes,2026-07-13,Housing.com,65.49,44.6,39.6,46.5,43.4
PROP_624,3BHK,Semi-Furnished 3BHK Apartment in Model Town,Model Town,Delhi,North Delhi,Family,3,2,7,24,4,62000,187500,3300.0,2800.0,1578,Semi-Furnished,Yes,Yes,Yes,Yes,12 Hours,No,Yes,No,Yes,No,Yes,Yes,No,Model Town Metro Station,1.89,Miranda House,7.11,Connaught Place,0.66,4.9,0.86,4.2,53,Yes,2026-07-27,99acres,39.29,47.8,58.9,61.1,52.5
PROP_625,3BHK,Semi-Furnished 3BHK Apartment in Kamla Nagar,Kamla Nagar,Delhi,North Delhi,Working Professional,3,2,0,5,3,38000,76000,0.0,2335.0,1490,Semi-Furnished,No,No,Yes,Yes,4 Hours,Yes,Yes,No,Yes,No,No,No,No,Vishwa Vidyalaya Metro Station,0.12,Kirori Mal College,0.78,Connaught Place,1.08,1.61,0.43,4.4,32,Yes,2026-07-05,Housing.com,25.5,74.4,68.9,73.5,60.4
PROP_626,1RK,Fully Furnished 1RK Apartment in Golf Course Road,Golf Course Road,Gurugram,Gurugram,Family,1,1,11,20,5,35000,35000,1032.0,1300.0,516,Furnished,No,Yes,Yes,No,24 Hours,Yes,Yes,No,No,Yes,No,No,No,Sector 42-43 Metro Station,3.96,GD Goenka University,8.24,Golf Course Road Offices,12.58,0.69,0.53,4.8,29,Yes,2026-06-30,NoBroker,67.83,43.3,38.4,47.3,57.4
PROP_627,2BHK,Fully Furnished 2BHK Apartment in Kamla Nagar,Kamla Nagar,Delhi,North Delhi,Family,2,2,20,24,4,21500,43000,0.0,1600.0,692,Furnished,Yes,No,Yes,No,4 Hours,Yes,No,No,No,Yes,Yes,Yes,No,Vishwa Vidyalaya Metro Station,3.98,Kirori Mal College,8.02,Connaught Place,2.74,2.63,3.81,4.6,64,Yes,2026-07-03,Housing.com,31.07,44.1,42.0,50.2,43.4
PROP_628,2BHK,Fully Furnished 2BHK Apartment in Civil Lines,Civil Lines,Delhi,North Delhi,Family,2,2,1,20,2,69000,139000,3600.0,2050.0,1167,Furnished,Yes,No,Yes,Yes,24 Hours,Yes,Yes,No,No,No,Yes,Yes,No,Civil Lines Metro Station,3.33,St. Stephen's College,3.3,Connaught Place,13.42,2.57,3.43,4.9,62,Yes,2026-07-27,Housing.com,59.13,43.2,38.5,46.3,42.3
PROP_629,1BHK,Fully Furnished 1BHK Apartment in Preet Vihar,Preet Vihar,Delhi,East Delhi,Family,1,1,4,15,11,20500,41000,0.0,1100.0,564,Furnished,No,Yes,Yes,Yes,4 Hours,Yes,Yes,No,No,Yes,Yes,No,No,Preet Vihar Metro Station,2.17,Vivekananda College,7.42,Noida Sector 62 IT Park,2.4,3.2,4.26,3.4,49,Yes,2026-08-10,99acres,36.35,49.0,47.0,54.9,39.7
PROP_630,4BHK,Fully Furnished 4BHK Apartment in Noida Sector 62,Noida Sector 62,Noida,Noida,Family,4,4,7,15,15,43000,129000,4304.0,3100.0,2152,Furnished,Yes,Yes,Yes,Yes,4 Hours,Yes,No,No,No,No,No,Yes,Yes,Noida Sector 62 Metro Station,2.77,JSS Academy of Technical Education,3.68,Noida Sector 62 IT Park,9.39,2.74,2.17,4.1,26,Yes,2026-08-12,MagicBricks,19.98,47.3,41.8,50.5,48.4
PROP_631,1BHK,Fully Furnished 1BHK Apartment in Mukherjee Nagar,Mukherjee Nagar,Delhi,North Delhi,Student,1,1,6,12,8,10000,20000,1200.0,1000.0,435,Furnished,Yes,No,Yes,Yes,4 Hours,Yes,Yes,No,No,No,No,No,No,GTB Nagar Metro Station,0.78,SGTB Khalsa College,5.87,Connaught Place,13.94,4.17,3.48,3.6,61,Yes,2026-08-03,99acres,22.99,57.1,50.8,60.5,39.4
PROP_632,1RK,Fully Furnished 1RK Apartment in Mayur Vihar,Mayur Vihar,Delhi,East Delhi,Student,1,1,10,12,7,11000,23000,0.0,1100.0,418,Furnished,No,Yes,Yes,Yes,4 Hours,Yes,No,No,No,No,No,No,Yes,Mayur Vihar 1 Metro Station,2.52,Shaheed Sukhdev College of Business Studies,7.14,Noida Sector 62 IT Park,6.21,0.99,2.45,4.3,48,Yes,2026-08-07,99acres,26.32,46.4,40.1,49.7,45.9
PROP_633,1BHK,Fully Furnished 1BHK Apartment in Model Town,Model Town,Delhi,North Delhi,Working Bachelor,1,1,4,4,6,22000,44000,1600.0,1100.0,540,Furnished,No,Yes,No,No,12 Hours,Yes,Yes,No,No,No,No,No,Yes,Model Town Metro Station,0.51,Miranda House,9.53,Connaught Place,5.71,4.77,4.87,4.9,0,Yes,2026-06-29,Housing.com,40.74,57.6,52.0,61.2,38.9
PROP_634,2BHK,Fully Furnished 2BHK Apartment in DLF Phase 3,Dlf Phase 3,Gurugram,Gurugram,Working Professional,2,2,12,20,1,31000,62000,2100.0,1700.0,957,Furnished,Yes,No,Yes,No,24 Hours,Yes,No,No,No,Yes,No,No,No,Phase 3 Metro Station,0.36,Dronacharya College of Engineering,9.65,DLF Cyber City,7.49,3.08,1.39,4.7,35,Yes,2026-07-13,Housing.com,32.39,59.9,54.9,63.9,48.3
PROP_635,3BHK,Semi-Furnished 3BHK Apartment in Saket,Saket,Delhi,South Delhi,Family,3,2,3,24,3,57000,114000,0.0,2300.0,1656,Semi-Furnished,Yes,Yes,No,No,4 Hours,No,Yes,Yes,No,No,No,Yes,Yes,Saket Metro Station,4.09,Gargi College,3.01,Saket District Centre,2.49,4.87,3.13,3.4,51,Yes,2026-07-11,MagicBricks,34.42,44.4,42.6,49.4,44.6
PROP_636,2BHK,Fully Furnished 2BHK Apartment in Kamla Nagar,Kamla Nagar,Delhi,North Delhi,Family,2,2,0,3,13,20000,40000,2000.0,1500.0,787,Furnished,Yes,Yes,No,Yes,4 Hours,Yes,Yes,No,No,No,Yes,No,Yes,Vishwa Vidyalaya Metro Station,1.63,Kirori Mal College,9.63,Connaught Place,10.8,2.78,0.33,4.7,60,Yes,2026-07-12,99acres,25.41,51.9,46.5,55.9,53.0
PROP_637,2BHK,Fully Furnished 2BHK Apartment in Patel Nagar,Patel Nagar,Delhi,West Delhi,Family,2,2,3,8,13,24000,48000,2000.0,1800.0,925,Furnished,No,No,Yes,No,24 Hours,Yes,Yes,No,No,No,Yes,Yes,No,Patel Nagar Metro Station,2.44,Kalindi College,4.32,Rajendra Place IT Hub,6.08,2.64,3.38,3.5,62,Yes,2026-08-09,Housing.com,25.95,45.4,40.3,49.4,44.4
PROP_638,2BHK,Semi-Furnished 2BHK Apartment in Kamla Nagar,Kamla Nagar,Delhi,North Delhi,Family,2,2,1,3,11,21500,43000,3000.0,1300.0,929,Semi-Furnished,Yes,Yes,No,No,24 Hours,Yes,Yes,No,Yes,No,No,No,No,Vishwa Vidyalaya Metro Station,4.02,Kirori Mal College,7.62,Connaught Place,14.74,3.27,2.79,3.7,37,Yes,2026-06-29,NoBroker,23.14,43.5,37.7,47.0,39.7
PROP_639,1RK,Fully Furnished 1RK Apartment in Preet Vihar,Preet Vihar,Delhi,East Delhi,Student,1,1,0,8,8,14000,28000,0.0,1000.0,367,Furnished,No,Yes,Yes,Yes,24 Hours,Yes,Yes,No,No,No,No,Yes,No,Preet Vihar Metro Station,2.48,Vivekananda College,2.05,Noida Sector 62 IT Park,5.17,2.04,3.21,4.1,0,Yes,2026-07-24,NoBroker,38.15,51.0,41.7,51.1,41.4
PROP_640,2BHK,Fully Furnished 2BHK Apartment in Knowledge Park,Knowledge Park,Greater Noida,Greater Noida,Family,2,2,2,3,2,14000,28000,2200.0,1500.0,872,Furnished,No,Yes,No,Yes,12 Hours,Yes,Yes,No,No,No,Yes,No,No,Knowledge Park II Metro Station,2.07,Sharda University,5.26,Greater Noida Industrial Area,12.64,1.17,3.53,3.5,47,Yes,2026-07-06,MagicBricks,16.06,47.3,41.2,50.7,47.3
PROP_641,2BHK,Fully Furnished 2BHK Apartment in Gurugram Sector 45,Gurugram Sector 45,Gurugram,Gurugram,Working Professional,2,2,8,15,11,29500,59000,1000.0,2000.0,904,Furnished,No,Yes,No,Yes,4 Hours,Yes,No,No,No,Yes,Yes,Yes,No,HUDA City Centre Metro Station,0.56,Ansal University,5.83,Golf Course Road Offices,0.56,0.9,0.45,4.4,84,Yes,2026-07-28,MagicBricks,32.63,59.4,71.1,73.8,68.4
PROP_642,1BHK,Fully Furnished 1BHK Apartment in Saket,Saket,Delhi,South Delhi,Family,1,1,3,8,1,26000,26000,1000.0,1600.0,642,Furnished,No,Yes,Yes,Yes,12 Hours,Yes,No,Yes,No,No,Yes,Yes,No,Saket Metro Station,0.15,Gargi College,3.97,Saket District Centre,13.32,2.11,4.82,4.4,67,Yes,2026-07-13,MagicBricks,40.5,68.1,63.1,72.3,49.4
PROP_643,1RK,Fully Furnished 1RK Apartment in Mukherjee Nagar,Mukherjee Nagar,Delhi,North Delhi,Student,1,1,4,12,14,5000,10000,0.0,600.0,209,Furnished,No,No,Yes,Yes,12 Hours,Yes,No,No,No,Yes,No,Yes,No,GTB Nagar Metro Station,1.41,SGTB Khalsa College,3.41,Connaught Place,9.78,4.44,3.02,4.4,28,Yes,2026-07-09,MagicBricks,23.92,52.9,45.8,55.6,40.1
PROP_644,2BHK,Fully Furnished 2BHK Apartment in Hauz Khas,Hauz Khas,Delhi,South Delhi,Family,2,2,21,24,10,68000,136000,0.0,2400.0,998,Furnished,Yes,Yes,No,Yes,12 Hours,Yes,Yes,No,No,Yes,No,Yes,Yes,Hauz Khas Metro Station,3.46,IIT Delhi,3.52,Okhla Industrial Area,7.01,2.15,2.5,3.4,78,Yes,2026-07-17,99acres,68.14,46.4,42.2,50.0,44.7
PROP_645,1BHK,Fully Furnished 1BHK Apartment in Noida Sector 15,Noida Sector 15,Noida,Noida,Student,1,1,17,20,6,11000,22000,1068.0,1400.0,534,Furnished,No,No,Yes,No,12 Hours,Yes,Yes,No,Yes,No,Yes,Yes,Yes,Noida Sector 15 Metro Station,3.21,Amity University Noida,8.37,Noida Sector 16 Commercial Hub,8.9,2.34,3.39,4.3,0,Yes,2026-08-10,MagicBricks,20.6,47.9,43.0,52.7,44.9
PROP_646,2BHK,Semi-Furnished 2BHK Apartment in Mayur Vihar,Mayur Vihar,Delhi,East Delhi,Family,2,2,6,12,4,26000,78000,1000.0,1800.0,1055,Semi-Furnished,No,Yes,Yes,No,24 Hours,No,Yes,No,Yes,Yes,No,No,No,Mayur Vihar 1 Metro Station,0.3,Shaheed Sukhdev College of Business Studies,4.64,Noida Sector 62 IT Park,9.59,3.46,2.6,4.7,15,Yes,2026-07-31,99acres,24.64,61.7,55.3,64.5,42.7
PROP_647,1BHK,Semi-Furnished 1BHK Apartment in Preet Vihar,Preet Vihar,Delhi,East Delhi,Family,1,1,4,5,11,16000,33000,0.0,900.0,537,Semi-Furnished,No,Yes,Yes,No,24 Hours,Yes,No,No,No,No,Yes,No,No,Preet Vihar Metro Station,2.86,Vivekananda College,9.96,Noida Sector 62 IT Park,9.24,2.58,4.32,3.7,36,Yes,2026-07-07,99acres,29.8,43.1,37.3,46.8,39.7
PROP_648,3BHK,Semi-Furnished 3BHK Apartment in Rohini,Rohini,Delhi,North Delhi,Working Professional,3,2,0,4,1,25000,25000,0.0,2500.0,1514,Semi-Furnished,Yes,Yes,No,No,4 Hours,No,Yes,Yes,No,No,Yes,No,No,Rohini West Metro Station,1.35,Delhi Technological University (DTU),6.04,Netaji Subhash Place,0.53,3.29,2.98,4.2,11,Yes,2026-07-30,99acres,16.51,50.3,61.3,64.0,48.3
PROP_649,2BHK,Semi-Furnished 2BHK Apartment in Golf Course Road,Golf Course Road,Gurugram,Gurugram,Family,2,2,0,15,15,85000,255000,0.0,3100.0,1445,Semi-Furnished,Yes,Yes,Yes,No,12 Hours,Yes,Yes,No,No,No,Yes,Yes,No,Sector 42-43 Metro Station,4.27,GD Goenka University,7.3,Golf Course Road Offices,9.76,4.68,2.49,3.6,56,Yes,2026-06-29,NoBroker,58.82,40.5,38.1,45.4,43.2
PROP_650,2BHK,Semi-Furnished 2BHK Apartment in Noida Sector 137,Noida Sector 137,Noida,Noida,Family,2,2,1,12,7,20000,40000,2700.0,1723.0,1082,Semi-Furnished,No,Yes,Yes,No,24 Hours,No,Yes,No,No,No,Yes,Yes,Yes,Noida Sector 137 Metro Station,2.63,Amity University Noida,7.81,Noida Expressway Offices,1.53,3.39,3.95,4.6,42,No,2026-07-05,Housing.com,18.48,46.7,49.4,55.8,46.2
PROP_651,2BHK,Fully Furnished 2BHK Apartment in Gurugram Sector 45,Gurugram Sector 45,Gurugram,Gurugram,Family,2,2,2,3,6,36000,36000,2700.0,1800.0,1187,Furnished,No,No,No,No,4 Hours,Yes,No,No,No,No,No,Yes,Yes,HUDA City Centre Metro Station,0.82,Ansal University,2.82,Golf Course Road Offices,12.0,2.79,1.06,4.3,56,Yes,2026-08-07,99acres,30.33,53.7,47.2,56.1,51.7
PROP_652,3BHK,Semi-Furnished 3BHK Apartment in Mukherjee Nagar,Mukherjee Nagar,Delhi,North Delhi,Family,3,2,6,8,10,24500,49000,4100.0,2200.0,1303,Semi-Furnished,Yes,Yes,Yes,Yes,24 Hours,No,No,No,No,No,Yes,Yes,No,GTB Nagar Metro Station,3.3,SGTB Khalsa College,6.96,Connaught Place,12.04,2.57,4.4,3.3,34,Yes,2026-08-08,MagicBricks,18.8,44.6,39.8,49.0,45.1
PROP_653,1RK,Fully Furnished 1RK Apartment in Laxmi Nagar,Laxmi Nagar,Delhi,East Delhi,Student,1,1,3,8,1,5000,5000,0.0,600.0,200,Furnished,No,No,Yes,Yes,4 Hours,Yes,No,No,No,No,No,Yes,Yes,Laxmi Nagar Metro Station,2.98,Shyam Lal College,7.18,Noida Sector 62 IT Park,7.65,4.48,2.82,4.2,7,No,2026-08-06,99acres,25.0,45.4,39.3,49.1,38.1
PROP_654,2BHK,Fully Furnished 2BHK Apartment in Noida Sector 15,Noida Sector 15,Noida,Noida,Family,2,2,1,20,14,17000,34000,1900.0,1515.0,810,Furnished,Yes,No,Yes,Yes,4 Hours,Yes,No,No,No,No,No,Yes,No,Noida Sector 15 Metro Station,4.44,Amity University Noida,9.23,Noida Sector 16 Commercial Hub,3.22,3.54,0.37,4.5,4,Yes,2026-08-09,99acres,20.99,43.6,40.3,49.0,52.1
PROP_655,1BHK,Semi-Furnished 1BHK Apartment in Janakpuri,Janakpuri,Delhi,West Delhi,Working Bachelor,1,1,1,4,14,18000,36000,2000.0,1300.0,640,Semi-Furnished,Yes,Yes,No,No,4 Hours,Yes,No,No,No,No,Yes,No,No,Janakpuri West Metro Station,0.22,Bhaskaracharya College,9.06,Janakpuri District Centre,9.12,1.66,3.98,3.7,33,Yes,2026-07-01,MagicBricks,28.12,61.8,56.4,65.8,47.6
PROP_656,2BHK,Fully Furnished 2BHK Apartment in Green Park,Green Park,Delhi,South Delhi,Family,2,2,3,4,13,75000,75000,0.0,2100.0,1234,Furnished,No,Yes,No,No,24 Hours,Yes,Yes,Yes,No,No,Yes,Yes,No,Green Park Metro Station,3.19,NIFT Delhi,2.01,Bhikaji Cama Place,14.98,0.36,0.63,3.3,8,Yes,2026-08-08,Housing.com,60.78,45.0,38.3,46.0,64.8
PROP_657,2BHK,Semi-Furnished 2BHK Apartment in Preet Vihar,Preet Vihar,Delhi,East Delhi,Family,2,2,3,5,15,25500,51000,2500.0,1300.0,934,Semi-Furnished,No,Yes,Yes,Yes,24 Hours,No,No,No,No,No,Yes,Yes,No,Preet Vihar Metro Station,2.2,Vivekananda College,6.14,Noida Sector 62 IT Park,5.17,3.43,2.41,4.9,26,Yes,2026-07-21,NoBroker,27.3,45.1,40.4,49.4,43.6
PROP_658,1BHK,Fully Furnished 1BHK Apartment in Rohini,Rohini,Delhi,North Delhi,Family,1,1,6,24,7,10000,20000,1000.0,1000.0,438,Furnished,No,Yes,Yes,No,12 Hours,Yes,No,Yes,No,Yes,Yes,Yes,Yes,Rohini West Metro Station,3.96,Delhi Technological University (DTU),1.83,Netaji Subhash Place,9.78,4.37,3.69,4.4,48,Yes,2026-07-21,99acres,22.83,52.7,42.9,52.6,40.7
PROP_659,1BHK,Semi-Furnished 1BHK Apartment in Knowledge Park,Knowledge Park,Greater Noida,Greater Noida,Working Bachelor,1,1,6,20,15,6000,18000,1500.0,1000.0,466,Semi-Furnished,Yes,No,Yes,No,24 Hours,No,No,No,No,No,Yes,No,No,Knowledge Park II Metro Station,1.29,Sharda University,3.1,Greater Noida Industrial Area,2.15,3.21,5.58,3.5,21,Yes,2026-07-27,Housing.com,12.88,50.5,47.3,55.3,40.9
PROP_661,2BHK,Fully Furnished 2BHK Apartment in Patel Nagar,Patel Nagar,Delhi,West Delhi,Family,2,2,13,24,6,30500,61000,0.0,2000.0,920,Furnished,No,No,Yes,No,12 Hours,Yes,No,No,No,No,Yes,Yes,Yes,Patel Nagar Metro Station,2.63,Kalindi College,9.62,Rajendra Place IT Hub,1.45,2.72,4.56,3.7,21,Yes,2026-08-07,MagicBricks,33.15,43.7,47.0,52.9,44.6
PROP_662,1BHK,Fully Furnished 1BHK Apartment in Rohini,Rohini,Delhi,North Delhi,Student,1,1,2,3,3,8500,17000,0.0,1023.0,482,Furnished,No,No,No,Yes,24 Hours,Yes,Yes,Yes,No,No,Yes,No,Yes,Rohini West Metro Station,0.43,Delhi Technological University (DTU),6.73,Netaji Subhash Place,14.35,1.05,5.15,4.3,71,No,2026-07-06,99acres,17.63,62.5,56.7,66.4,49.8
PROP_663,3BHK,Semi-Furnished 3BHK Apartment in Mukherjee Nagar,Mukherjee Nagar,Delhi,North Delhi,Working Professional,3,2,3,4,5,24500,49000,0.0,1687.0,1058,Semi-Furnished,Yes,No,No,No,12 Hours,No,Yes,No,Yes,No,Yes,Yes,No,GTB Nagar Metro Station,1.39,SGTB Khalsa College,0.3,Connaught Place,7.66,2.57,1.45,4.2,53,Yes,2026-07-29,MagicBricks,23.16,65.2,44.8,54.0,49.7
PROP_664,1BHK,Semi-Furnished 1BHK Apartment in Mayur Vihar,Mayur Vihar,Delhi,East Delhi,Student,1,1,0,3,7,11000,22000,0.0,800.0,490,Semi-Furnished,No,No,No,Yes,4 Hours,Yes,No,Yes,Yes,No,Yes,Yes,No,Mayur Vihar 1 Metro Station,3.85,Shaheed Sukhdev College of Business Studies,7.73,Noida Sector 62 IT Park,0.97,4.85,0.98,4.9,74,No,2026-07-15,Housing.com,22.45,44.7,50.7,55.8,48.1
PROP_665,2BHK,Fully Furnished 2BHK Apartment in Vaishali,Vaishali,Ghaziabad,Ghaziabad,Working Bachelor,2,2,2,24,0,20500,41000,0.0,2300.0,1193,Furnished,No,No,Yes,Yes,24 Hours,Yes,Yes,No,Yes,No,Yes,Yes,No,Vaishali Metro Station,0.32,Inderprastha Dental College,6.39,Noida Sector 62 IT Park,13.52,4.9,4.4,3.8,60,Yes,2026-07-17,99acres,17.18,63.1,57.6,66.9,44.2
PROP_666,1BHK,Semi-Furnished 1BHK Apartment in Model Town,Model Town,Delhi,North Delhi,Student,1,1,10,15,6,15000,15000,800.0,700.0,441,Semi-Furnished,No,Yes,Yes,No,4 Hours,Yes,Yes,No,No,No,No,Yes,No,Model Town Metro Station,1.03,Miranda House,8.52,Connaught Place,11.27,3.17,5.45,3.2,69,Yes,2026-07-03,99acres,34.01,53.6,48.0,57.6,40.8
PROP_667,1RK,Semi-Furnished 1RK Apartment in Model Town,Model Town,Delhi,North Delhi,Family,1,1,2,5,14,18500,37000,0.0,1100.0,465,Semi-Furnished,No,Yes,Yes,No,12 Hours,Yes,Yes,Yes,Yes,No,No,Yes,No,Model Town Metro Station,3.53,Miranda House,2.1,Connaught Place,12.92,4.08,4.7,4.7,43,Yes,2026-07-13,NoBroker,39.78,50.5,41.3,50.8,38.1
PROP_668,1RK,Semi-Furnished 1RK Apartment in Pari Chowk,Pari Chowk,Greater Noida,Greater Noida,Student,1,1,5,12,8,5000,5000,1000.0,1000.0,417,Semi-Furnished,Yes,Yes,Yes,Yes,12 Hours,Yes,Yes,No,No,No,Yes,Yes,Yes,Pari Chowk Metro Station,1.06,Galgotias University,9.64,Greater Noida Industrial Area,14.24,2.55,0.54,4.3,81,Yes,2026-07-24,Housing.com,11.99,59.2,53.6,63.5,52.8
PROP_669,3BHK,Semi-Furnished 3BHK Apartment in Noida Sector 62,Noida Sector 62,Noida,Noida,Family,3,2,7,20,14,33000,66000,3500.0,3600.0,1733,Semi-Furnished,Yes,Yes,Yes,Yes,24 Hours,Yes,Yes,No,No,No,Yes,Yes,Yes,Noida Sector 62 Metro Station,1.22,JSS Academy of Technical Education,5.53,Noida Sector 62 IT Park,13.34,3.8,4.48,3.7,35,Yes,2026-07-22,Housing.com,19.04,56.6,52.1,61.1,47.2
PROP_670,1BHK,Fully Furnished 1BHK Apartment in Patel Nagar,Patel Nagar,Delhi,West Delhi,Working Bachelor,1,1,2,3,2,15000,45000,1100.0,1100.0,510,Furnished,No,No,No,Yes,4 Hours,Yes,No,No,No,No,No,Yes,No,Patel Nagar Metro Station,1.25,Kalindi College,2.19,Rajendra Place IT Hub,1.86,0.61,2.87,3.4,19,Yes,2026-07-11,MagicBricks,29.41,52.3,48.9,56.2,53.9
PROP_671,1BHK,Fully Furnished 1BHK Apartment in Civil Lines,Civil Lines,Delhi,North Delhi,Family,1,1,2,4,11,42000,84000,2100.0,1600.0,756,Furnished,No,Yes,No,No,24 Hours,Yes,Yes,Yes,No,No,No,No,No,Civil Lines Metro Station,2.35,St. Stephen's College,3.3,Connaught Place,14.91,2.47,2.66,4.4,32,Yes,2026-08-13,99acres,55.56,44.3,37.7,46.4,39.8
PROP_672,1BHK,Fully Furnished 1BHK Apartment in Golf Course Road,Golf Course Road,Gurugram,Gurugram,Family,1,1,18,20,4,70500,141000,1000.0,1400.0,768,Furnished,No,Yes,Yes,Yes,12 Hours,Yes,No,No,No,No,Yes,Yes,No,Sector 42-43 Metro Station,3.2,GD Goenka University,1.05,Golf Course Road Offices,2.68,2.62,0.3,3.7,13,No,2026-08-11,NoBroker,91.8,50.0,41.5,48.1,53.9
PROP_673,4BHK,Fully Furnished 4BHK Apartment in Mukherjee Nagar,Mukherjee Nagar,Delhi,North Delhi,Family,4,4,3,3,11,44000,89000,3000.0,2640.0,1560,Furnished,No,Yes,No,No,12 Hours,Yes,No,No,No,No,Yes,Yes,No,GTB Nagar Metro Station,1.95,SGTB Khalsa College,6.97,Connaught Place,4.51,1.83,3.67,3.3,65,No,2026-07-16,99acres,28.21,43.2,39.7,48.1,48.2
PROP_674,1BHK,Fully Furnished 1BHK Apartment in Hauz Khas,Hauz Khas,Delhi,South Delhi,Family,1,1,1,3,14,42500,85000,1300.0,1000.0,579,Furnished,No,No,No,Yes,12 Hours,Yes,Yes,No,No,No,Yes,Yes,No,Hauz Khas Metro Station,2.8,IIT Delhi,6.06,Okhla Industrial Area,13.81,0.21,3.13,4.4,64,Yes,2026-07-01,MagicBricks,73.4,43.4,39.5,48.2,58.4
PROP_675,2BHK,Semi-Furnished 2BHK Apartment in Mukherjee Nagar,Mukherjee Nagar,Delhi,North Delhi,Family,2,2,15,15,6,19000,38000,0.0,1300.0,787,Semi-Furnished,Yes,Yes,Yes,No,24 Hours,No,No,No,No,No,Yes,Yes,No,GTB Nagar Metro Station,2.35,SGTB Khalsa College,3.15,Connaught Place,3.84,3.51,5.31,3.9,79,No,2026-07-15,99acres,24.14,47.2,41.8,50.7,42.4
PROP_676,1RK,Fully Furnished 1RK Apartment in Mayur Vihar,Mayur Vihar,Delhi,East Delhi,Student,1,1,2,3,3,13000,26000,0.0,800.0,390,Furnished,No,Yes,No,Yes,12 Hours,Yes,Yes,Yes,No,No,Yes,No,Yes,Mayur Vihar 1 Metro Station,3.12,Shaheed Sukhdev College of Business Studies,1.12,Noida Sector 62 IT Park,3.36,4.97,4.36,3.8,56,Yes,2026-08-11,Housing.com,33.33,55.5,43.2,52.1,37.3
PROP_677,1BHK,Semi-Furnished 1BHK Apartment in Model Town,Model Town,Delhi,North Delhi,Family,1,1,2,8,4,20500,61500,1700.0,959.0,573,Semi-Furnished,No,Yes,Yes,Yes,12 Hours,No,No,No,No,No,Yes,No,No,Model Town Metro Station,1.76,Miranda House,6.0,Connaught Place,6.35,1.54,0.99,4.3,49,Yes,2026-07-12,Housing.com,35.78,46.9,41.5,50.8,50.9
PROP_678,2BHK,Semi-Furnished 2BHK Apartment in Malviya Nagar,Malviya Nagar,Delhi,South Delhi,Family,2,2,8,15,14,28000,56000,2200.0,1100.0,863,Semi-Furnished,No,Yes,Yes,Yes,4 Hours,Yes,No,No,No,No,Yes,Yes,No,Malviya Nagar Metro Station,2.56,College of Vocational Studies,6.57,Okhla Industrial Area,8.26,2.51,0.3,4.4,45,Yes,2026-07-08,NoBroker,32.44,46.7,42.5,51.6,56.9
PROP_679,2BHK,Fully Furnished 2BHK Apartment in Green Park,Green Park,Delhi,South Delhi,Working Professional,2,2,6,20,3,79000,158000,2400.0,2185.0,1257,Furnished,Yes,Yes,Yes,Yes,12 Hours,Yes,Yes,No,Yes,Yes,Yes,No,Yes,Green Park Metro Station,0.58,NIFT Delhi,4.81,Bhikaji Cama Place,2.97,4.54,2.35,4.6,22,No,2026-07-28,NoBroker,62.85,61.8,60.9,67.5,45.6
PROP_680,1BHK,Semi-Furnished 1BHK Apartment in Karol Bagh,Karol Bagh,Delhi,Central Delhi,Working Bachelor,1,1,10,24,8,13500,13000,1700.0,859.0,506,Semi-Furnished,No,Yes,No,No,12 Hours,No,No,No,No,No,Yes,Yes,No,Karol Bagh Metro Station,0.47,Sri Guru Nanak Dev Khalsa College,8.73,Connaught Place,10.9,4.73,5.34,4.6,46,Yes,2026-07-26,MagicBricks,26.68,56.4,51.3,60.9,43.3
PROP_681,2BHK,Fully Furnished 2BHK Apartment in Kamla Nagar,Kamla Nagar,Delhi,North Delhi,Family,2,2,3,5,8,19000,39000,0.0,1300.0,655,Furnished,Yes,Yes,Yes,No,12 Hours,Yes,Yes,No,No,No,No,No,No,Vishwa Vidyalaya Metro Station,3.78,Kirori Mal College,6.29,Connaught Place,14.38,2.63,5.82,4.0,42,Yes,2026-07-28,MagicBricks,29.01,44.1,38.0,47.4,38.3
PROP_682,2BHK,Semi-Furnished 2BHK Apartment in Kamla Nagar,Kamla Nagar,Delhi,North Delhi,Family,2,2,6,24,14,16000,16000,1900.0,1000.0,644,Semi-Furnished,Yes,No,Yes,Yes,4 Hours,No,No,No,No,Yes,No,Yes,No,Vishwa Vidyalaya Metro Station,4.31,Kirori Mal College,5.73,Connaught Place,4.02,4.43,2.25,3.5,3,Yes,2026-07-27,NoBroker,24.84,43.5,38.8,47.9,41.0
PROP_683,2BHK,Fully Furnished 2BHK Apartment in Pari Chowk,Pari Chowk,Greater Noida,Greater Noida,Family,2,2,2,3,2,17000,34000,3000.0,1600.0,992,Furnished,No,No,No,No,4 Hours,Yes,Yes,No,Yes,No,No,Yes,No,Pari Chowk Metro Station,1.6,Galgotias University,4.37,Greater Noida Industrial Area,10.21,3.46,2.45,4.0,26,No,2026-08-07,Housing.com,17.14,48.0,41.7,51.1,42.7
PROP_684,1BHK,Semi-Furnished 1BHK Apartment in Vasant Kunj,Vasant Kunj,Delhi,South Delhi,Family,1,1,12,12,8,32500,97500,0.0,1000.0,697,Semi-Furnished,Yes,Yes,Yes,No,24 Hours,Yes,No,No,No,No,No,Yes,No,Chattarpur Metro Station,1.31,Jawaharlal Nehru University (JNU),0.94,Cyber City Gurugram,6.45,3.53,2.31,3.5,43,Yes,2026-06-30,MagicBricks,46.63,60.7,47.1,56.1,45.1
PROP_685,1BHK,Semi-Furnished 1BHK Apartment in Vaishali,Vaishali,Ghaziabad,Ghaziabad,Working Bachelor,1,1,2,3,4,11500,23000,2200.0,1200.0,662,Semi-Furnished,No,Yes,No,Yes,12 Hours,No,No,Yes,Yes,No,Yes,Yes,No,Vaishali Metro Station,0.42,Inderprastha Dental College,1.49,Noida Sector 62 IT Park,2.21,2.46,1.22,4.2,64,Yes,2026-07-05,MagicBricks,17.37,66.9,59.4,67.4,50.8
PROP_686,3BHK,Fully Furnished 3BHK Apartment in Mayur Vihar,Mayur Vihar,Delhi,East Delhi,Working Professional,3,2,0,4,6,42500,127500,0.0,3200.0,1392,Furnished,No,Yes,No,Yes,4 Hours,Yes,Yes,No,Yes,No,No,Yes,No,Mayur Vihar 1 Metro Station,1.64,Shaheed Sukhdev College of Business Studies,2.84,Noida Sector 62 IT Park,6.21,4.1,4.72,3.9,37,Yes,2026-07-17,NoBroker,30.53,49.8,43.0,51.6,40.4
PROP_687,2BHK,Fully Furnished 2BHK Apartment in Rajinder Nagar,Rajinder Nagar,Delhi,Central Delhi,Family,2,2,3,3,2,38000,114000,3000.0,2200.0,960,Furnished,Yes,Yes,No,No,24 Hours,Yes,No,No,Yes,No,Yes,Yes,No,Rajendra Place Metro Station,4.34,Venkateshwara College,8.56,Rajendra Place IT Hub,13.15,5.0,5.43,4.9,47,Yes,2026-08-04,Housing.com,39.58,42.3,37.9,46.7,40.2
PROP_688,1BHK,Fully Furnished 1BHK Apartment in Saket,Saket,Delhi,South Delhi,Family,1,1,22,24,15,21000,43000,1300.0,1100.0,558,Furnished,No,Yes,Yes,Yes,4 Hours,Yes,No,Yes,No,No,No,Yes,No,Saket Metro Station,3.3,Gargi College,6.42,Saket District Centre,3.73,1.27,4.01,4.0,62,Yes,2026-08-09,MagicBricks,37.63,46.9,43.5,52.3,48.4
PROP_689,1BHK,Semi-Furnished 1BHK Apartment in Knowledge Park,Knowledge Park,Greater Noida,Greater Noida,Student,1,1,0,8,1,7000,14000,0.0,1100.0,642,Semi-Furnished,No,Yes,Yes,Yes,12 Hours,Yes,No,No,No,No,No,Yes,No,Knowledge Park II Metro Station,0.52,Sharda University,5.51,Greater Noida Industrial Area,11.31,1.36,3.82,3.7,38,Yes,2026-08-05,Housing.com,10.9,59.6,53.3,63.1,47.9
PROP_690,1BHK,Semi-Furnished 1BHK Apartment in Malviya Nagar,Malviya Nagar,Delhi,South Delhi,Working Bachelor,1,1,12,24,12,15000,31000,1200.0,900.0,404,Semi-Furnished,No,Yes,Yes,Yes,12 Hours,Yes,No,No,No,No,Yes,Yes,Yes,Malviya Nagar Metro Station,1.19,College of Vocational Studies,6.97,Okhla Industrial Area,2.58,2.86,2.17,4.3,3,Yes,2026-08-13,MagicBricks,37.13,55.8,54.4,62.7,47.9
PROP_691,2BHK,Fully Furnished 2BHK Apartment in Preet Vihar,Preet Vihar,Delhi,East Delhi,Family,2,2,3,4,0,45000,135000,2400.0,2800.0,1167,Furnished,No,No,No,Yes,12 Hours,Yes,Yes,Yes,Yes,No,No,No,No,Preet Vihar Metro Station,4.24,Vivekananda College,3.34,Noida Sector 62 IT Park,5.17,2.89,5.4,3.2,12,Yes,2026-08-09,NoBroker,38.56,42.0,35.7,44.1,37.3
PROP_692,1RK,Fully Furnished 1RK Apartment in Mukherjee Nagar,Mukherjee Nagar,Delhi,North Delhi,Family,1,1,8,20,3,6000,12000,0.0,500.0,230,Furnished,No,Yes,Yes,Yes,12 Hours,Yes,No,No,No,Yes,Yes,No,No,GTB Nagar Metro Station,1.71,SGTB Khalsa College,5.57,Connaught Place,10.2,2.57,3.67,4.1,1,Yes,2026-08-13,MagicBricks,26.09,51.5,45.5,55.3,41.2
PROP_693,3BHK,Fully Furnished 3BHK Apartment in DLF Phase 3,Dlf Phase 3,Gurugram,Gurugram,Family,3,2,5,20,3,57000,114000,2618.0,2263.0,1309,Furnished,Yes,Yes,No,Yes,12 Hours,Yes,No,No,No,No,Yes,Yes,No,Phase 3 Metro Station,0.98,Dronacharya College of Engineering,5.95,DLF Cyber City,13.49,4.14,3.62,4.3,78,Yes,2026-08-10,NoBroker,43.54,52.3,48.9,57.1,45.6
PROP_694,2BHK,Fully Furnished 2BHK Apartment in Saket,Saket,Delhi,South Delhi,Family,2,2,2,20,8,40500,81000,2500.0,1400.0,872,Furnished,No,No,Yes,Yes,4 Hours,Yes,Yes,No,No,No,Yes,Yes,No,Saket Metro Station,2.46,Gargi College,4.99,Saket District Centre,9.01,0.41,0.55,4.7,53,Yes,2026-07-22,MagicBricks,46.44,46.1,42.0,50.7,65.8
PROP_695,1BHK,Semi-Furnished 1BHK Apartment in Noida Sector 15,Noida Sector 15,Noida,Noida,Working Bachelor,1,1,6,12,0,12000,24000,1088.0,1100.0,544,Semi-Furnished,Yes,Yes,Yes,Yes,12 Hours,No,No,No,Yes,Yes,Yes,No,No,Noida Sector 15 Metro Station,3.21,Amity University Noida,9.41,Noida Sector 16 Commercial Hub,12.23,2.47,3.06,3.5,36,Yes,2026-07-26,Housing.com,22.06,48.3,42.9,52.6,42.9
PROP_696,1BHK,Fully Furnished 1BHK Apartment in Janakpuri,Janakpuri,Delhi,West Delhi,Family,1,1,1,5,6,16500,33000,0.0,1200.0,711,Furnished,Yes,No,Yes,No,4 Hours,Yes,Yes,No,No,No,Yes,No,Yes,Janakpuri West Metro Station,3.45,Bhaskaracharya College,2.89,Janakpuri District Centre,14.53,2.49,1.26,3.9,65,Yes,2026-08-11,MagicBricks,23.21,47.5,40.1,49.5,46.4
PROP_697,2BHK,Semi-Furnished 2BHK Apartment in Noida Sector 137,Noida Sector 137,Noida,Noida,Family,2,2,4,4,3,19000,19000,2300.0,1400.0,1061,Semi-Furnished,Yes,Yes,No,No,12 Hours,No,Yes,No,No,No,Yes,No,No,Noida Sector 137 Metro Station,2.39,Amity University Noida,8.65,Noida Expressway Offices,10.85,2.01,4.27,4.0,24,Yes,2026-07-10,MagicBricks,17.91,44.9,39.8,49.2,45.3
PROP_698,1BHK,Fully Furnished 1BHK Apartment in Green Park,Green Park,Delhi,South Delhi,Family,1,1,1,15,9,45500,91000,0.0,1400.0,730,Furnished,Yes,Yes,Yes,No,4 Hours,Yes,No,No,No,Yes,Yes,No,No,Green Park Metro Station,2.47,NIFT Delhi,9.69,Bhikaji Cama Place,6.91,2.95,2.43,4.7,12,Yes,2026-07-11,MagicBricks,62.33,46.2,42.5,51.0,43.9
PROP_699,2BHK,Semi-Furnished 2BHK Apartment in Indirapuram,Indirapuram,Ghaziabad,Ghaziabad,Working Bachelor,2,2,5,5,14,18000,37000,4300.0,2600.0,1305,Semi-Furnished,Yes,Yes,Yes,Yes,4 Hours,Yes,Yes,No,Yes,No,No,No,No,Vaishali Metro Station,1.3,ABES Engineering College,5.78,Noida Sector 62 IT Park,10.36,0.21,4.0,4.8,48,No,2026-07-29,99acres,13.79,53.9,47.2,56.7,55.4
PROP_700,2BHK,Fully Furnished 2BHK Apartment in DLF Phase 3,Dlf Phase 3,Gurugram,Gurugram,Family,2,2,5,15,12,37000,74000,2600.0,1900.0,879,Furnished,Yes,No,Yes,Yes,12 Hours,Yes,No,No,Yes,No,No,Yes,No,Phase 3 Metro Station,2.18,Dronacharya College of Engineering,8.5,DLF Cyber City,2.89,1.49,3.19,3.3,47,Yes,2026-07-30,99acres,42.09,47.4,45.5,53.4,47.9
PROP_701,3BHK,Fully Furnished 3BHK Apartment in Noida Sector 137,Noida Sector 137,Noida,Noida,Working Professional,3,2,0,12,9,28000,84000,3200.0,2800.0,1442,Furnished,Yes,Yes,Yes,Yes,12 Hours,Yes,No,No,No,No,No,Yes,Yes,Noida Sector 137 Metro Station,1.21,Amity University Noida,0.48,Noida Expressway Offices,6.29,2.38,3.57,4.7,54,No,2026-08-07,NoBroker,19.42,68.0,49.7,58.7,46.8
PROP_702,3BHK,Fully Furnished 3BHK Apartment in DLF Phase 3,Dlf Phase 3,Gurugram,Gurugram,Family,3,2,2,5,4,52500,105000,0.0,2137.0,1225,Furnished,Yes,Yes,Yes,Yes,24 Hours,Yes,Yes,No,No,No,Yes,Yes,No,Phase 3 Metro Station,2.76,Dronacharya College of Engineering,9.74,DLF Cyber City,7.86,4.72,3.62,3.5,35,No,2026-07-18,Housing.com,42.86,46.9,43.5,51.9,43.5
PROP_703,1RK,Semi-Furnished 1RK Apartment in Malviya Nagar,Malviya Nagar,Delhi,South Delhi,Student,1,1,13,15,15,11000,11000,500.0,526.0,284,Semi-Furnished,No,Yes,Yes,Yes,12 Hours,Yes,No,No,No,No,Yes,Yes,Yes,Malviya Nagar Metro Station,4.26,College of Vocational Studies,8.59,Okhla Industrial Area,3.35,3.66,0.77,4.1,41,Yes,2026-07-31,99acres,38.73,47.3,44.4,53.3,50.1
PROP_704,1BHK,Fully Furnished 1BHK Apartment in Rohini,Rohini,Delhi,North Delhi,Student,1,1,1,15,8,8000,16000,0.0,900.0,459,Furnished,No,Yes,Yes,Yes,24 Hours,Yes,No,No,No,No,No,Yes,No,Rohini West Metro Station,1.6,Delhi Technological University (DTU),4.98,Netaji Subhash Place,8.77,0.48,4.29,3.5,61,Yes,2026-06-30,NoBroker,17.43,50.6,44.5,54.2,52.9
PROP_705,1BHK,Semi-Furnished 1BHK Apartment in Preet Vihar,Preet Vihar,Delhi,East Delhi,Family,1,1,1,3,10,18000,36000,1000.0,1300.0,588,Semi-Furnished,No,No,No,No,12 Hours,Yes,Yes,No,No,No,Yes,No,No,Preet Vihar Metro Station,2.6,Vivekananda College,5.07,Noida Sector 62 IT Park,1.01,1.16,4.98,3.5,36,Yes,2026-08-01,NoBroker,30.61,42.3,47.4,52.4,47.3
PROP_706,3BHK,Fully Furnished 3BHK Apartment in Gurugram Sector 45,Gurugram Sector 45,Gurugram,Gurugram,Family,3,2,7,15,2,38000,76000,2600.0,3100.0,1348,Furnished,No,Yes,Yes,Yes,12 Hours,Yes,No,No,No,No,Yes,Yes,No,HUDA City Centre Metro Station,3.33,Ansal University,1.36,Golf Course Road Offices,4.77,2.47,1.95,4.5,47,Yes,2026-08-05,MagicBricks,28.19,50.9,40.9,49.5,49.4
PROP_707,1RK,Fully Furnished 1RK Apartment in Vasant Kunj,Vasant Kunj,Delhi,South Delhi,Family,1,1,0,4,14,25500,76000,1000.0,1000.0,545,Furnished,Yes,Yes,No,Yes,12 Hours,Yes,Yes,No,No,No,Yes,Yes,No,Chattarpur Metro Station,1.98,Jawaharlal Nehru University (JNU),5.37,Cyber City Gurugram,5.51,2.8,2.6,4.2,15,Yes,2026-07-15,Housing.com,46.79,50.5,46.3,55.4,45.7
PROP_708,1RK,Semi-Furnished 1RK Apartment in Patel Nagar,Patel Nagar,Delhi,West Delhi,Student,1,1,11,15,6,7000,7000,700.0,500.0,243,Semi-Furnished,Yes,Yes,Yes,Yes,24 Hours,Yes,No,No,No,No,No,No,No,Patel Nagar Metro Station,1.5,Kalindi College,9.47,Rajendra Place IT Hub,6.08,2.16,0.87,3.2,74,Yes,2026-08-09,MagicBricks,28.81,51.4,45.3,55.0,47.1
PROP_709,2BHK,Semi-Furnished 2BHK Apartment in Karol Bagh,Karol Bagh,Delhi,Central Delhi,Working Professional,2,2,2,5,8,27500,55000,0.0,1456.0,904,Semi-Furnished,No,Yes,Yes,Yes,12 Hours,Yes,No,No,No,No,Yes,Yes,No,Karol Bagh Metro Station,0.75,Sri Guru Nanak Dev Khalsa College,4.73,Connaught Place,0.78,2.25,2.98,4.2,29,Yes,2026-07-15,MagicBricks,30.42,56.6,64.9,68.7,50.0
PROP_710,1BHK,Fully Furnished 1BHK Apartment in Karol Bagh,Karol Bagh,Delhi,Central Delhi,Student,1,1,4,5,10,12000,24000,700.0,800.0,392,Furnished,No,Yes,Yes,No,24 Hours,Yes,No,No,No,No,No,Yes,Yes,Karol Bagh Metro Station,2.05,Sri Guru Nanak Dev Khalsa College,4.73,Connaught Place,3.81,4.06,3.9,4.2,82,No,2026-07-19,Housing.com,30.61,48.2,43.3,52.4,39.5
PROP_711,2BHK,Fully Furnished 2BHK Apartment in Noida Sector 62,Noida Sector 62,Noida,Noida,Working Bachelor,2,2,9,20,9,22000,44000,2104.0,1900.0,1052,Furnished,No,No,Yes,Yes,12 Hours,Yes,No,No,No,No,Yes,Yes,No,Noida Sector 62 Metro Station,0.69,JSS Academy of Technical Education,9.47,Noida Sector 62 IT Park,8.27,1.54,5.05,4.4,15,Yes,2026-07-16,99acres,20.91,56.4,51.8,61.1,50.9
PROP_712,1BHK,Fully Furnished 1BHK Apartment in Gurugram Sector 45,Gurugram Sector 45,Gurugram,Gurugram,Working Bachelor,1,1,1,3,13,19000,38000,0.0,1600.0,636,Furnished,No,Yes,No,Yes,24 Hours,Yes,No,No,No,No,Yes,Yes,No,HUDA City Centre Metro Station,1.01,Ansal University,5.54,Golf Course Road Offices,12.92,2.47,1.72,3.4,0,Yes,2026-07-28,MagicBricks,29.87,54.1,49.5,58.9,50.2
PROP_713,1RK,Fully Furnished 1RK Apartment in Janakpuri,Janakpuri,Delhi,West Delhi,Student,1,1,3,4,4,10000,20000,0.0,800.0,353,Furnished,Yes,No,No,Yes,12 Hours,Yes,No,No,Yes,No,No,Yes,No,Janakpuri West Metro Station,3.21,Bhaskaracharya College,6.0,Janakpuri District Centre,6.05,2.63,2.58,3.6,79,Yes,2026-08-01,Housing.com,28.33,45.2,39.5,49.1,41.6
PROP_714,3BHK,Fully Furnished 3BHK Apartment in Gurugram Sector 45,Gurugram Sector 45,Gurugram,Gurugram,Family,3,2,7,12,12,61500,123000,3300.0,3600.0,1746,Furnished,No,Yes,Yes,No,24 Hours,Yes,Yes,No,Yes,Yes,Yes,Yes,No,HUDA City Centre Metro Station,3.71,Ansal University,9.33,Golf Course Road Offices,6.43,0.63,2.46,4.7,40,Yes,2026-07-12,NoBroker,35.22,44.6,41.6,49.6,57.7
PROP_715,3BHK,Semi-Furnished 3BHK Apartment in Mayur Vihar,Mayur Vihar,Delhi,East Delhi,Family,3,2,1,20,4,31500,63000,2200.0,2000.0,1319,Semi-Furnished,No,No,Yes,No,4 Hours,No,Yes,No,No,No,Yes,Yes,No,Mayur Vihar 1 Metro Station,4.11,Shaheed Sukhdev College of Business Studies,2.62,Noida Sector 62 IT Park,14.95,4.08,0.7,4.2,19,Yes,2026-07-22,99acres,23.88,42.0,34.7,43.7,49.9
PROP_716,2BHK,Semi-Furnished 2BHK Apartment in Vaishali,Vaishali,Ghaziabad,Ghaziabad,Family,2,2,2,3,6,20500,41000,0.0,1800.0,1133,Semi-Furnished,No,Yes,No,No,12 Hours,Yes,Yes,No,No,No,No,Yes,No,Vaishali Metro Station,1.88,Inderprastha Dental College,5.23,Noida Sector 62 IT Park,11.66,4.02,3.0,4.4,83,Yes,2026-07-10,99acres,18.09,45.5,39.3,48.6,40.6
PROP_717,3BHK,Fully Furnished 3BHK Apartment in Mayur Vihar,Mayur Vihar,Delhi,East Delhi,Family,3,2,13,15,4,41000,82000,0.0,2154.0,1236,Furnished,Yes,Yes,Yes,Yes,24 Hours,Yes,Yes,No,No,No,No,Yes,No,Mayur Vihar 1 Metro Station,4.34,Shaheed Sukhdev College of Business Studies,2.05,Noida Sector 62 IT Park,3.73,3.4,3.03,3.9,58,Yes,2026-07-23,99acres,33.17,47.3,39.7,48.0,40.5
PROP_718,1BHK,Fully Furnished 1BHK Apartment in Shakarpur,Shakarpur,Delhi,East Delhi,Family,1,1,0,3,14,7000,14000,1500.0,1100.0,462,Furnished,No,No,No,No,4 Hours,Yes,No,Yes,No,No,No,Yes,No,Nirman Vihar Metro Station,4.05,Bhim Rao Ambedkar College,2.63,Noida Sector 62 IT Park,5.11,1.5,5.13,4.6,7,Yes,2026-07-10,MagicBricks,15.15,43.3,35.2,44.8,43.0
PROP_719,1BHK,Fully Furnished 1BHK Apartment in Malviya Nagar,Malviya Nagar,Delhi,South Delhi,Family,1,1,5,20,2,17000,17500,0.0,900.0,510,Furnished,No,Yes,Yes,No,24 Hours,Yes,Yes,No,No,No,Yes,No,No,Malviya Nagar Metro Station,2.21,College of Vocational Studies,9.25,Okhla Industrial Area,3.0,3.74,3.16,3.5,59,Yes,2026-08-05,99acres,33.33,48.2,45.7,54.3,43.5
PROP_720,1BHK,Fully Furnished 1BHK Apartment in Karol Bagh,Karol Bagh,Delhi,Central Delhi,Family,1,1,7,24,8,12000,24000,1000.0,800.0,372,Furnished,No,No,Yes,No,12 Hours,Yes,No,No,Yes,No,Yes,Yes,No,Karol Bagh Metro Station,3.74,Sri Guru Nanak Dev Khalsa College,1.43,Connaught Place,4.92,4.27,5.44,3.7,31,Yes,2026-07-19,99acres,32.26,50.0,39.0,48.4,40.0
PROP_721,1BHK,Fully Furnished 1BHK Apartment in DLF Phase 3,Dlf Phase 3,Gurugram,Gurugram,Family,1,1,1,8,15,20000,40000,0.0,1100.0,492,Furnished,Yes,Yes,Yes,Yes,12 Hours,Yes,Yes,No,No,No,Yes,Yes,No,Phase 3 Metro Station,3.27,Dronacharya College of Engineering,9.01,DLF Cyber City,7.86,0.76,4.07,4.8,24,Yes,2026-07-16,NoBroker,40.65,49.0,44.6,54.0,52.6
PROP_722,1BHK,Fully Furnished 1BHK Apartment in Knowledge Park,Knowledge Park,Greater Noida,Greater Noida,Student,1,1,4,24,3,7500,15000,1000.0,1000.0,558,Furnished,Yes,Yes,Yes,Yes,24 Hours,Yes,No,No,No,Yes,No,Yes,Yes,Knowledge Park II Metro Station,2.43,Sharda University,9.73,Greater Noida Industrial Area,10.39,3.55,3.38,4.1,10,Yes,2026-08-06,99acres,13.44,50.9,44.9,54.6,39.7
PROP_723,2BHK,Semi-Furnished 2BHK Apartment in Kamla Nagar,Kamla Nagar,Delhi,North Delhi,Family,2,2,0,3,7,17500,35000,0.0,1600.0,856,Semi-Furnished,Yes,Yes,No,No,24 Hours,No,No,No,No,No,No,Yes,Yes,Vishwa Vidyalaya Metro Station,2.63,Kirori Mal College,6.29,Connaught Place,10.09,4.95,3.81,4.3,37,Yes,2026-07-21,NoBroker,20.44,44.0,38.5,47.9,40.1
PROP_724,3BHK,Semi-Furnished 3BHK Apartment in Rajinder Nagar,Rajinder Nagar,Delhi,Central Delhi,Family,3,2,2,3,15,55000,110000,0.0,2800.0,1601,Semi-Furnished,Yes,Yes,No,Yes,4 Hours,No,Yes,Yes,No,No,Yes,Yes,No,Rajendra Place Metro Station,2.36,Venkateshwara College,7.83,Rajendra Place IT Hub,1.57,1.98,4.68,4.0,3,Yes,2026-08-04,MagicBricks,34.35,45.2,48.5,53.9,47.7
PROP_725,3BHK,Semi-Furnished 3BHK Apartment in Noida Sector 15,Noida Sector 15,Noida,Noida,Family,3,2,1,3,15,29500,59000,4000.0,2156.0,1371,Semi-Furnished,Yes,Yes,No,Yes,4 Hours,No,No,No,No,No,No,No,No,Noida Sector 15 Metro Station,3.21,Amity University Noida,0.44,Noida Sector 16 Commercial Hub,1.33,0.55,0.88,4.4,49,Yes,2026-08-13,MagicBricks,21.52,55.2,44.5,50.1,61.1
PROP_726,2BHK,Semi-Furnished 2BHK Apartment in Gurugram Sector 45,Gurugram Sector 45,Gurugram,Gurugram,Working Professional,2,2,1,24,2,29000,29000,2000.0,1421.0,881,Semi-Furnished,No,Yes,Yes,Yes,12 Hours,No,Yes,No,Yes,No,No,No,No,HUDA City Centre Metro Station,0.64,Ansal University,8.23,Golf Course Road Offices,6.49,3.63,2.0,3.3,81,Yes,2026-08-09,NoBroker,32.92,57.8,52.8,61.9,44.9
PROP_727,1BHK,Fully Furnished 1BHK Apartment in Civil Lines,Civil Lines,Delhi,North Delhi,Family,1,1,6,15,0,30000,30000,1800.0,1400.0,647,Furnished,No,Yes,Yes,Yes,12 Hours,Yes,Yes,No,Yes,Yes,No,No,No,Civil Lines Metro Station,3.36,St. Stephen's College,9.08,Connaught Place,8.8,3.79,3.43,3.3,43,Yes,2026-07-07,99acres,46.37,46.4,40.9,49.9,37.0
PROP_728,1BHK,Fully Furnished 1BHK Apartment in Karol Bagh,Karol Bagh,Delhi,Central Delhi,Working Bachelor,1,1,4,8,4,13000,26000,0.0,900.0,356,Furnished,Yes,No,No,Yes,12 Hours,Yes,No,Yes,No,No,Yes,Yes,Yes,Karol Bagh Metro Station,1.43,Sri Guru Nanak Dev Khalsa College,3.28,Connaught Place,1.71,1.39,3.96,4.1,3,No,2026-07-23,NoBroker,36.52,54.7,54.5,61.6,48.7
PROP_729,1RK,Fully Furnished 1RK Apartment in Noida Sector 15,Noida Sector 15,Noida,Noida,Student,1,1,22,24,12,7000,15000,700.0,700.0,287,Furnished,Yes,Yes,Yes,No,12 Hours,Yes,Yes,No,Yes,Yes,No,No,Yes,Noida Sector 15 Metro Station,4.2,Amity University Noida,7.33,Noida Sector 16 Commercial Hub,3.91,2.34,1.09,4.5,10,Yes,2026-07-31,MagicBricks,24.39,49.8,44.8,54.1,45.5
PROP_730,1RK,Fully Furnished 1RK Apartment in Noida Sector 137,Noida Sector 137,Noida,Noida,Student,1,1,12,15,0,9000,18000,700.0,800.0,418,Furnished,Yes,Yes,Yes,Yes,4 Hours,Yes,No,No,No,Yes,Yes,Yes,No,Noida Sector 137 Metro Station,4.01,Amity University Noida,8.25,Noida Expressway Offices,7.72,1.44,2.05,3.3,19,Yes,2026-07-12,99acres,21.53,48.7,43.8,53.5,49.6
PROP_731,3BHK,Semi-Furnished 3BHK Apartment in Noida Sector 137,Noida Sector 137,Noida,Noida,Family,3,2,3,5,7,30000,90000,0.0,2800.0,1773,Semi-Furnished,No,Yes,Yes,Yes,12 Hours,No,No,No,No,No,Yes,No,No,Noida Sector 137 Metro Station,2.92,Amity University Noida,8.37,Noida Expressway Offices,9.12,1.99,5.82,3.2,2,Yes,2026-08-07,99acres,16.92,42.6,37.8,46.9,47.0
PROP_732,2BHK,Semi-Furnished 2BHK Apartment in DLF Phase 3,Dlf Phase 3,Gurugram,Gurugram,Family,2,2,5,5,8,27000,54000,1530.0,1300.0,765,Semi-Furnished,Yes,Yes,Yes,Yes,12 Hours,Yes,Yes,Yes,No,No,No,No,No,Phase 3 Metro Station,2.09,Dronacharya College of Engineering,5.95,DLF Cyber City,2.97,0.36,3.57,4.9,15,Yes,2026-07-20,NoBroker,35.29,50.9,47.8,56.1,54.7
PROP_733,2BHK,Fully Furnished 2BHK Apartment in Patel Nagar,Patel Nagar,Delhi,West Delhi,Working Bachelor,2,2,15,20,12,19000,19500,2000.0,1300.0,758,Furnished,No,Yes,Yes,Yes,24 Hours,Yes,Yes,No,No,Yes,Yes,No,Yes,Patel Nagar Metro Station,0.89,Kalindi College,5.1,Rajendra Place IT Hub,6.08,1.58,0.75,4.4,58,Yes,2026-08-04,Housing.com,25.07,59.3,53.8,63.1,54.2
PROP_734,2BHK,Fully Furnished 2BHK Apartment in Noida Sector 15,Noida Sector 15,Noida,Noida,Family,2,2,1,5,7,19000,19000,2600.0,1600.0,950,Furnished,Yes,Yes,Yes,Yes,12 Hours,Yes,No,No,No,No,Yes,No,No,Noida Sector 15 Metro Station,3.29,Amity University Noida,6.93,Noida Sector 16 Commercial Hub,9.65,0.82,3.64,3.5,75,Yes,2026-08-05,MagicBricks,20.0,46.1,40.9,50.3,51.2
PROP_735,1RK,Semi-Furnished 1RK Apartment in Kamla Nagar,Kamla Nagar,Delhi,North Delhi,Student,1,1,2,3,0,7000,14000,900.0,620.0,347,Semi-Furnished,No,No,No,No,12 Hours,Yes,No,Yes,No,No,No,No,Yes,Vishwa Vidyalaya Metro Station,2.63,Kirori Mal College,5.01,Connaught Place,1.53,2.63,4.94,4.1,14,Yes,2026-07-01,Housing.com,20.17,44.3,45.0,51.8,39.8
PROP_736,1BHK,Semi-Furnished 1BHK Apartment in Hauz Khas,Hauz Khas,Delhi,South Delhi,Family,1,1,6,8,13,32000,65000,2000.0,1400.0,626,Semi-Furnished,Yes,Yes,Yes,No,12 Hours,No,No,No,No,No,Yes,Yes,No,Hauz Khas Metro Station,1.94,IIT Delhi,2.61,Okhla Industrial Area,0.87,1.09,1.12,4.9,1,Yes,2026-07-02,MagicBricks,51.12,49.3,55.3,59.3,58.6
PROP_737,2BHK,Semi-Furnished 2BHK Apartment in Saket,Saket,Delhi,South Delhi,Family,2,2,3,8,12,39000,78000,2000.0,2100.0,967,Semi-Furnished,No,Yes,Yes,Yes,4 Hours,No,No,No,No,No,Yes,Yes,No,Saket Metro Station,1.89,Gargi College,3.49,Saket District Centre,2.34,2.52,3.73,3.4,62,Yes,2026-06-30,Housing.com,40.33,47.6,46.4,53.7,46.8
PROP_738,3BHK,Fully Furnished 3BHK Apartment in Noida Sector 15,Noida Sector 15,Noida,Noida,Family,3,2,1,4,6,31000,62000,3500.0,2200.0,1307,Furnished,Yes,No,No,No,24 Hours,Yes,Yes,No,Yes,No,Yes,Yes,Yes,Noida Sector 15 Metro Station,2.66,Amity University Noida,1.15,Noida Sector 16 Commercial Hub,4.31,2.12,5.58,4.7,52,No,2026-07-07,99acres,23.72,55.1,43.6,52.3,46.9
PROP_739,1BHK,Semi-Furnished 1BHK Apartment in Rohini,Rohini,Delhi,North Delhi,Student,1,1,2,3,6,8000,17000,0.0,700.0,428,Semi-Furnished,No,No,No,No,12 Hours,Yes,Yes,No,Yes,No,No,Yes,No,Rohini West Metro Station,0.94,Delhi Technological University (DTU),5.28,Netaji Subhash Place,7.87,4.39,4.19,3.2,29,Yes,2026-08-07,Housing.com,18.69,53.8,47.8,57.6,40.7
PROP_740,2BHK,Semi-Furnished 2BHK Apartment in Patel Nagar,Patel Nagar,Delhi,West Delhi,Working Professional,2,2,3,4,7,20500,61500,1700.0,1000.0,738,Semi-Furnished,No,No,No,No,12 Hours,No,Yes,No,No,No,No,Yes,No,Patel Nagar Metro Station,1.6,Kalindi College,5.65,Rajendra Place IT Hub,1.1,4.66,5.61,3.8,15,Yes,2026-07-08,MagicBricks,27.78,44.8,49.5,54.8,41.8
PROP_741,1BHK,Semi-Furnished 1BHK Apartment in Saket,Saket,Delhi,South Delhi,Working Bachelor,1,1,3,3,7,17500,35000,0.0,900.0,496,Semi-Furnished,No,Yes,No,Yes,24 Hours,No,Yes,No,No,No,No,Yes,No,Saket Metro Station,0.49,Gargi College,4.32,Saket District Centre,9.39,2.52,4.61,3.4,48,No,2026-07-24,Housing.com,35.28,59.9,54.6,64.0,46.3
PROP_742,1BHK,Semi-Furnished 1BHK Apartment in Civil Lines,Civil Lines,Delhi,North Delhi,Family,1,1,10,24,9,42000,42000,1900.0,1700.0,794,Semi-Furnished,No,No,Yes,Yes,4 Hours,No,Yes,No,No,No,Yes,Yes,Yes,Civil Lines Metro Station,2.27,St. Stephen's College,2.4,Connaught Place,12.43,1.68,5.62,4.1,85,Yes,2026-07-06,Housing.com,52.9,48.1,41.0,49.7,44.8
PROP_743,3BHK,Fully Furnished 3BHK Apartment in Civil Lines,Civil Lines,Delhi,North Delhi,Working Professional,3,2,4,8,11,120000,360000,6000.0,3800.0,2312,Furnished,No,Yes,Yes,No,24 Hours,Yes,No,No,No,No,Yes,No,No,Civil Lines Metro Station,1.47,St. Stephen's College,5.79,Connaught Place,2.22,2.57,0.71,3.6,4,Yes,2026-07-20,NoBroker,51.9,39.2,41.0,45.6,51.3
PROP_744,3BHK,Semi-Furnished 3BHK Apartment in Saket,Saket,Delhi,South Delhi,Family,3,2,10,24,2,52000,105000,4000.0,3400.0,1688,Semi-Furnished,No,Yes,Yes,No,4 Hours,No,Yes,No,Yes,Yes,Yes,Yes,Yes,Saket Metro Station,3.72,Gargi College,1.15,Saket District Centre,7.17,3.17,0.32,4.2,45,Yes,2026-07-25,Housing.com,30.81,53.4,42.1,50.5,57.0
PROP_745,3BHK,Semi-Furnished 3BHK Apartment in Laxmi Nagar,Laxmi Nagar,Delhi,East Delhi,Family,3,2,11,12,13,15000,30000,0.0,2200.0,1095,Semi-Furnished,Yes,Yes,Yes,Yes,24 Hours,Yes,Yes,No,No,No,Yes,No,No,Laxmi Nagar Metro Station,4.35,Shyam Lal College,6.92,Noida Sector 62 IT Park,11.22,3.2,1.41,3.7,83,Yes,2026-06-29,Housing.com,13.7,46.0,40.1,49.6,45.0
PROP_746,2BHK,Fully Furnished 2BHK Apartment in Civil Lines,Civil Lines,Delhi,North Delhi,Family,2,2,6,8,15,72500,145000,0.0,3100.0,1349,Furnished,No,No,Yes,Yes,12 Hours,Yes,Yes,No,No,No,Yes,Yes,Yes,Civil Lines Metro Station,3.02,St. Stephen's College,2.55,Connaught Place,10.68,4.85,1.12,3.6,60,Yes,2026-07-28,99acres,53.74,44.6,38.7,46.5,45.9
PROP_747,1BHK,Semi-Furnished 1BHK Apartment in DLF Phase 3,Dlf Phase 3,Gurugram,Gurugram,Student,1,1,8,12,1,14000,28000,814.0,900.0,407,Semi-Furnished,No,Yes,Yes,Yes,4 Hours,Yes,No,Yes,No,No,No,Yes,Yes,Phase 3 Metro Station,0.35,Dronacharya College of Engineering,1.32,DLF Cyber City,11.05,2.3,5.18,4.0,24,Yes,2026-08-07,Housing.com,34.4,72.5,60.5,70.1,46.0
PROP_748,1RK,Fully Furnished 1RK Apartment in Rajinder Nagar,Rajinder Nagar,Delhi,Central Delhi,Student,1,1,14,15,10,11000,33000,0.0,800.0,362,Furnished,No,Yes,Yes,Yes,4 Hours,Yes,Yes,No,No,Yes,No,Yes,No,Rajendra Place Metro Station,2.36,Venkateshwara College,8.58,Rajendra Place IT Hub,3.6,1.95,5.38,3.8,22,Yes,2026-07-19,99acres,30.39,49.8,45.5,54.6,42.2
PROP_749,2BHK,Fully Furnished 2BHK Apartment in DLF Phase 3,Dlf Phase 3,Gurugram,Gurugram,Working Professional,2,2,9,20,15,36500,73000,1700.0,1700.0,850,Furnished,Yes,No,Yes,No,24 Hours,Yes,No,No,No,Yes,Yes,Yes,No,Phase 3 Metro Station,1.92,Dronacharya College of Engineering,4.73,DLF Cyber City,5.0,2.3,1.8,4.8,63,Yes,2026-07-10,MagicBricks,42.94,48.4,44.6,53.3,49.1
PROP_750,1BHK,Semi-Furnished 1BHK Apartment in Indirapuram,Indirapuram,Ghaziabad,Ghaziabad,Student,1,1,1,3,9,9000,18000,2000.0,1000.0,671,Semi-Furnished,No,No,No,Yes,4 Hours,Yes,No,No,No,No,Yes,Yes,No,Vaishali Metro Station,1.08,ABES Engineering College,5.78,Noida Sector 62 IT Park,13.05,1.27,5.22,3.7,77,Yes,2026-07-17,99acres,13.41,50.9,45.0,54.7,47.7
PROP_751,2BHK,Semi-Furnished 2BHK Apartment in Laxmi Nagar,Laxmi Nagar,Delhi,East Delhi,Family,2,2,0,4,10,11000,22000,1000.0,1700.0,814,Semi-Furnished,No,Yes,No,No,4 Hours,No,Yes,No,No,No,No,Yes,Yes,Laxmi Nagar Metro Station,3.25,Shyam Lal College,1.88,Noida Sector 62 IT Park,10.3,4.54,4.94,4.7,23,Yes,2026-07-24,99acres,13.51,47.3,36.9,46.6,38.8
PROP_752,4BHK,Fully Furnished 4BHK Apartment in Vaishali,Vaishali,Ghaziabad,Ghaziabad,Family,4,4,1,12,6,45000,90000,0.0,4400.0,2558,Furnished,No,Yes,Yes,Yes,12 Hours,Yes,No,No,No,No,Yes,No,No,Vaishali Metro Station,2.73,Inderprastha Dental College,4.52,Noida Sector 62 IT Park,0.8,2.71,1.32,3.9,2,Yes,2026-07-22,MagicBricks,17.59,42.2,49.7,53.0,52.2
PROP_753,2BHK,Fully Furnished 2BHK Apartment in Saket,Saket,Delhi,South Delhi,Family,2,2,22,24,15,39000,78000,1800.0,1900.0,948,Furnished,No,Yes,Yes,Yes,24 Hours,Yes,No,No,No,Yes,Yes,No,Yes,Saket Metro Station,3.5,Gargi College,4.34,Saket District Centre,4.06,2.65,4.63,4.2,5,Yes,2026-08-01,NoBroker,41.14,47.0,43.3,51.7,43.7
PROP_754,3BHK,Fully Furnished 3BHK Apartment in Hauz Khas,Hauz Khas,Delhi,South Delhi,Family,3,2,1,3,9,149500,299000,0.0,3900.0,2016,Furnished,Yes,No,No,No,4 Hours,Yes,Yes,No,No,No,No,Yes,No,Hauz Khas Metro Station,2.29,IIT Delhi,2.46,Okhla Industrial Area,8.16,2.12,3.17,4.1,20,Yes,2026-08-04,Housing.com,74.16,36.9,33.5,38.8,43.5
PROP_755,3BHK,Fully Furnished 3BHK Apartment in Mukherjee Nagar,Mukherjee Nagar,Delhi,North Delhi,Family,3,2,0,5,7,26000,52000,0.0,1800.0,1141,Furnished,No,Yes,Yes,Yes,4 Hours,Yes,Yes,No,No,No,Yes,No,Yes,GTB Nagar Metro Station,2.15,SGTB Khalsa College,1.72,Connaught Place,13.54,0.46,3.09,4.5,39,No,2026-07-16,99acres,22.79,54.1,43.9,53.1,55.0
PROP_756,2BHK,Semi-Furnished 2BHK Apartment in Green Park,Green Park,Delhi,South Delhi,Family,2,2,2,3,7,60000,121000,0.0,2029.0,1286,Semi-Furnished,No,No,No,Yes,24 Hours,No,Yes,No,No,No,No,Yes,Yes,Green Park Metro Station,0.82,NIFT Delhi,3.38,Bhikaji Cama Place,11.56,3.44,4.38,4.6,26,Yes,2026-08-02,99acres,46.66,52.7,48.0,56.1,44.8
PROP_757,2BHK,Semi-Furnished 2BHK Apartment in Dwarka,Dwarka,Delhi,Dwarka,Family,2,2,2,3,6,30500,91000,4300.0,1800.0,1277,Semi-Furnished,No,Yes,No,No,24 Hours,No,No,No,No,No,Yes,No,Yes,Dwarka Sector 10 Metro Station,2.29,Netaji Subhas University of Technology (NSUT),8.92,Gurugram Sector 21 IT Park,8.62,1.57,4.75,3.2,32,Yes,2026-07-23,NoBroker,23.88,43.2,38.6,47.7,48.1
PROP_758,1RK,Fully Furnished 1RK Apartment in Knowledge Park,Knowledge Park,Greater Noida,Greater Noida,Family,1,1,6,20,7,5000,10000,560.0,600.0,280,Furnished,Yes,Yes,Yes,Yes,4 Hours,Yes,No,No,No,No,Yes,No,Yes,Knowledge Park II Metro Station,3.85,Sharda University,5.82,Greater Noida Industrial Area,7.8,4.11,1.32,4.5,35,Yes,2026-08-02,MagicBricks,17.86,47.4,41.1,51.0,42.0
PROP_759,1BHK,Semi-Furnished 1BHK Apartment in Gurugram Sector 45,Gurugram Sector 45,Gurugram,Gurugram,Family,1,1,3,4,4,22500,45000,0.0,1000.0,707,Semi-Furnished,No,Yes,No,Yes,12 Hours,No,Yes,No,No,No,No,No,No,HUDA City Centre Metro Station,3.63,Ansal University,3.85,Golf Course Road Offices,1.58,2.06,5.21,4.8,13,Yes,2026-07-10,NoBroker,31.82,42.7,43.5,50.0,43.2
PROP_760,2BHK,Fully Furnished 2BHK Apartment in Mayur Vihar,Mayur Vihar,Delhi,East Delhi,Family,2,2,2,5,9,32000,64000,0.0,1716.0,944,Furnished,No,Yes,Yes,No,4 Hours,Yes,Yes,No,No,No,Yes,Yes,No,Mayur Vihar 1 Metro Station,2.02,Shaheed Sukhdev College of Business Studies,4.68,Noida Sector 62 IT Park,6.07,4.26,1.25,4.7,61,Yes,2026-07-25,Housing.com,33.9,47.0,41.9,50.9,46.0
PROP_761,2BHK,Fully Furnished 2BHK Apartment in Mayur Vihar,Mayur Vihar,Delhi,East Delhi,Family,2,2,7,24,2,33000,99000,2000.0,1700.0,966,Furnished,Yes,Yes,Yes,No,24 Hours,Yes,Yes,No,No,Yes,Yes,Yes,No,Mayur Vihar 1 Metro Station,3.79,Shaheed Sukhdev College of Business Studies,0.56,Noida Sector 62 IT Park,12.17,3.12,3.31,4.5,45,No,2026-07-17,99acres,34.16,58.4,40.9,49.9,41.8
PROP_762,3BHK,Fully Furnished 3BHK Apartment in Mayur Vihar,Mayur Vihar,Delhi,East Delhi,Family,3,2,3,3,13,42000,126000,0.0,2700.0,1395,Furnished,No,No,No,Yes,12 Hours,Yes,No,No,No,No,No,No,No,Mayur Vihar 1 Metro Station,2.14,Shaheed Sukhdev College of Business Studies,1.96,Noida Sector 62 IT Park,6.21,0.71,5.3,4.4,79,No,2026-07-05,Housing.com,30.11,44.3,34.8,43.5,48.5
PROP_763,1RK,Fully Furnished 1RK Apartment in Janakpuri,Janakpuri,Delhi,West Delhi,Student,1,1,15,20,10,12500,25000,800.0,900.0,529,Furnished,No,Yes,Yes,Yes,12 Hours,Yes,No,No,Yes,Yes,Yes,Yes,No,Janakpuri West Metro Station,2.19,Bhaskaracharya College,9.72,Janakpuri District Centre,2.03,2.2,3.56,3.4,44,Yes,2026-07-25,Housing.com,23.63,51.2,51.0,58.6,45.5
PROP_764,1BHK,Fully Furnished 1BHK Apartment in Kamla Nagar,Kamla Nagar,Delhi,North Delhi,Student,1,1,0,4,4,10500,21000,0.0,900.0,340,Furnished,No,Yes,No,Yes,4 Hours,Yes,Yes,Yes,No,No,Yes,No,Yes,Vishwa Vidyalaya Metro Station,4.13,Kirori Mal College,4.53,Connaught Place,8.01,2.49,0.67,4.6,14,Yes,2026-08-08,MagicBricks,30.88,47.5,41.3,51.0,48.4
PROP_765,3BHK,Fully Furnished 3BHK Apartment in Rohini,Rohini,Delhi,North Delhi,Family,3,2,10,20,10,32000,64000,2800.0,3000.0,1341,Furnished,Yes,Yes,Yes,No,12 Hours,Yes,No,No,No,Yes,Yes,Yes,No,Rohini West Metro Station,4.35,Delhi Technological University (DTU),2.04,Netaji Subhash Place,2.17,2.42,2.13,4.1,63,No,2026-08-04,MagicBricks,23.86,48.2,44.2,51.4,48.1
PROP_766,2BHK,Semi-Furnished 2BHK Apartment in Hauz Khas,Hauz Khas,Delhi,South Delhi,Family,2,2,12,20,14,57000,114000,2600.0,2000.0,918,Semi-Furnished,No,Yes,Yes,No,4 Hours,Yes,No,No,Yes,Yes,No,Yes,No,Hauz Khas Metro Station,1.61,IIT Delhi,4.78,Okhla Industrial Area,14.23,1.38,4.95,4.3,14,Yes,2026-08-03,Housing.com,62.09,49.0,45.1,53.3,47.5
PROP_767,3BHK,Semi-Furnished 3BHK Apartment in Laxmi Nagar,Laxmi Nagar,Delhi,East Delhi,Family,3,2,0,3,4,17000,35000,1700.0,2300.0,1099,Semi-Furnished,No,Yes,No,No,12 Hours,No,No,No,Yes,No,No,No,No,Laxmi Nagar Metro Station,2.36,Shyam Lal College,6.2,Noida Sector 62 IT Park,2.42,3.85,3.71,4.4,53,Yes,2026-07-02,99acres,15.47,41.8,39.1,47.1,39.5
PROP_768,1BHK,Semi-Furnished 1BHK Apartment in Noida Sector 15,Noida Sector 15,Noida,Noida,Student,1,1,1,8,11,9000,18000,0.0,800.0,380,Semi-Furnished,No,Yes,Yes,No,12 Hours,Yes,Yes,No,Yes,No,Yes,Yes,Yes,Noida Sector 15 Metro Station,1.4,Amity University Noida,0.45,Noida Sector 16 Commercial Hub,2.52,2.54,3.39,3.2,48,Yes,2026-08-04,Housing.com,23.68,69.8,54.2,62.6,45.9
PROP_769,2BHK,Semi-Furnished 2BHK Apartment in Shakarpur,Shakarpur,Delhi,East Delhi,Working Bachelor,2,2,3,5,9,13000,39000,1600.0,1800.0,789,Semi-Furnished,Yes,Yes,Yes,No,12 Hours,No,No,No,No,No,No,Yes,No,Nirman Vihar Metro Station,1.18,Bhim Rao Ambedkar College,7.97,Noida Sector 62 IT Park,4.75,1.65,3.16,4.1,75,Yes,2026-07-03,99acres,16.48,50.5,45.2,54.6,46.0
PROP_771,2BHK,Fully Furnished 2BHK Apartment in Laxmi Nagar,Laxmi Nagar,Delhi,East Delhi,Family,2,2,5,8,2,11500,23000,0.0,1429.0,753,Furnished,No,No,Yes,Yes,4 Hours,Yes,Yes,No,No,No,Yes,Yes,No,Laxmi Nagar Metro Station,3.01,Shyam Lal College,6.71,Noida Sector 62 IT Park,10.7,2.88,1.17,4.4,61,Yes,2026-07-30,Housing.com,15.27,45.8,40.3,49.9,47.6
PROP_772,3BHK,Fully Furnished 3BHK Apartment in Green Park,Green Park,Delhi,South Delhi,Family,3,2,20,20,10,96500,193000,5600.0,2500.0,1718,Furnished,Yes,Yes,Yes,Yes,4 Hours,Yes,No,No,No,No,Yes,Yes,No,Green Park Metro Station,3.16,NIFT Delhi,0.9,Bhikaji Cama Place,6.88,4.1,4.86,4.1,56,Yes,2026-07-12,99acres,56.17,50.2,38.6,45.6,42.4
PROP_773,3BHK,Fully Furnished 3BHK Apartment in Vaishali,Vaishali,Ghaziabad,Ghaziabad,Working Professional,3,2,3,8,13,28000,28000,4000.0,3500.0,1548,Furnished,Yes,Yes,Yes,Yes,12 Hours,Yes,Yes,Yes,No,No,Yes,Yes,No,Vaishali Metro Station,0.46,Inderprastha Dental College,0.76,Noida Sector 62 IT Park,7.94,2.17,2.27,4.6,26,Yes,2026-07-13,99acres,18.09,74.1,58.1,67.2,49.9
PROP_774,3BHK,Fully Furnished 3BHK Apartment in Noida Sector 15,Noida Sector 15,Noida,Noida,Family,3,2,3,5,2,30500,61000,3000.0,2800.0,1343,Furnished,Yes,Yes,No,No,24 Hours,Yes,Yes,No,No,No,Yes,Yes,No,Noida Sector 15 Metro Station,3.24,Amity University Noida,6.93,Noida Sector 16 Commercial Hub,5.13,0.8,2.65,3.7,11,Yes,2026-08-03,MagicBricks,22.71,44.6,40.6,49.5,55.3
PROP_775,2BHK,Semi-Furnished 2BHK Apartment in Indirapuram,Indirapuram,Ghaziabad,Ghaziabad,Working Professional,2,2,0,4,4,15000,30000,2600.0,1718.0,1079,Semi-Furnished,Yes,Yes,No,Yes,12 Hours,Yes,No,No,No,No,Yes,No,Yes,Vaishali Metro Station,1.87,ABES Engineering College,7.22,Noida Sector 62 IT Park,5.01,3.05,5.12,4.8,56,Yes,2026-07-03,99acres,13.9,48.8,43.1,52.5,40.6
PROP_776,3BHK,Fully Furnished 3BHK Apartment in Janakpuri,Janakpuri,Delhi,West Delhi,Family,3,2,3,3,10,41500,83000,5100.0,2900.0,1692,Furnished,No,Yes,No,No,12 Hours,Yes,Yes,Yes,No,No,No,Yes,No,Janakpuri West Metro Station,2.79,Bhaskaracharya College,6.27,Janakpuri District Centre,14.63,4.73,2.7,3.9,53,Yes,2026-07-18,Housing.com,24.53,42.9,38.1,46.8,43.0
PROP_777,1RK,Fully Furnished 1RK Apartment in Pari Chowk,Pari Chowk,Greater Noida,Greater Noida,Student,1,1,5,8,5,5000,10000,688.0,816.0,344,Furnished,No,No,Yes,No,24 Hours,Yes,No,No,No,No,No,Yes,No,Pari Chowk Metro Station,2.41,Galgotias University,5.27,Greater Noida Industrial Area,4.92,4.3,3.87,4.4,79,Yes,2026-07-15,Housing.com,14.53,44.0,38.1,47.7,38.2
PROP_778,3BHK,Fully Furnished 3BHK Apartment in Civil Lines,Civil Lines,Delhi,North Delhi,Family,3,2,12,20,13,132000,396000,0.0,4800.0,2310,Furnished,Yes,Yes,Yes,No,24 Hours,Yes,No,No,Yes,No,No,Yes,No,Civil Lines Metro Station,1.05,St. Stephen's College,2.02,Connaught Place,8.66,3.08,3.02,3.3,80,Yes,2026-06-30,MagicBricks,57.14,48.0,42.1,48.0,42.3
PROP_779,1BHK,Fully Furnished 1BHK Apartment in Saket,Saket,Delhi,South Delhi,Family,1,1,11,12,7,29000,59000,1400.0,1255.0,637,Furnished,No,Yes,Yes,No,4 Hours,Yes,Yes,No,Yes,No,Yes,No,Yes,Saket Metro Station,0.24,Gargi College,4.22,Saket District Centre,4.15,4.45,4.85,4.4,27,Yes,2026-07-04,NoBroker,45.53,67.1,63.0,71.7,44.9
PROP_780,2BHK,Semi-Furnished 2BHK Apartment in Golf Course Road,Golf Course Road,Gurugram,Gurugram,Working Professional,2,2,0,5,10,89000,89500,0.0,2100.0,1176,Semi-Furnished,No,No,Yes,No,24 Hours,Yes,Yes,No,No,No,No,Yes,No,Sector 42-43 Metro Station,2.96,GD Goenka University,4.95,Golf Course Road Offices,1.25,2.24,5.58,4.1,55,Yes,2026-08-03,NoBroker,75.68,37.9,44.0,47.6,43.0
PROP_781,2BHK,Semi-Furnished 2BHK Apartment in Mayur Vihar,Mayur Vihar,Delhi,East Delhi,Family,2,2,5,20,8,28000,56000,1800.0,1700.0,983,Semi-Furnished,Yes,Yes,Yes,No,24 Hours,No,No,No,No,No,No,Yes,No,Mayur Vihar 1 Metro Station,2.74,Shaheed Sukhdev College of Business Studies,5.26,Noida Sector 62 IT Park,10.61,3.09,1.4,3.5,26,Yes,2026-08-03,Housing.com,28.48,42.5,36.8,45.9,44.4
PROP_782,1BHK,Fully Furnished 1BHK Apartment in Mukherjee Nagar,Mukherjee Nagar,Delhi,North Delhi,Student,1,1,11,24,0,11500,34500,800.0,1000.0,510,Furnished,No,Yes,Yes,No,4 Hours,Yes,No,No,No,No,No,Yes,No,GTB Nagar Metro Station,2.26,SGTB Khalsa College,4.46,Connaught Place,3.42,2.87,4.89,4.8,7,Yes,2026-08-10,MagicBricks,22.55,46.1,41.5,50.5,40.8
PROP_783,1BHK,Fully Furnished 1BHK Apartment in Indirapuram,Indirapuram,Ghaziabad,Ghaziabad,Student,1,1,16,20,4,12000,24000,1500.0,1400.0,631,Furnished,No,No,Yes,No,12 Hours,Yes,Yes,No,No,No,Yes,Yes,No,Vaishali Metro Station,4.16,ABES Engineering College,6.09,Noida Sector 62 IT Park,0.94,1.15,1.49,3.7,76,No,2026-08-10,Housing.com,19.02,42.4,48.4,53.3,52.9
PROP_784,2BHK,Semi-Furnished 2BHK Apartment in Dwarka,Dwarka,Delhi,Dwarka,Working Bachelor,2,2,3,8,1,24500,49000,3000.0,1800.0,1005,Semi-Furnished,Yes,Yes,Yes,Yes,24 Hours,No,Yes,No,No,No,Yes,No,Yes,Dwarka Sector 10 Metro Station,0.19,Netaji Subhas University of Technology (NSUT),2.61,Gurugram Sector 21 IT Park,5.78,2.32,1.81,3.9,26,Yes,2026-07-14,NoBroker,24.38,69.7,62.7,71.8,51.5
PROP_785,2BHK,Semi-Furnished 2BHK Apartment in Gurugram Sector 56,Gurugram Sector 56,Gurugram,Gurugram,Working Bachelor,2,2,2,3,2,25000,50000,0.0,1500.0,967,Semi-Furnished,No,Yes,No,Yes,12 Hours,Yes,No,No,No,No,No,Yes,No,Sector 56 Metro Station,0.81,IILM University,7.07,Golf Course Road Offices,4.96,4.56,4.46,3.3,41,No,2026-08-11,MagicBricks,25.85,54.3,50.0,59.0,44.0
PROP_786,1BHK,Fully Furnished 1BHK Apartment in Shakarpur,Shakarpur,Delhi,East Delhi,Student,1,1,1,4,1,7000,14000,1000.0,1200.0,463,Furnished,No,Yes,No,No,4 Hours,Yes,No,No,No,No,Yes,Yes,Yes,Nirman Vihar Metro Station,1.44,Bhim Rao Ambedkar College,9.73,Noida Sector 62 IT Park,14.79,1.68,4.67,3.5,73,Yes,2026-07-16,Housing.com,15.12,50.3,44.7,54.5,45.6
PROP_787,2BHK,Semi-Furnished 2BHK Apartment in Saket,Saket,Delhi,South Delhi,Family,2,2,0,4,14,24500,49000,0.0,1258.0,772,Semi-Furnished,No,Yes,No,Yes,24 Hours,No,Yes,Yes,No,No,Yes,Yes,No,Saket Metro Station,3.37,Gargi College,5.84,Saket District Centre,2.67,2.16,1.8,4.4,45,Yes,2026-07-24,99acres,31.74,45.6,44.1,52.2,49.6
PROP_788,2BHK,Semi-Furnished 2BHK Apartment in Noida Sector 15,Noida Sector 15,Noida,Noida,Family,2,2,2,3,12,15000,30000,2700.0,1361.0,841,Semi-Furnished,No,Yes,No,Yes,24 Hours,No,No,No,No,No,No,Yes,No,Noida Sector 15 Metro Station,2.93,Amity University Noida,6.93,Noida Sector 16 Commercial Hub,6.71,2.53,5.38,3.6,60,Yes,2026-07-07,MagicBricks,17.84,42.6,37.3,46.8,42.8
PROP_789,2BHK,Fully Furnished 2BHK Apartment in Civil Lines,Civil Lines,Delhi,North Delhi,Family,2,2,10,12,7,67000,202500,0.0,2380.0,1387,Furnished,Yes,Yes,Yes,No,24 Hours,Yes,Yes,No,Yes,Yes,Yes,Yes,Yes,Civil Lines Metro Station,2.27,St. Stephen's College,2.2,Connaught Place,13.29,2.67,3.43,3.5,46,Yes,2026-07-09,Housing.com,48.31,52.3,45.4,53.3,43.6
PROP_790,3BHK,Semi-Furnished 3BHK Apartment in Hauz Khas,Hauz Khas,Delhi,South Delhi,Family,3,2,14,15,3,68000,136000,5100.0,2900.0,1478,Semi-Furnished,Yes,No,Yes,No,12 Hours,No,Yes,No,No,No,Yes,Yes,No,Hauz Khas Metro Station,4.14,IIT Delhi,4.33,Okhla Industrial Area,2.55,2.1,2.74,4.1,37,No,2026-07-02,99acres,46.01,39.7,39.4,46.0,48.0
PROP_791,1BHK,Fully Furnished 1BHK Apartment in Civil Lines,Civil Lines,Delhi,North Delhi,Family,1,1,2,4,12,39500,79000,1100.0,1400.0,643,Furnished,No,Yes,No,No,24 Hours,Yes,No,No,No,No,Yes,No,Yes,Civil Lines Metro Station,2.19,St. Stephen's College,3.18,Connaught Place,7.12,4.19,4.8,4.0,22,Yes,2026-07-14,Housing.com,61.43,44.7,38.5,47.2,38.0
PROP_792,2BHK,Semi-Furnished 2BHK Apartment in Laxmi Nagar,Laxmi Nagar,Delhi,East Delhi,Family,2,2,11,24,13,9500,19000,1900.0,1200.0,725,Semi-Furnished,Yes,Yes,Yes,No,24 Hours,Yes,No,No,Yes,Yes,No,Yes,Yes,Laxmi Nagar Metro Station,3.82,Shyam Lal College,1.15,Noida Sector 62 IT Park,7.05,2.22,4.01,3.8,77,No,2026-07-25,99acres,13.1,56.3,42.4,52.1,41.6
PROP_793,4BHK,Fully Furnished 4BHK Apartment in Hauz Khas,Hauz Khas,Delhi,South Delhi,Family,4,4,3,3,3,164500,329000,6000.0,3300.0,2419,Furnished,Yes,Yes,No,Yes,24 Hours,Yes,No,No,No,No,Yes,Yes,No,Hauz Khas Metro Station,3.82,IIT Delhi,5.32,Okhla Industrial Area,8.26,2.12,3.17,4.7,48,Yes,2026-07-11,NoBroker,68.0,32.1,32.0,36.9,44.6
PROP_794,1BHK,Fully Furnished 1BHK Apartment in Noida Sector 15,Noida Sector 15,Noida,Noida,Family,1,1,0,3,5,13000,13000,1300.0,1000.0,522,Furnished,No,Yes,No,Yes,12 Hours,Yes,No,Yes,Yes,No,Yes,Yes,No,Noida Sector 15 Metro Station,3.81,Amity University Noida,6.93,Noida Sector 16 Commercial Hub,11.49,2.34,2.39,4.2,6,No,2026-07-31,Housing.com,24.9,47.1,42.1,51.7,45.8
PROP_795,3BHK,Fully Furnished 3BHK Apartment in Karol Bagh,Karol Bagh,Delhi,Central Delhi,Family,3,2,4,4,2,39000,78000,4000.0,2300.0,1377,Furnished,No,Yes,No,No,4 Hours,Yes,No,No,No,No,Yes,Yes,No,Karol Bagh Metro Station,2.05,Sri Guru Nanak Dev Khalsa College,6.09,Connaught Place,13.9,1.64,5.29,4.2,21,Yes,2026-07-03,Housing.com,28.32,43.4,38.9,47.7,47.7
PROP_796,1BHK,Fully Furnished 1BHK Apartment in Hauz Khas,Hauz Khas,Delhi,South Delhi,Family,1,1,11,24,6,34000,34000,0.0,1100.0,616,Furnished,No,Yes,Yes,No,12 Hours,Yes,No,No,No,No,Yes,No,Yes,Hauz Khas Metro Station,4.23,IIT Delhi,6.99,Okhla Industrial Area,14.01,1.83,3.17,3.8,62,Yes,2026-07-20,Housing.com,55.19,43.3,39.0,47.9,45.4
PROP_797,1RK,Fully Furnished 1RK Apartment in Model Town,Model Town,Delhi,North Delhi,Family,1,1,3,15,5,20000,40000,800.0,1100.0,451,Furnished,Yes,Yes,Yes,Yes,24 Hours,Yes,No,No,No,No,Yes,Yes,Yes,Model Town Metro Station,1.27,Miranda House,1.51,Connaught Place,9.46,2.54,5.21,4.0,64,Yes,2026-07-01,MagicBricks,44.35,61.2,50.3,59.7,43.2
PROP_798,3BHK,Fully Furnished 3BHK Apartment in Patel Nagar,Patel Nagar,Delhi,West Delhi,Family,3,2,5,12,10,45000,90000,4400.0,2300.0,1540,Furnished,Yes,Yes,Yes,No,12 Hours,Yes,Yes,Yes,No,No,Yes,Yes,No,Patel Nagar Metro Station,3.04,Kalindi College,9.52,Rajendra Place IT Hub,14.98,4.99,1.0,4.7,72,Yes,2026-07-27,Housing.com,29.22,46.0,41.9,50.5,49.0
PROP_799,1RK,Fully Furnished 1RK Apartment in Karol Bagh,Karol Bagh,Delhi,Central Delhi,Student,1,1,8,15,6,10500,21000,0.0,800.0,298,Furnished,Yes,Yes,Yes,Yes,12 Hours,Yes,No,No,No,No,Yes,Yes,No,Karol Bagh Metro Station,3.09,Sri Guru Nanak Dev Khalsa College,9.98,Connaught Place,11.7,2.41,3.57,3.3,80,Yes,2026-07-09,Housing.com,35.23,47.6,42.5,52.1,42.7
PROP_800,4BHK,Fully Furnished 4BHK Apartment in Saket,Saket,Delhi,South Delhi,Family,4,4,2,4,3,77000,77000,3600.0,3600.0,1803,Furnished,No,Yes,No,Yes,4 Hours,Yes,Yes,No,No,No,No,No,Yes,Saket Metro Station,0.86,Gargi College,4.3,Saket District Centre,7.06,1.74,1.82,3.6,73,Yes,2026-07-26,99acres,42.71,52.0,48.1,55.7,50.5
PROP_801,3BHK,Semi-Furnished 3BHK Apartment in Green Park,Green Park,Delhi,South Delhi,Family,3,2,1,4,4,92500,185000,4300.0,2900.0,1639,Semi-Furnished,Yes,Yes,No,No,4 Hours,No,Yes,No,No,No,No,No,No,Green Park Metro Station,2.16,NIFT Delhi,6.6,Bhikaji Cama Place,7.35,2.31,2.35,4.6,26,Yes,2026-08-13,Housing.com,56.44,38.9,36.0,43.1,44.2
PROP_802,1BHK,Semi-Furnished 1BHK Apartment in Gurugram Sector 56,Gurugram Sector 56,Gurugram,Gurugram,Family,1,1,1,8,3,17500,35000,0.0,1000.0,753,Semi-Furnished,No,Yes,No,Yes,4 Hours,No,Yes,Yes,No,No,Yes,No,Yes,Sector 56 Metro Station,2.0,IILM University,1.15,Golf Course Road Offices,6.31,2.21,5.47,3.5,10,Yes,2026-07-24,NoBroker,23.24,57.9,45.1,54.5,44.6
PROP_803,2BHK,Fully Furnished 2BHK Apartment in Malviya Nagar,Malviya Nagar,Delhi,South Delhi,Family,2,2,0,12,13,36500,36500,1500.0,2200.0,1044,Furnished,Yes,Yes,Yes,Yes,12 Hours,Yes,Yes,No,Yes,Yes,No,Yes,Yes,Malviya Nagar Metro Station,3.07,College of Vocational Studies,1.52,Okhla Industrial Area,14.25,3.22,1.45,4.8,38,Yes,2026-08-09,NoBroker,34.96,57.7,47.6,56.5,47.6
PROP_804,1RK,Fully Furnished 1RK Apartment in Saket,Saket,Delhi,South Delhi,Family,1,1,0,5,14,17500,35000,1200.0,910.0,407,Furnished,Yes,Yes,Yes,Yes,4 Hours,Yes,No,Yes,No,No,No,Yes,No,Saket Metro Station,1.85,Gargi College,8.25,Saket District Centre,7.97,1.08,1.2,4.1,72,Yes,2026-08-09,99acres,43.0,52.6,47.9,57.3,54.9
PROP_805,1RK,Semi-Furnished 1RK Apartment in Vasant Kunj,Vasant Kunj,Delhi,South Delhi,Family,1,1,0,4,5,30000,60000,0.0,979.0,586,Semi-Furnished,Yes,Yes,No,No,4 Hours,No,No,No,No,No,Yes,Yes,Yes,Chattarpur Metro Station,1.08,Jawaharlal Nehru University (JNU),5.89,Cyber City Gurugram,9.45,1.92,0.9,3.4,30,Yes,2026-07-14,NoBroker,51.19,52.4,48.2,57.2,54.2
PROP_806,1BHK,Fully Furnished 1BHK Apartment in DLF Phase 3,Dlf Phase 3,Gurugram,Gurugram,Family,1,1,0,5,12,18000,36000,800.0,1100.0,428,Furnished,No,Yes,Yes,Yes,24 Hours,Yes,Yes,Yes,No,No,No,Yes,No,Phase 3 Metro Station,3.42,Dronacharya College of Engineering,1.03,DLF Cyber City,7.86,2.3,2.64,4.7,2,Yes,2026-07-15,99acres,42.06,56.7,43.0,52.5,43.9
PROP_807,3BHK,Fully Furnished 3BHK Apartment in Gurugram Sector 56,Gurugram Sector 56,Gurugram,Gurugram,Family,3,2,0,12,10,39000,117000,0.0,3300.0,1502,Furnished,No,No,Yes,Yes,12 Hours,Yes,No,No,Yes,No,Yes,Yes,No,Sector 56 Metro Station,1.77,IILM University,8.81,Golf Course Road Offices,8.24,2.87,3.53,3.9,40,Yes,2026-08-06,Housing.com,25.97,48.5,44.7,53.5,47.7
PROP_808,2BHK,Fully Furnished 2BHK Apartment in Karol Bagh,Karol Bagh,Delhi,Central Delhi,Working Professional,2,2,0,4,1,29500,59000,2900.0,1900.0,917,Furnished,Yes,Yes,No,Yes,4 Hours,Yes,No,Yes,No,No,No,Yes,No,Karol Bagh Metro Station,1.84,Sri Guru Nanak Dev Khalsa College,1.69,Connaught Place,1.88,2.89,1.33,4.1,81,Yes,2026-07-15,Housing.com,32.17,53.7,49.0,55.8,47.3
PROP_809,4BHK,Fully Furnished 4BHK Apartment in Greater Kailash,Greater Kailash,Delhi,South Delhi,Family,4,4,2,4,7,149000,298000,8000.0,4000.0,2704,Furnished,Yes,Yes,No,Yes,4 Hours,Yes,Yes,No,No,No,Yes,Yes,Yes,Kailash Colony Metro Station,0.49,Lady Shri Ram College (LSR),1.14,Nehru Place IT Hub,9.63,1.23,2.83,3.9,49,Yes,2026-07-20,MagicBricks,55.1,60.0,51.6,57.0,54.0
PROP_811,2BHK,Fully Furnished 2BHK Apartment in Janakpuri,Janakpuri,Delhi,West Delhi,Family,2,2,0,4,4,28000,56000,0.0,2500.0,1065,Furnished,Yes,Yes,No,No,12 Hours,Yes,Yes,No,Yes,No,Yes,Yes,No,Janakpuri West Metro Station,0.93,Bhaskaracharya College,8.76,Janakpuri District Centre,9.31,2.83,3.98,4.1,66,Yes,2026-07-01,NoBroker,26.29,55.8,51.2,60.3,45.6
PROP_812,3BHK,Fully Furnished 3BHK Apartment in Vasant Kunj,Vasant Kunj,Delhi,South Delhi,Family,3,2,11,12,0,79500,79000,0.0,3200.0,1808,Furnished,Yes,Yes,Yes,Yes,12 Hours,Yes,Yes,No,Yes,No,Yes,Yes,No,Chattarpur Metro Station,2.37,Jawaharlal Nehru University (JNU),2.17,Cyber City Gurugram,8.06,4.43,3.32,4.1,48,Yes,2026-08-08,Housing.com,43.97,50.4,44.4,51.9,44.7
PROP_813,2BHK,Fully Furnished 2BHK Apartment in Janakpuri,Janakpuri,Delhi,West Delhi,Family,2,2,5,15,14,30500,30500,1800.0,1700.0,1094,Furnished,No,Yes,Yes,Yes,24 Hours,Yes,Yes,No,No,No,No,Yes,No,Janakpuri West Metro Station,2.41,Bhaskaracharya College,0.9,Janakpuri District Centre,13.85,4.22,0.76,4.7,2,Yes,2026-07-05,99acres,27.88,56.0,41.2,50.3,48.1
PROP_814,1BHK,Fully Furnished 1BHK Apartment in Patel Nagar,Patel Nagar,Delhi,West Delhi,Student,1,1,6,12,9,15000,30000,0.0,1400.0,566,Furnished,No,No,Yes,No,12 Hours,Yes,No,No,Yes,No,Yes,Yes,No,Patel Nagar Metro Station,0.4,Kalindi College,0.49,Rajendra Place IT Hub,8.83,0.77,4.59,3.6,44,Yes,2026-07-24,Housing.com,26.5,73.8,55.2,64.8,54.2
PROP_815,3BHK,Semi-Furnished 3BHK Apartment in Saket,Saket,Delhi,South Delhi,Family,3,2,4,20,5,47500,95000,0.0,2243.0,1429,Semi-Furnished,Yes,Yes,Yes,Yes,12 Hours,Yes,Yes,No,No,No,Yes,Yes,No,Saket Metro Station,3.76,Gargi College,1.67,Saket District Centre,9.9,4.48,3.05,3.8,62,Yes,2026-07-20,Housing.com,33.24,51.1,42.3,50.8,44.9
PROP_816,1BHK,Fully Furnished 1BHK Apartment in Laxmi Nagar,Laxmi Nagar,Delhi,East Delhi,Family,1,1,2,5,4,7500,15000,0.0,880.0,387,Furnished,No,Yes,Yes,Yes,24 Hours,Yes,No,No,No,No,Yes,Yes,Yes,Laxmi Nagar Metro Station,3.03,Shyam Lal College,4.58,Noida Sector 62 IT Park,6.95,2.16,1.42,4.0,9,No,2026-08-01,MagicBricks,19.38,48.0,42.1,51.8,46.9
PROP_817,4BHK,Fully Furnished 4BHK Apartment in Pari Chowk,Pari Chowk,Greater Noida,Greater Noida,Family,4,4,1,5,2,38500,77000,0.0,4000.0,2477,Furnished,Yes,No,Yes,No,12 Hours,Yes,Yes,No,No,No,Yes,Yes,No,Pari Chowk Metro Station,1.49,Galgotias University,1.35,Greater Noida Industrial Area,9.77,2.3,2.64,3.3,13,Yes,2026-07-08,NoBroker,15.54,55.3,44.0,52.8,51.1
PROP_818,3BHK,Fully Furnished 3BHK Apartment in Noida Sector 137,Noida Sector 137,Noida,Noida,Family,3,2,22,24,3,33000,66000,6500.0,3100.0,2102,Furnished,Yes,Yes,Yes,No,24 Hours,Yes,Yes,No,No,Yes,Yes,Yes,Yes,Noida Sector 137 Metro Station,2.52,Amity University Noida,8.29,Noida Expressway Offices,4.0,2.07,3.46,4.9,79,Yes,2026-07-07,MagicBricks,15.7,50.3,47.0,55.6,51.0
PROP_819,3BHK,Fully Furnished 3BHK Apartment in Gurugram Sector 56,Gurugram Sector 56,Gurugram,Gurugram,Family,3,2,12,20,0,47000,141000,3636.0,3500.0,1818,Furnished,Yes,Yes,Yes,No,12 Hours,Yes,No,No,Yes,Yes,Yes,Yes,No,Sector 56 Metro Station,2.65,IILM University,2.7,Golf Course Road Offices,4.93,1.38,3.53,3.3,66,Yes,2026-08-04,NoBroker,25.85,49.9,44.6,52.9,52.6
PROP_820,2BHK,Semi-Furnished 2BHK Apartment in Karol Bagh,Karol Bagh,Delhi,Central Delhi,Family,2,2,2,8,5,18000,36000,1700.0,1055.0,637,Semi-Furnished,No,Yes,Yes,Yes,24 Hours,Yes,No,No,Yes,No,Yes,Yes,No,Karol Bagh Metro Station,2.06,Sri Guru Nanak Dev Khalsa College,4.52,Connaught Place,13.4,1.33,4.56,4.1,68,Yes,2026-07-27,99acres,28.26,50.2,44.7,54.1,47.7
PROP_821,1RK,Semi-Furnished 1RK Apartment in Greater Kailash,Greater Kailash,Delhi,South Delhi,Family,1,1,2,5,8,39500,39000,2000.0,1100.0,608,Semi-Furnished,No,Yes,Yes,Yes,24 Hours,Yes,No,No,Yes,No,No,Yes,No,Kailash Colony Metro Station,4.35,Lady Shri Ram College (LSR),5.42,Nehru Place IT Hub,5.88,1.23,0.87,3.2,73,Yes,2026-07-09,99acres,64.97,44.4,40.3,49.0,54.1
PROP_822,3BHK,Semi-Furnished 3BHK Apartment in DLF Phase 3,Dlf Phase 3,Gurugram,Gurugram,Family,3,2,9,12,15,34500,103500,2192.0,2100.0,1096,Semi-Furnished,Yes,Yes,Yes,Yes,4 Hours,No,Yes,No,Yes,No,Yes,No,Yes,Phase 3 Metro Station,4.33,Dronacharya College of Engineering,0.69,DLF Cyber City,7.86,2.3,5.93,3.8,16,Yes,2026-07-10,NoBroker,31.48,58.6,42.7,51.6,43.7
PROP_823,3BHK,Fully Furnished 3BHK Apartment in Janakpuri,Janakpuri,Delhi,West Delhi,Family,3,2,3,3,13,59500,119000,0.0,3200.0,2085,Furnished,Yes,Yes,No,No,24 Hours,Yes,No,Yes,No,No,Yes,No,Yes,Janakpuri West Metro Station,0.66,Bhaskaracharya College,4.79,Janakpuri District Centre,12.61,0.49,3.98,4.3,19,Yes,2026-08-08,Housing.com,28.54,55.1,50.5,58.7,57.8
PROP_824,1BHK,Fully Furnished 1BHK Apartment in Karol Bagh,Karol Bagh,Delhi,Central Delhi,Family,1,1,3,12,14,12500,25000,1000.0,1000.0,343,Furnished,No,Yes,Yes,Yes,24 Hours,Yes,Yes,No,No,No,No,No,No,Karol Bagh Metro Station,1.61,Sri Guru Nanak Dev Khalsa College,1.45,Connaught Place,7.66,1.97,3.9,3.9,55,Yes,2026-08-11,MagicBricks,36.44,56.5,44.2,53.8,40.8
PROP_825,2BHK,Fully Furnished 2BHK Apartment in Mayur Vihar,Mayur Vihar,Delhi,East Delhi,Family,2,2,0,3,15,30000,30000,0.0,1900.0,886,Furnished,Yes,Yes,No,Yes,4 Hours,Yes,No,Yes,No,No,Yes,Yes,Yes,Mayur Vihar 1 Metro Station,3.25,Shaheed Sukhdev College of Business Studies,4.68,Noida Sector 62 IT Park,4.83,0.72,5.66,3.5,28,Yes,2026-07-27,99acres,33.86,47.0,42.3,51.1,50.6
PROP_826,1BHK,Semi-Furnished 1BHK Apartment in Karol Bagh,Karol Bagh,Delhi,Central Delhi,Working Bachelor,1,1,3,3,0,13500,27000,1000.0,800.0,473,Semi-Furnished,No,Yes,No,No,12 Hours,No,Yes,No,No,No,Yes,Yes,No,Karol Bagh Metro Station,0.2,Sri Guru Nanak Dev Khalsa College,5.08,Connaught Place,3.74,1.15,3.9,3.4,33,Yes,2026-07-12,Housing.com,28.54,62.4,58.2,67.3,52.2
PROP_827,2BHK,Semi-Furnished 2BHK Apartment in Indirapuram,Indirapuram,Ghaziabad,Ghaziabad,Family,2,2,1,15,14,20500,41000,2400.0,1500.0,1219,Semi-Furnished,Yes,Yes,Yes,Yes,24 Hours,Yes,No,No,No,No,Yes,Yes,Yes,Vaishali Metro Station,4.23,ABES Engineering College,5.78,Noida Sector 62 IT Park,10.1,0.61,4.08,4.0,12,Yes,2026-07-26,MagicBricks,16.82,46.1,40.6,49.9,52.7
PROP_828,1RK,Fully Furnished 1RK Apartment in Model Town,Model Town,Delhi,North Delhi,Family,1,1,2,3,0,17000,34000,800.0,900.0,456,Furnished,Yes,No,No,Yes,4 Hours,Yes,Yes,No,No,No,No,Yes,No,Model Town Metro Station,1.74,Miranda House,6.98,Connaught Place,8.41,4.18,1.48,3.9,42,Yes,2026-07-25,Housing.com,37.28,48.7,43.2,52.6,43.3
PROP_829,2BHK,Fully Furnished 2BHK Apartment in Pari Chowk,Pari Chowk,Greater Noida,Greater Noida,Working Bachelor,2,2,13,20,3,16000,33000,2274.0,1800.0,1137,Furnished,Yes,Yes,Yes,No,4 Hours,Yes,Yes,No,No,No,Yes,Yes,Yes,Pari Chowk Metro Station,0.27,Galgotias University,4.78,Greater Noida Industrial Area,0.99,4.11,3.29,3.5,31,Yes,2026-07-30,NoBroker,14.07,66.6,72.2,77.2,48.7
PROP_830,1BHK,Fully Furnished 1BHK Apartment in Pari Chowk,Pari Chowk,Greater Noida,Greater Noida,Working Bachelor,1,1,21,24,5,13000,13000,1000.0,1400.0,771,Furnished,No,No,Yes,Yes,12 Hours,Yes,Yes,No,No,No,Yes,Yes,No,Pari Chowk Metro Station,1.09,Galgotias University,3.27,Greater Noida Industrial Area,9.56,3.24,3.1,4.7,58,Yes,2026-07-10,Housing.com,16.86,55.2,48.4,58.0,44.1
PROP_831,2BHK,Semi-Furnished 2BHK Apartment in Gurugram Sector 56,Gurugram Sector 56,Gurugram,Gurugram,Working Professional,2,2,1,24,2,27500,55000,3200.0,1700.0,1191,Semi-Furnished,No,Yes,Yes,Yes,24 Hours,No,No,No,No,No,No,Yes,No,Sector 56 Metro Station,0.76,IILM University,1.06,Golf Course Road Offices,2.02,2.87,3.99,3.3,4,Yes,2026-07-20,MagicBricks,23.09,63.1,54.9,62.0,47.4
PROP_832,1RK,Fully Furnished 1RK Apartment in Shakarpur,Shakarpur,Delhi,East Delhi,Student,1,1,6,8,6,5000,11000,700.0,700.0,306,Furnished,No,Yes,Yes,Yes,12 Hours,Yes,Yes,No,Yes,No,Yes,Yes,No,Nirman Vihar Metro Station,2.8,Bhim Rao Ambedkar College,8.49,Noida Sector 62 IT Park,9.57,3.46,3.07,4.3,26,Yes,2026-07-23,NoBroker,16.34,49.7,44.1,54.0,41.0
PROP_833,2BHK,Fully Furnished 2BHK Apartment in Mayur Vihar,Mayur Vihar,Delhi,East Delhi,Family,2,2,2,24,1,26000,52000,3100.0,1500.0,960,Furnished,Yes,No,Yes,No,4 Hours,Yes,No,No,No,No,Yes,No,Yes,Mayur Vihar 1 Metro Station,3.0,Shaheed Sukhdev College of Business Studies,8.24,Noida Sector 62 IT Park,12.11,0.81,3.62,3.6,70,Yes,2026-08-06,MagicBricks,27.08,43.4,37.9,47.1,49.0
PROP_834,1RK,Semi-Furnished 1RK Apartment in Noida Sector 62,Noida Sector 62,Noida,Noida,Student,1,1,0,4,15,6000,12000,0.0,500.0,383,Semi-Furnished,Yes,Yes,No,Yes,12 Hours,Yes,Yes,No,No,No,No,No,No,Noida Sector 62 Metro Station,2.25,JSS Academy of Technical Education,4.63,Noida Sector 62 IT Park,7.7,3.83,2.75,3.5,85,Yes,2026-08-09,NoBroker,15.67,49.1,42.6,52.4,39.6
PROP_835,2BHK,Fully Furnished 2BHK Apartment in Rajinder Nagar,Rajinder Nagar,Delhi,Central Delhi,Family,2,2,6,8,2,23500,47000,0.0,1300.0,743,Furnished,Yes,Yes,No,No,12 Hours,Yes,No,No,No,No,Yes,Yes,No,Rajendra Place Metro Station,3.04,Venkateshwara College,0.63,Rajendra Place IT Hub,10.53,1.08,2.29,3.5,31,Yes,2026-07-25,99acres,31.63,55.6,38.7,48.0,50.8
PROP_836,2BHK,Semi-Furnished 2BHK Apartment in Pari Chowk,Pari Chowk,Greater Noida,Greater Noida,Family,2,2,0,5,9,15000,31000,3700.0,2800.0,1282,Semi-Furnished,Yes,Yes,Yes,Yes,24 Hours,Yes,No,No,Yes,No,Yes,Yes,No,Pari Chowk Metro Station,2.34,Galgotias University,0.51,Greater Noida Industrial Area,7.37,2.61,0.32,4.1,23,Yes,2026-07-07,NoBroker,11.7,63.2,44.7,54.2,56.1
PROP_837,1RK,Fully Furnished 1RK Apartment in Karol Bagh,Karol Bagh,Delhi,Central Delhi,Student,1,1,18,24,7,12500,25000,1000.0,1000.0,347,Furnished,No,No,Yes,Yes,12 Hours,Yes,No,No,Yes,No,Yes,Yes,No,Karol Bagh Metro Station,2.05,Sri Guru Nanak Dev Khalsa College,0.43,Connaught Place,7.9,4.99,3.9,3.8,73,Yes,2026-07-10,99acres,36.02,62.9,43.6,53.2,40.6
PROP_838,1BHK,Semi-Furnished 1BHK Apartment in Knowledge Park,Knowledge Park,Greater Noida,Greater Noida,Family,1,1,7,8,4,5000,10000,1200.0,1200.0,600,Semi-Furnished,No,No,Yes,Yes,12 Hours,No,No,No,No,No,Yes,No,No,Knowledge Park II Metro Station,3.63,Sharda University,3.79,Greater Noida Industrial Area,8.93,2.31,5.26,4.0,5,Yes,2026-07-06,MagicBricks,8.33,42.4,35.3,45.2,40.8
PROP_839,4BHK,Semi-Furnished 4BHK Apartment in Preet Vihar,Preet Vihar,Delhi,East Delhi,Family,4,4,10,12,7,97500,195000,0.0,4100.0,3053,Semi-Furnished,Yes,Yes,Yes,No,24 Hours,No,No,No,No,Yes,Yes,Yes,Yes,Preet Vihar Metro Station,1.06,Vivekananda College,4.67,Noida Sector 62 IT Park,4.33,4.96,2.68,4.4,72,Yes,2026-08-07,MagicBricks,31.94,48.1,45.7,52.3,47.7
PROP_840,2BHK,Semi-Furnished 2BHK Apartment in Vasant Kunj,Vasant Kunj,Delhi,South Delhi,Family,2,2,1,3,8,56000,113000,4000.0,2100.0,1298,Semi-Furnished,Yes,Yes,No,No,4 Hours,Yes,No,Yes,No,No,Yes,Yes,Yes,Chattarpur Metro Station,0.48,Jawaharlal Nehru University (JNU),4.87,Cyber City Gurugram,14.41,1.01,4.86,3.7,30,Yes,2026-07-22,MagicBricks,43.14,59.7,56.1,64.3,54.4
PROP_841,1BHK,Semi-Furnished 1BHK Apartment in Mukherjee Nagar,Mukherjee Nagar,Delhi,North Delhi,Working Bachelor,1,1,4,4,11,9000,18000,0.0,900.0,464,Semi-Furnished,No,Yes,No,No,12 Hours,No,No,No,Yes,No,Yes,Yes,No,GTB Nagar Metro Station,0.2,SGTB Khalsa College,4.56,Connaught Place,8.12,2.43,3.67,3.6,22,Yes,2026-08-08,MagicBricks,19.4,63.0,57.3,67.0,47.2
PROP_842,1RK,Semi-Furnished 1RK Apartment in DLF Phase 3,Dlf Phase 3,Gurugram,Gurugram,Family,1,1,9,15,14,14000,29000,800.0,701.0,401,Semi-Furnished,No,Yes,Yes,No,4 Hours,No,No,No,No,Yes,Yes,Yes,No,Phase 3 Metro Station,3.69,Dronacharya College of Engineering,9.52,DLF Cyber City,7.86,4.01,5.86,4.5,6,Yes,2026-07-20,Housing.com,34.91,44.5,40.0,49.5,42.0
PROP_843,3BHK,Fully Furnished 3BHK Apartment in Rohini,Rohini,Delhi,North Delhi,Family,3,2,0,3,4,31000,62000,0.0,3000.0,1509,Furnished,No,Yes,No,Yes,12 Hours,Yes,No,Yes,Yes,No,Yes,No,Yes,Rohini West Metro Station,0.53,Delhi Technological University (DTU),3.55,Netaji Subhash Place,12.02,4.7,5.0,4.8,0,Yes,2026-07-31,NoBroker,20.54,61.6,55.4,64.5,44.2
PROP_844,1BHK,Semi-Furnished 1BHK Apartment in Indirapuram,Indirapuram,Ghaziabad,Ghaziabad,Student,1,1,10,24,6,10500,21000,0.0,1000.0,708,Semi-Furnished,No,Yes,Yes,Yes,12 Hours,Yes,Yes,No,No,No,No,Yes,No,Vaishali Metro Station,1.8,ABES Engineering College,8.73,Noida Sector 62 IT Park,1.71,3.56,5.42,4.6,43,Yes,2026-08-05,99acres,14.83,49.5,49.6,56.8,40.0
PROP_845,3BHK,Semi-Furnished 3BHK Apartment in Saket,Saket,Delhi,South Delhi,Family,3,2,0,5,7,57500,115000,0.0,2800.0,1653,Semi-Furnished,Yes,Yes,Yes,No,12 Hours,Yes,Yes,Yes,Yes,No,Yes,Yes,No,Saket Metro Station,3.01,Gargi College,2.17,Saket District Centre,12.09,4.79,3.13,3.3,76,Yes,2026-07-04,NoBroker,34.79,50.9,44.2,52.4,45.2
PROP_846,3BHK,Fully Furnished 3BHK Apartment in Noida Sector 62,Noida Sector 62,Noida,Noida,Family,3,2,0,4,8,38000,76000,2600.0,2300.0,1649,Furnished,Yes,No,No,Yes,12 Hours,Yes,No,No,Yes,No,Yes,Yes,No,Noida Sector 62 Metro Station,3.35,JSS Academy of Technical Education,0.38,Noida Sector 62 IT Park,5.44,2.69,2.05,4.1,69,No,2026-07-13,Housing.com,23.04,58.4,39.9,48.6,48.9
PROP_847,1BHK,Fully Furnished 1BHK Apartment in Shakarpur,Shakarpur,Delhi,East Delhi,Student,1,1,17,24,3,6000,18000,1000.0,800.0,349,Furnished,No,Yes,Yes,Yes,4 Hours,Yes,No,No,No,Yes,Yes,Yes,Yes,Nirman Vihar Metro Station,3.26,Bhim Rao Ambedkar College,4.95,Noida Sector 62 IT Park,8.96,3.99,0.79,3.6,68,Yes,2026-07-26,Housing.com,17.19,49.2,43.2,53.0,47.2
PROP_848,2BHK,Fully Furnished 2BHK Apartment in Indirapuram,Indirapuram,Ghaziabad,Ghaziabad,Working Professional,2,2,4,8,12,18000,54000,1800.0,2700.0,1180,Furnished,Yes,Yes,Yes,Yes,4 Hours,Yes,No,No,No,No,Yes,Yes,No,Vaishali Metro Station,1.59,ABES Engineering College,3.82,Noida Sector 62 IT Park,6.17,0.77,0.84,3.3,53,Yes,2026-07-19,Housing.com,15.25,51.8,45.6,54.9,59.5
PROP_849,2BHK,Fully Furnished 2BHK Apartment in DLF Phase 3,Dlf Phase 3,Gurugram,Gurugram,Family,2,2,5,12,10,29000,29000,2400.0,1400.0,817,Furnished,Yes,Yes,Yes,Yes,24 Hours,Yes,No,No,Yes,Yes,No,Yes,Yes,Phase 3 Metro Station,3.96,Dronacharya College of Engineering,8.15,DLF Cyber City,6.69,4.59,3.68,3.3,51,No,2026-06-30,NoBroker,35.5,49.4,44.9,53.9,41.0
PROP_850,1RK,Fully Furnished 1RK Apartment in Mukherjee Nagar,Mukherjee Nagar,Delhi,North Delhi,Student,1,1,6,8,8,5000,5000,0.0,700.0,234,Furnished,No,Yes,Yes,No,12 Hours,Yes,Yes,No,Yes,No,No,No,Yes,GTB Nagar Metro Station,1.75,SGTB Khalsa College,9.81,Connaught Place,2.86,2.1,5.82,4.5,83,No,2026-07-22,99acres,21.37,51.7,47.9,56.7,40.2
