property_id,property_type,listing_title,locality,city,zone,renter_segment,bedrooms,bathrooms,floor,total_floors,property_age,monthly_rent,security_deposit,maintenance,electricity_estimate,area_sqft,furnishing_status,parking,balcony,lift,power_backup,water_supply,ac,wifi,food,laundry,gym,cctv,security,housekeeping,metro_station,metro_distance_km,nearest_college,college_distance_km,nearest_office_hub,office_distance_km,school_distance_km,hospital_distance_km,rating,review_count,available,listing_date,source
PROP_001,2BHK,Fully Furnished 2BHK Apartment in Noida Sector 62,noida sector 62,Noida,Noida,Family,2,2,1,20,0,17000,34000,0,,919,Furnished,yes,Yes,1,Y,24 Hours,yes,N,no,N,1,Y,Yes,No,Noida Sector 62 Metro Station,4.38,JSS Academy of Technical Education,3.97km,Noida Sector 62 IT Park,8.5km,4.18 km,3.83km,4.7,73,Yes,2026-08-11,NoBroker
PROP_002,1BHK,Fully Furnished 1BHK Apartment in Rajinder Nagar,RAJINDER NAGAR,Delhi,Central Delhi,Working Bachelor,1,1,2,3,12,"Rs. 22,000/month",44k,"₹1,700",1000,582,unfurnished,no,N,no,0,4 Hours,1,yes,N,0,0,yes,Yes,No,Rajendra Place Metro Station,0.77,Venkateshwara College,1.85km,Rajendra Place IT Hub,10.37,3.06 km,2.49km,4.2,59,Yes,2026-07-01,MagicBricks
PROP_003,1BHK,Fully Furnished 1BHK Apartment in Rohini,Rohini,Delhi,North Delhi,Student,1,1,3,12,1,14k,"Rs. 28,000/month",900,1100,574,Furnished,No,1,yes,1,4 Hours,yes,1,no,0,N,1,yes,Yes,Rohini West Metro Station,2.69km,Delhi Technological University (DTU),,Netaji Subhash Place,3.69km,0.54,,3.6,4,No,2026-07-12,NoBroker
PROP_004,2BHK,Fully Furnished 2BHK Apartment in Noida Sector 62,Noida Sec 62,Noida,Noida,Family,2,2,7,24,2,"Rs. 22,500/month","₹45,000",1700,1600,955,fully-furnished,Yes,Yes,no,1,12 Hours,yes,No,No,N,0,1,Y,Yes,Noida Sector 62 Metro Station,2.65km,JSS Academy of Technical Education,5.56km,Noida Sector 62 IT Park,11.35 km,0.47 km,3.63km,4.1,67,Yes,2026-08-02,MagicBricks
PROP_005,3BHK,Fully Furnished 3BHK Apartment in Laxmi Nagar,Laxmi Nagar,Delhi,East Delhi,Family,3,2,8,8,8,"₹21,000","Rs. 63,000/month",,2000,1409,unfurnished,Y,no,yes,Y,4 Hours,Yes,N,No,no,N,Yes,no,yes,Laxmi Nagar Metro Station,3.26 km,Shyam Lal College,,Noida Sector 62 IT Park,9.7,1.47,3.08 km,4.7,6,1,2026-07-27,MagicBricks
PROP_006,1BHK,Fully Furnished 1BHK Apartment in Rohini,rohini,Delhi,North Delhi,Student,1,1,19,20,4,"₹14,000",28000,"₹1,100",1000,569,Furnished,no,no,Yes,Y,12 Hours,yes,Yes,No,no,1,yes,yes,N,Rohini West Metro Station,3.9km,Delhi Technological University (DTU),9.68km,Netaji Subhash Place,4.55 km,3.28 km,2.58km,4.9,68,Yes,2026-08-06,99acres
PROP_007,2BHK,Fully Furnished 2BHK Apartment in Pari Chowk,Pari Chowk,Greater Noida,Greater Noida,Family,2,2,8,12,9,"₹13,500",40k,,1600,982,Unfurnished,N,Y,yes,1,4 Hours,yes,N,No,no,N,1,1,no,Pari Chowk Metro Station,3.0km,Galgotias University,3.05 km,Greater Noida Industrial Area,10.13 km,3.17km,,4.8,30,yes,2026-08-01,NoBroker
PROP_008,3BHK,Fully Furnished 3BHK Apartment in Saket,SAKET,Delhi,South Delhi,Working Professional,3,2,21,24,10,65500,131k,,2900,1617,unfurnished,0,1,1,0,12 Hours,Y,N,0,N,N,Y,Yes,yes,Saket Metro Station,1.79,Gargi College,1.78km,Saket District Centre,3.6km,2.19 km,2.19 km,4.0,7,1,2026-07-20,MagicBricks
PROP_009,3BHK,Fully Furnished 3BHK Apartment in Shakarpur,Shakarpur,Delhi,East Delhi,Family,3,2,0,3,13,"Rs. 23,000/month","Rs. 69,000/month","₹4,000",2400,1225,fully-furnished,1,Y,0,1,12 Hours,Y,0,0,No,0,Yes,N,Yes,Nirman Vihar Metro Station,,Bhim Rao Ambedkar College,6.62,Noida Sector 62 IT Park,,,1.44km,3.2,19,1,2026-07-02,MagicBricks
PROP_009,3BHK,Fully Furnished 3BHK Apartment in Golf Course Road,Golf Course Road,Gurugram,Gurugram,Family,3,2,4,4,1,155k,310k,4k,4000,1978,Unfurnished,1,Yes,N,1,12 Hours,Yes,Y,0,0,no,N,1,N,Sector 42-43 Metro Station,1.52km,GD Goenka University,2.68 km,Golf Course Road Offices,14.05km,1.54 km,2.87km,4.5,72,1,2026-07-23,MagicBricks
PROP_011,1RK,Semi-Furnished 1RK Apartment in Malviya Nagar,Malviya Nagar,Delhi,South Delhi,Family,1,1,11,15,14,10k,"Rs. 20,000/month",₹700,500,279,Semi-Furnished,N,yes,yes,1,12 Hours,N,no,N,Yes,no,Yes,yes,0,Malviya Nagar Metro Station,0.55 km,College of Vocational Studies,0.42km,Okhla Industrial Area,4.62 km,2.5km,2.24,4.8,32,0,2026-08-06,MagicBricks
PROP_012,2BHK,Fully Furnished 2BHK Apartment in Saket,Saket,Delhi,South Delhi,Family,2,2,1,4,0,"₹42,500","Rs. 85,000/month",0,1600,963,fully-furnished,1,yes,N,0,24 Hours,yes,no,no,N,no,yes,N,0,Saket Metro Station,3.13km,Gargi College,7.09 km,Saket District Centre,14.17km,2.6,3.11,3.3,5,N,2026-07-06,99acres
PROP_013,2BHK,Fully Furnished 2BHK Apartment in Kamla Nagar,Kamla Nagar,Delhi,North Delhi,Working Bachelor,2,2,3,3,2,17000,"₹34,000",,1800,733,fully-furnished,Y,1,No,0,12 Hours,Yes,Y,0,No,no,yes,0,0,Vishwa Vidyalaya Metro Station,630m,Kirori Mal College,9.74 km,Connaught Place,9.33km,1.35 km,,4.1,70,yes,2026-08-06,Housing.com
PROP_014,2BHK,Fully Furnished 2BHK Apartment in Knowledge Park,Knowledge Park,Greater Noida,Greater Noida,Working Bachelor,2,2,4,24,14,"Rs. 15,500/month",31000,,2900,1184,Furnished,Y,1,Y,no,4 Hours,1,1,1,0,yes,Yes,Y,0,Knowledge Park II Metro Station,0.54,Sharda University,,Greater Noida Industrial Area,,0.89,5.26km,4.8,9,Y,2026-07-23,Housing.com
PROP_015,3BHK,Fully Furnished 3BHK Apartment in Saket,Saket,Delhi,South Delhi,Family,3,2,2,3,11,"₹58,500",117k,,2300,1622,fully-furnished,yes,1,no,Yes,4 Hours,1,no,no,N,0,Yes,0,no,Saket Metro Station,420m,Gargi College,,Saket District Centre,14.82km,1.64,5.78,4.4,58,yes,2026-07-20,Housing.com
PROP_016,3BHK,Fully Furnished 3BHK Apartment in Gurugram Sector 45,GURUGRAM SECTOR 45,Gurugram,Gurugram,Family,3,2,5,5,3,"₹54,500",109k,"Rs. 5,100/month",3600,1720,Unfurnished,No,1,Y,No,12 Hours,Y,no,N,N,no,1,N,N,HUDA City Centre Metro Station,3.64 km,Ansal University,4.84 km,Golf Course Road Offices,1.59km,3.82 km,,4.3,50,N,2026-08-08,Housing.com
PROP_017,2BHK,Fully Furnished 2BHK Apartment in Vaishali,Vaishali,Ghaziabad,Ghaziabad,Family,2,2,3,5,14,"₹19,500","₹58,500",2600,1600,1074,Furnished,1,yes,Yes,0,12 Hours,Yes,no,no,No,N,Y,Y,Yes,Vaishali Metro Station,4.28 km,Inderprastha Dental College,8.29 km,Noida Sector 62 IT Park,,1.22 km,3.95 km,4.9,6,yes,2026-08-05,NoBroker
PROP_018,3BHK,Semi-Furnished 3BHK Apartment in Mukherjee Nagar,Mukherjee Nagar,Delhi,North Delhi,Family,3,2,3,4,14,22000,22000,0,2200,1242,Semi-Furnished,No,yes,No,N,12 Hours,No,1,0,0,0,Yes,yes,Y,GTB Nagar Metro Station,2.85km,SGTB Khalsa College,5.98km,Connaught Place,,2.03km,3.71 km,3.7,64,Yes,2026-06-30,MagicBricks
PROP_019,1RK,Semi-Furnished 1RK Apartment in Gurugram Sector 56,Gurugram Sec 56,Gurugram,Gurugram,Family,1,1,3,15,13,10k,"₹21,000",1k,,403,Semi-Furnished,0,No,N,yes,24 Hours,no,N,N,Y,0,No,Y,Y,Sector 56 Metro Station,3.19 km,IILM University,3.3 km,Golf Course Road Offices,,230m,5.26km,4.2,51,Yes,2026-08-08,NoBroker
PROP_020,1RK,Fully Furnished 1RK Apartment in Patel Nagar,Patel Nagar,Delhi,West Delhi,Student,1,1,0,3,6,"₹8,000","₹16,000",Rs. 600/month,700,302,Unfurnished,no,N,N,Yes,12 Hours,1,1,no,N,No,Yes,1,N,Patel Nagar Metro Station,2.63km,Kalindi College,5.86km,Rajendra Place IT Hub,,2.2,0.96km,3.2,41,1,2026-06-30,99acres
PROP_021,1RK,Fully Furnished 1RK Apartment in Vaishali,Vaishali,Ghaziabad,Ghaziabad,Student,1,1,5,5,15,"Rs. 5,500/month",11000,,,297,fully-furnished,0,Y,Y,Yes,12 Hours,1,N,N,N,0,Yes,Y,Yes,Vaishali Metro Station,2.81 km,Inderprastha Dental College,5.22 km,Noida Sector 62 IT Park,7.21,2.86km,4.81,4.7,57,no,2026-07-24,Housing.com
PROP_022,1BHK,Fully Furnished 1BHK Apartment in Mayur Vihar,Mayur Vihar,Delhi,East Delhi,Working Bachelor,1,1,11,12,4,18000,"Rs. 36,000/month","₹1,400",1100,549,Unfurnished,no,N,0,Yes,12 Hours,1,N,No,0,No,yes,N,0,Mayur Vihar 1 Metro Station,0.94km,Shaheed Sukhdev College of Business Studies,,Noida Sector 62 IT Park,2.75km,1.62km,4.79km,4.1,69,Yes,2026-07-02,99acres
PROP_023,1BHK,Fully Furnished 1BHK Apartment in Rajinder Nagar,Rajinder Nagar,Delhi,Central Delhi,Family,1,1,24,24,9,19000,38k,0,1400,541,fully-furnished,0,no,yes,No,4 Hours,1,No,No,no,yes,No,no,N,Rajendra Place Metro Station,4.19km,Venkateshwara College,,Rajendra Place IT Hub,,2.0,2.5km,3.3,28,Yes,2026-06-29,99acres
PROP_024,3BHK,Fully Furnished 3BHK Apartment in Green Park,Green Park,Delhi,South Delhi,Working Professional,3,2,3,4,0,84000,168000,,3000,1678,fully-furnished,no,Y,0,Y,24 Hours,1,Yes,N,Yes,0,No,Y,Yes,Green Park Metro Station,1.67 km,NIFT Delhi,960m,Bhikaji Cama Place,4.0 km,3.35 km,890m,4.2,42,Y,2026-07-10,99acres
PROP_025,1BHK,Semi-Furnished 1BHK Apartment in Vaishali,Vaishali,Ghaziabad,Ghaziabad,Family,1,1,13,15,12,10500,"Rs. 21,000/month","₹1,800",1000,647,Semi-Furnished,0,yes,1,Y,24 Hours,No,yes,N,Y,N,1,1,No,Vaishali Metro Station,3.3km,Inderprastha Dental College,9.14km,Noida Sector 62 IT Park,9.42,2.29km,3.94km,4.5,7,1,2026-07-21,NoBroker
PROP_026,1BHK,Fully Furnished 1BHK Apartment in Mayur Vihar,Mayur Vihar,Delhi,East Delhi,Family,1,1,11,12,14,16k,32k,1k,1200,640,fully-furnished,N,1,yes,0,24 Hours,1,N,No,N,no,no,no,yes,Mayur Vihar 1 Metro Station,3.59 km,Shaheed Sukhdev College of Business Studies,2.6km,Noida Sector 62 IT Park,,1.93km,3.56km,4.0,70,Yes,2026-08-09,99acres
PROP_027,3BHK,Fully Furnished 3BHK Apartment in Rohini,Rohini,Delhi,North Delhi,Family,3,2,1,12,8,"₹20,000",40k,"Rs. 3,700/month",,1109 sq.ft.,fully-furnished,Y,Y,Yes,yes,4 Hours,yes,Y,No,No,Y,0,Yes,N,Rohini West Metro Station,,Delhi Technological University (DTU),3.23km,Netaji Subhash Place,4.05km,4.08 km,,4.0,7,1,2026-07-14,Housing.com
PROP_028,3BHK,Fully Furnished 3BHK Apartment in Laxmi Nagar,Laxmi Nagar,Delhi,East Delhi,Family,3,2,2,8,15,"₹25,500",51k,0,2500,1160,fully-furnished,0,Y,Yes,0,24 Hours,yes,No,1,0,N,Yes,Y,0,Laxmi Nagar Metro Station,,Shyam Lal College,4.19km,Noida Sector 62 IT Park,,,3.45,3.3,64,Y,2026-07-05,MagicBricks
PROP_029,2BHK,Fully Furnished 2BHK Apartment in Green Park,Green Park,Delhi,South Delhi,Working Professional,2,2,15,15,9,63000,126k,,2600,1163,unfurnished,Yes,Yes,N,No,4 Hours,1,yes,0,1,yes,Yes,1,no,Green Park Metro Station,1.92,NIFT Delhi,2.28,Bhikaji Cama Place,7.78km,3.14 km,2.99,4.6,7,yes,2026-07-09,99acres
PROP_030,2BHK,Semi-Furnished 2BHK Apartment in Laxmi Nagar,Laxmi Nagar,Delhi,East Delhi,Family,2,2,4,12,3,13000,26k,,1600,793,semi-furnished,1,0,yes,Y,4 Hours,1,0,N,N,yes,yes,Yes,Y,Laxmi Nagar Metro Station,3.26km,Shyam Lal College,1.28 km,Noida Sector 62 IT Park,11.68km,0.22,,4.8,52,1,2026-07-14,NoBroker
PROP_031,2BHK,Semi-Furnished 2BHK Apartment in Vaishali,Vaishali,Ghaziabad,Ghaziabad,Family,2,2,9,15,14,"Rs. 25,500/month","₹51,000",3k,1600,1185,Semi-Furnished,0,no,1,Yes,12 Hours,1,no,Y,no,1,N,Yes,yes,Vaishali Metro Station,2.2km,Inderprastha Dental College,,Noida Sector 62 IT Park,0.6 km,2.04 km,,3.7,42,Yes,2026-07-28,99acres
PROP_032,4BHK,Semi-Furnished 4BHK Apartment in Rohini,Rohini,Delhi,North Delhi,Family,4,4,1,8,14,"₹37,500",75000,0,,1889,semi-furnished,Y,Yes,yes,yes,24 Hours,1,yes,0,1,No,1,Yes,N,Rohini West Metro Station,3.28,Delhi Technological University (DTU),4.14,Netaji Subhash Place,12.34km,3.78km,3.6km,3.3,44,Yes,2026-08-09,Housing.com
PROP_033,4BHK,Fully Furnished 4BHK Apartment in Preet Vihar,preet vihar,Delhi,East Delhi,Family,4,4,21,24,13,79k,"Rs. 158,000/month",0,5800,2537,fully-furnished,yes,Y,yes,No,24 Hours,1,No,No,Yes,No,Yes,yes,No,Preet Vihar Metro Station,720m,Vivekananda College,,Noida Sector 62 IT Park,3.9km,4.6km,3.58km,4.2,41,yes,2026-07-02,NoBroker
PROP_034,3BHK,Semi-Furnished 3BHK Apartment in Laxmi Nagar,Laxmi Nagar,Delhi,East Delhi,Family,3,2,13,20,4,22k,44k,0,1500,1187,Semi-Furnished,Y,Yes,Y,yes,24 Hours,Yes,no,no,N,Yes,yes,No,0,Laxmi Nagar Metro Station,4.12km,Shyam Lal College,,Noida Sector 62 IT Park,10.7km,,1.66km,3.7,36,Y,2026-07-25,99acres
PROP_035,1BHK,Fully Furnished 1BHK Apartment in Pari Chowk,Pari Chowk,Greater Noida,Greater Noida,Student,1,1,23,24,15,"Rs. 7,500/month","Rs. 15,000/month",1k,1100,578,fully-furnished,N,1,Yes,Yes,4 Hours,Yes,0,yes,yes,1,1,Yes,1,Pari Chowk Metro Station,150m,Galgotias University,5.44km,Greater Noida Industrial Area,4.48,,0.4km,4.6,55,yes,2026-08-07,MagicBricks
PROP_036,1BHK,Fully Furnished 1BHK Apartment in Model Town,model town,Delhi,North Delhi,Family,1,1,3,15,1,21000,"Rs. 42,000/month",1k,1300,591,Furnished,0,Yes,Y,No,24 Hours,Y,yes,0,N,yes,1,Y,no,Model Town Metro Station,3.58 km,Miranda House,6.99km,Connaught Place,1.64 km,3.78 km,2.27km,3.4,29,Y,2026-07-06,Housing.com
PROP_037,2BHK,Fully Furnished 2BHK Apartment in Indirapuram,Indirapuram,Ghaziabad,Ghaziabad,Family,2,2,1,4,13,"₹16,000",48k,,,1033,Furnished,1,Yes,N,Y,12 Hours,Yes,1,no,no,0,Y,1,yes,Vaishali Metro Station,2.01,ABES Engineering College,4.38km,Noida Sector 62 IT Park,7.52km,570m,1.73km,3.6,80,yes,2026-07-15,MagicBricks
PROP_038,2BHK,Fully Furnished 2BHK Apartment in Shakarpur,SHAKARPUR,Delhi,East Delhi,Family,2,2,8,8,5,"Rs. 11,500/month","Rs. 23,000/month",2100,1300,691,fully-furnished,No,0,yes,Y,4 Hours,Yes,0,no,no,N,0,No,0,Nirman Vihar Metro Station,2.66,Bhim Rao Ambedkar College,5.48 km,Noida Sector 62 IT Park,13.89km,4.37km,2.68km,3.3,46,Yes,2026-08-07,NoBroker
PROP_039,2BHK,Fully Furnished 2BHK Apartment in Mayur Vihar,Mayur Vihar,Delhi,East Delhi,Family,2,2,2,5,9,"Rs. 26,000/month",52000,,1500,991,Furnished,yes,Y,1,0,12 Hours,Yes,Yes,Y,no,no,yes,1,no,Mayur Vihar 1 Metro Station,3.61km,Shaheed Sukhdev College of Business Studies,6.41 km,Noida Sector 62 IT Park,3.2km,3.36km,2.55km,4.5,25,1,2026-07-20,MagicBricks
PROP_040,2BHK,Semi-Furnished 2BHK Apartment in Preet Vihar,Preet Vihar,Delhi,East Delhi,Family,2,2,4,8,3,"₹31,000","Rs. 93,000/month","Rs. 2,700/month",1500,972,Semi-Furnished,yes,1,1,1,4 Hours,no,0,no,0,No,No,yes,0,Preet Vihar Metro Station,1.9,Vivekananda College,5.07,Noida Sector 62 IT Park,,2.33km,1.25 km,4.2,28,Y,2026-07-30,99acres
PROP_041,1BHK,Semi-Furnished 1BHK Apartment in Vaishali,Vaishali,Ghaziabad,Ghaziabad,Family,1,1,1,4,6,10k,21000,0,1200,680,Semi-Furnished,N,0,no,no,24 Hours,N,no,N,N,No,1,N,no,Vaishali Metro Station,3.19,Inderprastha Dental College,1.59km,Noida Sector 62 IT Park,2.62,1.75 km,1.71km,4.6,50,Y,2026-07-04,Housing.com
PROP_042,2BHK,Fully Furnished 2BHK Apartment in Noida Sector 137,Noida Sec 137,Noida,Noida,Family,2,2,4,5,15,"₹18,000",36000,,2000,991,fully-furnished,No,1,yes,Yes,12 Hours,yes,no,N,Y,No,N,yes,Y,Noida Sector 137 Metro Station,3.29km,Amity University Noida,,Noida Expressway Offices,6.72,,0.84km,3.6,9,yes,2026-07-11,Housing.com
PROP_043,2BHK,Fully Furnished 2BHK Apartment in Rohini,Rohini,Delhi,North Delhi,Family,2,2,3,5,14,15k,30000,0,1500,696,unfurnished,No,no,1,1,12 Hours,yes,Yes,N,No,N,yes,N,no,Rohini West Metro Station,2.28 km,Delhi Technological University (DTU),,Netaji Subhash Place,7.74km,3.05km,3.31km,4.9,46,no,2026-07-20,Housing.com
PROP_044,2BHK,Fully Furnished 2BHK Apartment in Kamla Nagar,Kamla Nagar,Delhi,North Delhi,Family,2,2,18,20,2,"Rs. 15,500/month",31000,"₹2,100",1400,682,Furnished,1,yes,Yes,No,12 Hours,Yes,yes,yes,no,N,Y,yes,N,Vishwa Vidyalaya Metro Station,3.32 km,Kirori Mal College,1.45 km,Connaught Place,13.55 km,,2.75,4.1,33,Yes,2026-07-13,Housing.com
PROP_045,3BHK,Fully Furnished 3BHK Apartment in Karol Bagh,Karol Bagh,Delhi,Central Delhi,Family,3,2,8,15,2,47500,"Rs. 95,000/month","₹2,500",,1301,Unfurnished,Yes,Yes,Yes,No,12 Hours,Y,N,0,yes,Y,no,1,no,Karol Bagh Metro Station,3.32,Sri Guru Nanak Dev Khalsa College,,Connaught Place,12.04 km,0.92,5.61,3.2,69,Yes,2026-07-23,MagicBricks
PROP_046,1RK,Semi-Furnished 1RK Apartment in Malviya Nagar,Malviya Nagar,Delhi,South Delhi,Family,1,1,4,8,8,"Rs. 7,500/month",7500,0k,600,255,semi-furnished,0,Y,Y,yes,24 Hours,No,yes,N,N,no,1,Yes,Y,Malviya Nagar Metro Station,3.74km,College of Vocational Studies,7.06 km,Okhla Industrial Area,,4.21,,3.4,31,0,2026-07-12,MagicBricks
PROP_047,2BHK,Fully Furnished 2BHK Apartment in Vaishali,Vaishali,Ghaziabad,Ghaziabad,Working Bachelor,2,2,1,4,14,"₹21,000","Rs. 42,000/month",0,,1185,unfurnished,No,N,No,1,24 Hours,yes,0,0,0,0,yes,N,yes,Vaishali Metro Station,0.25km,Inderprastha Dental College,6.31km,Noida Sector 62 IT Park,4.06,1.62km,2.65km,4.1,7,1,2026-08-05,Housing.com
PROP_048,3BHK,Semi-Furnished 3BHK Apartment in Rajinder Nagar,rajinder nagar,Delhi,Central Delhi,Family,3,2,0,5,7,"Rs. 43,000/month",86000,0,2800,1231,semi-furnished,N,Yes,yes,1,12 Hours,no,Y,N,No,N,no,yes,0,Rajendra Place Metro Station,2.49,Venkateshwara College,2.0,Rajendra Place IT Hub,1.05,0.47,3.73 km,3.2,61,yes,2026-08-05,99acres
PROP_049,4BHK,Fully Furnished 4BHK Apartment in Laxmi Nagar,Laxmi Nagar,Delhi,East Delhi,Family,4,4,7,15,5,34500,103k,"₹3,500",4400,1908,Unfurnished,Y,Yes,1,No,24 Hours,Y,no,No,no,Yes,Y,Yes,N,Laxmi Nagar Metro Station,2.07km,Shyam Lal College,2.87 km,Noida Sector 62 IT Park,4.12 km,0.53,,3.4,0,1,2026-07-18,NoBroker
PROP_050,1BHK,Super Premium 1RK (Outlier),Karol Bagh,Delhi,Central Delhi,Student,1,1,3,3,5,"₹1,50,000","₹26,000",0,1000,355,Furnished,0,Yes,N,yes,12 Hours,Y,N,No,0,no,Yes,Y,0,Karol Bagh Metro Station,980m,Sri Guru Nanak Dev Khalsa College,0.55 km,Connaught Place,,1.6km,,4.6,39,1,2026-07-13,99acres
PROP_051,2BHK,Fully Furnished 2BHK Apartment in Preet Vihar,Preet Vihar,Delhi,East Delhi,Family,2,2,18,24,7,"₹39,000","Rs. 78,000/month",0,2200,1217,Furnished,Yes,Yes,yes,1,24 Hours,yes,no,1,1,yes,N,Yes,1,Preet Vihar Metro Station,2.53km,Vivekananda College,8.61,Noida Sector 62 IT Park,8.04 km,4.6km,0.37 km,4.4,75,1,2026-08-06,Housing.com
PROP_052,2BHK,Semi-Furnished 2BHK Apartment in Mayur Vihar,mayur vihar,Delhi,East Delhi,Working Bachelor,2,2,0,15,10,"₹22,000",44k,2k,1500,992,Semi-Furnished,N,1,Yes,no,24 Hours,1,N,0,No,yes,0,N,no,Mayur Vihar 1 Metro Station,0.39km,Shaheed Sukhdev College of Business Studies,7.18km,Noida Sector 62 IT Park,6.35,3.95km,3.29,4.2,22,yes,2026-08-10,NoBroker
PROP_053,2BHK,Fully Furnished 2BHK Apartment in Janakpuri,Janakpuri,Delhi,West Delhi,Family,2,2,3,8,6,26500,53000,,1700,1019,fully-furnished,1,Yes,yes,No,24 Hours,Y,N,N,0,N,yes,1,No,Janakpuri West Metro Station,2.35 km,Bhaskaracharya College,6.72,Janakpuri District Centre,12.73,2.0km,3.99km,4.2,38,1,2026-08-09,99acres
PROP_054,3BHK,Fully Furnished 3BHK Apartment in Noida Sector 62,Noida Sec 62,Noida,Noida,Family,3,2,8,8,15,"Rs. 36,500/month",73000,2900,3300,1587 sq.ft.,unfurnished,N,yes,yes,1,24 Hours,Y,no,N,no,N,Y,Y,N,Noida Sector 62 Metro Station,2.14,JSS Academy of Technical Education,,Noida Sector 62 IT Park,1.28 km,,3.61,4.3,60,No,2026-07-01,Housing.com
PROP_054,1RK,Fully Furnished 1RK Apartment in Shakarpur,Shakarpur,Delhi,East Delhi,Student,1,1,4,5,13,5k,10000,,700,228,fully-furnished,0,1,Yes,Y,24 Hours,Y,no,Yes,no,no,N,Yes,N,Nirman Vihar Metro Station,,Bhim Rao Ambedkar College,8.29km,Noida Sector 62 IT Park,4.82km,1.6 km,4.45 km,4.2,43,yes,2026-07-23,Housing.com
PROP_056,2BHK,Fully Furnished 2BHK Apartment in Greater Kailash,Greater Kailash,Delhi,South Delhi,Family,2,2,7,12,4,"Rs. 59,500/month",59k,2500,1700,1073,Furnished,Yes,Yes,Y,no,12 Hours,Yes,No,No,no,no,1,Yes,no,Kailash Colony Metro Station,,Lady Shri Ram College (LSR),4.96 km,Nehru Place IT Hub,3.9,0.26km,,3.4,73,yes,2026-08-08,MagicBricks
PROP_057,1RK,Semi-Furnished 1RK Apartment in Knowledge Park,Knowledge Park,Greater Noida,Greater Noida,Student,1,1,2,4,10,"Rs. 5,000/month","Rs. 10,000/month",Rs. 800/month,700,305,Semi-Furnished,1,1,N,0,12 Hours,no,Yes,no,1,0,1,No,no,Knowledge Park II Metro Station,2.23 km,Sharda University,5.03,Greater Noida Industrial Area,13.37 km,2.32km,660m,4.3,1,yes,2026-07-02,99acres
PROP_058,2BHK,Fully Furnished 2BHK Apartment in Karol Bagh,karol bagh,Delhi,Central Delhi,Family,2,2,3,4,14,26k,52000,1k,1700,709,Furnished,0,1,0,1,4 Hours,Yes,1,Yes,N,no,0,N,no,Karol Bagh Metro Station,3.81,Sri Guru Nanak Dev Khalsa College,3.52km,Connaught Place,11.63 km,,4.38 km,3.8,57,yes,2026-08-13,99acres
PROP_059,2BHK,Fully Furnished 2BHK Apartment in Vaishali,Vaishali,Ghaziabad,Ghaziabad,Family,2,2,3,5,0,"Rs. 17,500/month",35k,2600,1700,866 sq.ft.,Unfurnished,Yes,1,1,no,4 Hours,yes,no,Y,0,0,no,Y,0,Vaishali Metro Station,3.64km,Inderprastha Dental College,1.64 km,Noida Sector 62 IT Park,9.24km,4.45km,3.22km,4.6,70,no,2026-08-01,NoBroker
PROP_060,3BHK,Fully Furnished 3BHK Apartment in Vaishali,Vaishali,Ghaziabad,Ghaziabad,Family,3,2,2,5,8,28k,28000,4500,2500,1598,Furnished,Yes,Y,Yes,1,24 Hours,yes,0,N,No,0,Y,No,Y,Vaishali Metro Station,,Inderprastha Dental College,8.73 km,Noida Sector 62 IT Park,12.98,,1.59,4.3,82,yes,2026-08-01,99acres
PROP_061,1BHK,Fully Furnished 1BHK Apartment in Model Town,MODEL TOWN,Delhi,North Delhi,Family,1,1,2,4,7,"Rs. 21,000/month",42k,"Rs. 1,300/month",1000,453,unfurnished,No,no,0,1,24 Hours,Y,yes,N,no,0,No,Y,no,Model Town Metro Station,,Miranda House,6.92km,Connaught Place,5.15km,4.6km,5.69km,3.9,69,Yes,2026-07-11,99acres
PROP_062,2BHK,Semi-Furnished 2BHK Apartment in Vaishali,vaishali,Ghaziabad,Ghaziabad,Working Bachelor,2,2,0,5,14,"₹23,500",47000,0,,1095,semi-furnished,No,Yes,Y,yes,12 Hours,0,0,0,No,No,No,No,No,Vaishali Metro Station,1.38,Inderprastha Dental College,6.95km,Noida Sector 62 IT Park,9.3,1.55km,,3.8,84,yes,2026-07-10,NoBroker
PROP_063,1BHK,Fully Furnished 1BHK Apartment in Mukherjee Nagar,Mukherjee Nagar,Delhi,North Delhi,Student,1,1,20,20,4,"₹8,500","₹17,000",0,900,429,fully-furnished,yes,Y,yes,No,4 Hours,1,No,No,no,0,N,yes,Yes,GTB Nagar Metro Station,,SGTB Khalsa College,3.38,Connaught Place,7.03km,3.16km,2.04km,4.2,72,Y,2026-07-17,NoBroker
PROP_064,3BHK,Fully Furnished 3BHK Apartment in Vaishali,VAISHALI,Ghaziabad,Ghaziabad,Family,3,2,3,3,6,36000,"₹72,000","₹3,100",,1908,Unfurnished,N,1,no,yes,4 Hours,Y,Yes,No,no,no,yes,yes,0,Vaishali Metro Station,4.23km,Inderprastha Dental College,690m,Noida Sector 62 IT Park,11.54km,1.31,,3.6,85,Y,2026-07-20,Housing.com
PROP_065,3BHK,Semi-Furnished 3BHK Apartment in Janakpuri,Janakpuri,Delhi,West Delhi,Family,3,2,3,5,5,41k,82000,,,1811,Semi-Furnished,Y,yes,Yes,0,12 Hours,0,0,no,0,No,yes,yes,Yes,Janakpuri West Metro Station,4.02,Bhaskaracharya College,1.72km,Janakpuri District Centre,2.91km,4.63km,3.24 km,3.9,72,Y,2026-08-08,NoBroker
PROP_066,1RK,Fully Furnished 1RK Apartment in Mayur Vihar,mayur vihar,Delhi,East Delhi,Student,1,1,0,3,2,"₹12,000","Rs. 24,000/month",Rs. 500/month,800,354,Unfurnished,no,No,0,Y,24 Hours,1,1,0,No,0,1,No,1,Mayur Vihar 1 Metro Station,1.23km,Shaheed Sukhdev College of Business Studies,350m,Noida Sector 62 IT Park,11.28 km,230m,3.28km,4.1,48,Y,2026-07-18,99acres
PROP_067,2BHK,Fully Furnished 2BHK Apartment in Knowledge Park,Knowledge Park,Greater Noida,Greater Noida,Family,2,2,1,4,12,"Rs. 16,000/month","Rs. 32,000/month",0,2700,1154,Unfurnished,No,Yes,No,0,4 Hours,1,Y,No,0,0,Y,No,no,Knowledge Park II Metro Station,2.92km,Sharda University,4.56 km,Greater Noida Industrial Area,,3.35,4.88km,3.7,4,yes,2026-07-05,NoBroker
PROP_068,1BHK,Fully Furnished 1BHK Apartment in Greater Kailash,Greater Kailash,Delhi,South Delhi,Family,1,1,3,5,3,"₹54,000",162000,2k,,897,unfurnished,N,Yes,Y,N,4 Hours,1,0,N,0,0,No,Y,yes,Kailash Colony Metro Station,3.08km,Lady Shri Ram College (LSR),2.53km,Nehru Place IT Hub,5.08km,4.79 km,3.24 km,3.2,33,Yes,2026-07-19,99acres
PROP_069,3BHK,Fully Furnished 3BHK Apartment in Dwarka,Dwarka,Delhi,Dwarka,Working Professional,3,2,11,24,10,"₹38,000",76k,,3800,1653,Unfurnished,Y,Y,yes,1,12 Hours,Yes,0,no,No,0,Yes,yes,No,Dwarka Sector 10 Metro Station,1.53 km,Netaji Subhas University of Technology (NSUT),,Gurugram Sector 21 IT Park,4.27 km,2.83km,,4.0,78,yes,2026-07-13,Housing.com
PROP_070,2BHK,Fully Furnished 2BHK Apartment in Golf Course Road,Golf Course Road,Gurugram,Gurugram,Family,2,2,15,15,9,81000,"₹243,000",,2200,1130,fully-furnished,Yes,yes,Y,Yes,12 Hours,Y,Y,N,0,yes,yes,N,0,Sector 42-43 Metro Station,3.51km,GD Goenka University,4.64km,Golf Course Road Offices,1.64km,3.15,2.94 km,4.8,21,Y,2026-07-18,Housing.com
PROP_071,1BHK,Fully Furnished 1BHK Apartment in Mukherjee Nagar,mukherjee nagar,Delhi,North Delhi,Student,1,1,17,24,1,10000,"₹10,000",0k,700,370,Unfurnished,1,Yes,yes,1,12 Hours,yes,Y,no,yes,Y,N,0,N,GTB Nagar Metro Station,,SGTB Khalsa College,1.61km,Connaught Place,,2.79km,3.67km,4.0,81,0,2026-07-11,99acres
PROP_072,1RK,Fully Furnished 1RK Apartment in Knowledge Park,Knowledge Park,Greater Noida,Greater Noida,Student,1,1,12,20,7,5k,10000,600,1000,369,fully-furnished,1,no,1,N,12 Hours,Y,Yes,N,1,N,0,Yes,Yes,Knowledge Park II Metro Station,0.92 km,Sharda University,1.29 km,Greater Noida Industrial Area,4.4 km,3.63,4.44 km,3.6,19,yes,2026-07-23,Housing.com
PROP_073,1BHK,Fully Furnished 1BHK Apartment in Knowledge Park,Knowledge Park,Greater Noida,Greater Noida,Student,1,1,7,8,12,8k,16k,0,1200,708,Furnished,N,no,Yes,No,12 Hours,1,no,No,no,No,1,yes,No,Knowledge Park II Metro Station,1.84 km,Sharda University,2.66 km,Greater Noida Industrial Area,14.55km,2.99km,4.24,4.4,19,Yes,2026-07-29,NoBroker
PROP_074,2BHK,Fully Furnished 2BHK Apartment in Pari Chowk,PARI CHOWK,Greater Noida,Greater Noida,Family,2,2,2,8,11,"₹12,500","₹25,000",2100,2200,1050,Furnished,1,yes,yes,Y,4 Hours,Y,1,No,N,no,Yes,1,1,Pari Chowk Metro Station,3.47 km,Galgotias University,1.8km,Greater Noida Industrial Area,,2.17 km,2.14,3.4,84,yes,2026-08-02,MagicBricks
PROP_075,2BHK,Semi-Furnished 2BHK Apartment in Kamla Nagar,Kamla Nagar,Delhi,North Delhi,Family,2,2,8,12,1,19500,"Rs. 39,000/month",0,1000,744,semi-furnished,N,yes,No,yes,4 Hours,yes,no,no,0,N,0,no,0,Vishwa Vidyalaya Metro Station,2.32,Kirori Mal College,6.68,Connaught Place,8.24km,3.08,5.62km,4.7,70,N,2026-07-21,Housing.com
PROP_076,1BHK,Fully Furnished 1BHK Apartment in Gurugram Sector 45,Gurugram Sec 45,Gurugram,Gurugram,Working Bachelor,1,1,0,5,1,"Rs. 18,500/month","₹37,000",0,1400,675,Unfurnished,no,Y,yes,Y,24 Hours,1,no,N,no,0,No,Y,1,HUDA City Centre Metro Station,0.45km,Ansal University,0.84km,Golf Course Road Offices,11.68,1.87km,,3.9,15,no,2026-07-03,MagicBricks
PROP_077,1BHK,Fully Furnished 1BHK Apartment in Saket,SAKET,Delhi,South Delhi,Family,1,1,4,20,4,15500,"₹31,000",₹800,900,433,unfurnished,no,yes,yes,Y,12 Hours,Y,No,1,N,Y,Yes,no,0,Saket Metro Station,2.84km,Gargi College,4.57km,Saket District Centre,13.9km,1.32 km,4.21 km,3.5,10,Yes,2026-07-29,NoBroker
PROP_078,2BHK,Fully Furnished 2BHK Apartment in Vasant Kunj,Vasant Kunj,Delhi,South Delhi,Working Professional,2,2,0,3,12,56500,113000,"Rs. 2,000/month",2600,1259,fully-furnished,N,No,N,0,24 Hours,1,No,0,No,no,1,Yes,Y,Chattarpur Metro Station,1.57km,Jawaharlal Nehru University (JNU),,Cyber City Gurugram,2.78,1.86km,2.31 km,4.3,30,N,2026-08-10,99acres
PROP_079,1BHK,Fully Furnished 1BHK Apartment in Rohini,Rohini,Delhi,North Delhi,Student,1,1,2,5,4,"₹10,000",20k,"₹1,200",1200,496 sq.ft.,fully-furnished,no,yes,Yes,yes,4 Hours,Yes,0,N,N,no,No,Yes,N,Rohini West Metro Station,2.76,Delhi Technological University (DTU),6.24km,Netaji Subhash Place,9.15 km,1.31,0.45km,3.3,61,1,2026-06-29,99acres
PROP_080,2BHK,Semi-Furnished 2BHK Apartment in Noida Sector 137,Noida Sec-137,Noida,Noida,Family,2,2,0,3,14,"₹16,500",33000,0,1700,917,semi-furnished,Yes,no,0,No,4 Hours,Yes,1,N,N,0,Y,Yes,no,Noida Sector 137 Metro Station,2.14km,Amity University Noida,6.57km,Noida Expressway Offices,,2.6km,,4.2,69,1,2026-07-24,Housing.com
PROP_081,3BHK,Fully Furnished 3BHK Apartment in Noida Sector 137,Noida Sector 137,Noida,Noida,Family,3,2,1,5,1,30500,91500,4800,2600,1712,fully-furnished,Y,1,yes,yes,24 Hours,Yes,N,1,No,0,1,1,Yes,Noida Sector 137 Metro Station,1.18km,Amity University Noida,5.61km,Noida Expressway Offices,9.49km,2.88km,5.0,3.3,18,Y,2026-08-11,NoBroker
PROP_082,1BHK,Semi-Furnished 1BHK Apartment in Kamla Nagar,Kamla Nagar,Delhi,North Delhi,Student,1,1,5,12,13,"Rs. 14,000/month","₹28,000","Rs. 1,200/month",800,530,semi-furnished,no,Yes,Yes,Y,12 Hours,N,Y,0,0,no,no,no,Yes,Vishwa Vidyalaya Metro Station,2.15km,Kirori Mal College,8.03,Connaught Place,11.19 km,1.2,3.81km,3.9,5,yes,2026-08-13,NoBroker
PROP_083,2BHK,Fully Furnished 2BHK Apartment in Model Town,Model Town,Delhi,North Delhi,Working Professional,2,2,2,3,10,49000,"₹98,000","Rs. 3,300/month",2500,1066 sq.ft.,unfurnished,Yes,Y,N,yes,12 Hours,Yes,1,no,0,no,Y,N,N,Model Town Metro Station,1.92km,Miranda House,5.12 km,Connaught Place,3.95,2.37km,,3.6,38,Y,2026-08-11,NoBroker
PROP_084,1BHK,Semi-Furnished 1BHK Apartment in Pari Chowk,pari chowk,Greater Noida,Greater Noida,Student,1,1,1,24,3,"₹7,500","₹22,500","Rs. 1,900/month",,739,Semi-Furnished,N,Y,yes,yes,12 Hours,Y,No,no,No,No,Y,Y,Y,Pari Chowk Metro Station,2.63km,Galgotias University,1.96km,Greater Noida Industrial Area,5.01km,4.48km,3.38 km,3.3,3,Yes,2026-08-07,Housing.com
PROP_085,2BHK,Fully Furnished 2BHK Apartment in Vaishali,Vaishali,Ghaziabad,Ghaziabad,Family,2,2,5,12,12,"Rs. 17,000/month","Rs. 34,000/month",1600,1500,862,Unfurnished,Y,N,Yes,Yes,12 Hours,1,yes,N,no,0,No,Yes,0,Vaishali Metro Station,1.86km,Inderprastha Dental College,4.31,Noida Sector 62 IT Park,9.5,,,3.9,43,1,2026-07-17,99acres
PROP_086,3BHK,Fully Furnished 3BHK Apartment in Vaishali,Vaishali,Ghaziabad,Ghaziabad,Working Professional,3,2,1,3,4,"Rs. 34,000/month","₹34,000",,,1536,Furnished,Y,1,no,Y,12 Hours,Y,0,N,No,0,N,Yes,Y,Vaishali Metro Station,0.58,Inderprastha Dental College,3.04 km,Noida Sector 62 IT Park,,,3.66km,4.3,48,1,2026-07-10,NoBroker
PROP_087,1RK,Semi-Furnished 1RK Apartment in Saket,Saket,Delhi,South Delhi,Family,1,1,16,24,13,10500,"₹21,000",900,600,277,semi-furnished,0,yes,Yes,yes,4 Hours,0,N,Yes,N,1,No,Y,No,Saket Metro Station,2.4,Gargi College,6.22 km,Saket District Centre,4.06km,3.23km,4.08km,4.3,81,Y,2026-07-05,MagicBricks
PROP_088,1RK,Fully Furnished 1RK Apartment in Vasant Kunj,VASANT KUNJ,Delhi,South Delhi,Family,1,1,4,12,4,39k,39k,0,1100,672,unfurnished,N,No,yes,no,4 Hours,1,yes,no,No,Yes,no,0,no,Chattarpur Metro Station,3.01 km,Jawaharlal Nehru University (JNU),7.34km,Cyber City Gurugram,2.93km,2.97km,5.1,3.3,33,Yes,2026-08-10,NoBroker
PROP_089,2BHK,Fully Furnished 2BHK Apartment in Civil Lines,Civil Lines,Delhi,North Delhi,Family,2,2,14,20,7,73k,146000,2800,2100,1410,Unfurnished,no,yes,Yes,No,24 Hours,1,Yes,N,N,Yes,Yes,yes,No,Civil Lines Metro Station,3.22km,St. Stephen's College,1.46 km,Connaught Place,,820m,4.04 km,4.7,72,yes,2026-08-06,NoBroker
PROP_090,1BHK,Fully Furnished 1BHK Apartment in Golf Course Road,Golf Course Road,Gurugram,Gurugram,Family,1,1,6,20,3,"Rs. 58,000/month",116000,"Rs. 1,500/month",,626,fully-furnished,N,Yes,Y,No,12 Hours,yes,No,0,N,No,1,1,No,Sector 42-43 Metro Station,2.48km,GD Goenka University,0.33 km,Golf Course Road Offices,,4.13 km,3.05,4.2,45,Y,2026-07-19,MagicBricks
PROP_091,2BHK,Fully Furnished 2BHK Apartment in Noida Sector 62,Noida Sector 62,Noida,Noida,Working Bachelor,2,2,7,12,14,"Rs. 15,500/month","₹31,000",2k,,897,Furnished,No,Yes,Yes,yes,4 Hours,1,no,no,No,0,0,No,yes,Noida Sector 62 Metro Station,0.16 km,JSS Academy of Technical Education,6.44km,Noida Sector 62 IT Park,13.62,4.14 km,0.85 km,4.2,75,Yes,2026-08-06,Housing.com
PROP_092,2BHK,Semi-Furnished 2BHK Apartment in Janakpuri,janakpuri,Delhi,West Delhi,Family,2,2,5,20,0,29k,58000,2100,2400,1192,semi-furnished,No,yes,Y,1,4 Hours,yes,0,no,No,0,Yes,Y,No,Janakpuri West Metro Station,2.55 km,Bhaskaracharya College,2.16 km,Janakpuri District Centre,14.81km,4.89km,,4.7,69,1,2026-07-04,NoBroker
PROP_093,2BHK,Fully Furnished 2BHK Apartment in Pari Chowk,pari chowk,Greater Noida,Greater Noida,Working Bachelor,2,2,13,15,6,"Rs. 11,000/month","Rs. 11,000/month",0,2100,966 sq.ft.,unfurnished,N,Yes,Yes,1,24 Hours,1,No,0,1,1,Y,yes,N,Pari Chowk Metro Station,0.99 km,Galgotias University,1.53km,Greater Noida Industrial Area,10.54km,0.49 km,1.08km,4.6,58,Y,2026-07-30,99acres
PROP_094,2BHK,Fully Furnished 2BHK Apartment in Rajinder Nagar,RAJINDER NAGAR,Delhi,Central Delhi,Family,2,2,0,3,15,"Rs. 30,500/month","Rs. 91,500/month",,1500,745,fully-furnished,No,1,0,No,12 Hours,1,Yes,0,no,N,Yes,Y,1,Rajendra Place Metro Station,3.87km,Venkateshwara College,7.55km,Rajendra Place IT Hub,0.85 km,2.38km,4.7,4.7,51,Y,2026-07-04,Housing.com
PROP_095,2BHK,Semi-Furnished 2BHK Apartment in Green Park,Green Park,Delhi,South Delhi,Family,2,2,4,4,6,58k,116000,"₹2,900",2500,1325,Semi-Furnished,Y,Yes,0,no,4 Hours,N,Y,0,No,N,1,Yes,N,Green Park Metro Station,2.09 km,NIFT Delhi,3.87 km,Bhikaji Cama Place,10.26km,3.53km,5.88km,4.7,24,0,2026-08-08,MagicBricks
PROP_096,1RK,Fully Furnished 1RK Apartment in Mukherjee Nagar,MUKHERJEE NAGAR,Delhi,North Delhi,Student,1,1,15,15,14,7k,15000,₹700,900,339 sq.ft.,unfurnished,no,N,Y,Y,12 Hours,Yes,Y,no,no,N,yes,no,Yes,GTB Nagar Metro Station,0.28,SGTB Khalsa College,3.37 km,Connaught Place,2.33km,1.45km,1.35,4.2,4,Y,2026-08-04,99acres
PROP_097,4BHK,Fully Furnished 4BHK Apartment in Golf Course Road,Golf Course Road,Gurugram,Gurugram,Family,4,4,1,3,3,301k,904k,"₹10,000",,3500,Unfurnished,1,yes,0,Y,24 Hours,yes,no,N,Yes,0,No,0,Y,Sector 42-43 Metro Station,2.75km,GD Goenka University,5.26km,Golf Course Road Offices,1.31km,3.4,2.57 km,4.4,54,Y,2026-08-13,99acres
PROP_098,3BHK,Fully Furnished 3BHK Apartment in Laxmi Nagar,Laxmi Nagar,Delhi,East Delhi,Working Professional,3,2,5,20,14,22000,44k,"₹3,300",3300,1433,unfurnished,no,1,1,Y,4 Hours,Y,1,No,Y,0,Y,1,no,Laxmi Nagar Metro Station,,Shyam Lal College,7.72km,Noida Sector 62 IT Park,7.65 km,4.86km,3.71 km,3.8,61,Y,2026-07-04,Housing.com
PROP_099,3BHK,Fully Furnished 3BHK Apartment in Laxmi Nagar,Laxmi Nagar,Delhi,East Delhi,Working Professional,3,2,9,15,8,"₹25,000","₹50,000","₹2,200",2100,1206,fully-furnished,N,Y,Yes,Y,12 Hours,1,yes,yes,no,No,Yes,yes,0,Laxmi Nagar Metro Station,1.63km,Shyam Lal College,,Noida Sector 62 IT Park,2.52km,,,4.1,43,Y,2026-08-12,MagicBricks
PROP_100,2BHK,Fully Furnished 2BHK Apartment in Indirapuram,Indirapuram,Ghaziabad,Ghaziabad,Family,2,2,3,8,5,"₹22,500",22500,"Rs. 3,300/month",2400,1097,Furnished,No,Y,Y,yes,4 Hours,Yes,Yes,no,no,No,No,0,no,Vaishali Metro Station,,ABES Engineering College,9.59km,Noida Sector 62 IT Park,3.12,1.9km,2.46,3.6,29,Y,2026-08-06,Housing.com
PROP_101,3BHK,Semi-Furnished 3BHK Apartment in Patel Nagar,Patel Nagar,Delhi,West Delhi,Family,3,2,3,4,14,"Rs. 45,500/month",91k,,2600,1513,Semi-Furnished,Yes,1,0,No,4 Hours,no,yes,0,1,0,Y,0,0,Patel Nagar Metro Station,4.45km,Kalindi College,5.26km,Rajendra Place IT Hub,2.64km,2.38km,1.0km,4.0,29,yes,2026-08-12,MagicBricks
PROP_102,1BHK,Fully Furnished 1BHK Apartment in Green Park,GREEN PARK,Delhi,South Delhi,Family,1,1,10,24,12,45k,135000,,1300,768,Furnished,No,Y,yes,yes,12 Hours,1,Yes,0,0,no,1,1,N,Green Park Metro Station,3.47km,NIFT Delhi,,Bhikaji Cama Place,1.39,,1.03km,3.8,74,Y,2026-07-20,MagicBricks
PROP_103,3BHK,Semi-Furnished 3BHK Apartment in Model Town,Model Town,Delhi,North Delhi,Working Professional,3,2,10,20,3,"₹68,500","Rs. 68,500/month",2600,2600,1694,Semi-Furnished,No,yes,Y,Y,12 Hours,no,Yes,no,No,1,No,No,N,Model Town Metro Station,0.4,Miranda House,8.07 km,Connaught Place,7.39km,1.21,4.84km,4.3,38,Y,2026-07-17,99acres
PROP_104,3BHK,Fully Furnished 3BHK Apartment in Knowledge Park,Knowledge Park,Greater Noida,Greater Noida,Family,3,2,6,12,13,18500,37000,3k,3600,1799,fully-furnished,Yes,1,Y,N,4 Hours,yes,Yes,Yes,N,0,Yes,Y,Y,Knowledge Park II Metro Station,3.57km,Sharda University,,Greater Noida Industrial Area,,3.29,0.54,4.4,2,Yes,2026-07-24,99acres
PROP_105,2BHK,Fully Furnished 2BHK Apartment in Golf Course Road,Golf Course Road,Gurugram,Gurugram,Family,2,2,7,20,13,"Rs. 82,500/month",82k,,,1385 sq.ft.,unfurnished,Yes,Y,Y,No,12 Hours,Y,No,0,no,no,Y,No,No,Sector 42-43 Metro Station,3.8km,GD Goenka University,6.72km,Golf Course Road Offices,14.14,3.52km,4.8,3.6,70,Y,2026-07-01,MagicBricks
PROP_106,3BHK,Semi-Furnished 3BHK Apartment in Noida Sector 62,Noida Sec 62,Noida,Noida,Family,3,2,3,20,5,"₹40,000","Rs. 80,000/month",0,2900,1863,semi-furnished,No,Y,Yes,no,4 Hours,no,yes,N,No,yes,0,N,no,Noida Sector 62 Metro Station,1.25 km,JSS Academy of Technical Education,6.97 km,Noida Sector 62 IT Park,12.49km,,1.43 km,3.9,23,1,2026-07-08,NoBroker
PROP_107,2BHK,Semi-Furnished 2BHK Apartment in Vasant Kunj,vasant kunj,Delhi,South Delhi,Family,2,2,4,12,15,72500,145000,0,1900,1353,semi-furnished,1,no,N,no,12 Hours,yes,Y,0,N,0,1,Y,0,Chattarpur Metro Station,3.12km,Jawaharlal Nehru University (JNU),7.22km,Cyber City Gurugram,10.77,3.73km,1.76km,3.4,7,yes,2026-07-14,99acres
PROP_108,2BHK,Semi-Furnished 2BHK Apartment in Gurugram Sector 56,Gurugram Sec-56,Gurugram,Gurugram,Family,2,2,13,15,9,"Rs. 23,500/month","Rs. 23,500/month","₹3,500",,1081,Semi-Furnished,N,Y,1,N,4 Hours,no,0,yes,yes,Y,1,1,Y,Sector 56 Metro Station,4.45 km,IILM University,5.74 km,Golf Course Road Offices,7.14 km,0.74 km,4.4 km,3.5,44,Y,2026-08-02,NoBroker
PROP_109,4BHK,Fully Furnished 4BHK Apartment in Preet Vihar,Preet Vihar,Delhi,East Delhi,Family,4,4,9,12,0,93k,186k,0,5200,2963,Furnished,Yes,1,yes,Yes,4 Hours,Y,Yes,0,Y,1,yes,1,yes,Preet Vihar Metro Station,0.63km,Vivekananda College,5.06km,Noida Sector 62 IT Park,,4.07km,2.07km,4.4,16,Yes,2026-07-21,NoBroker
PROP_109,2BHK,Semi-Furnished 2BHK Apartment in Rohini,Rohini,Delhi,North Delhi,Working Bachelor,2,2,1,5,9,14000,"Rs. 28,000/month",,1500,878,semi-furnished,0,Yes,Yes,1,12 Hours,Y,Yes,No,1,no,0,1,N,Rohini West Metro Station,1.48km,Delhi Technological University (DTU),7.32,Netaji Subhash Place,11.48km,2.36,4.9km,3.8,23,Yes,2026-07-06,99acres
PROP_111,1RK,Fully Furnished 1RK Apartment in Noida Sector 137,Noida Sec-137,Noida,Noida,Student,1,1,5,5,7,"Rs. 7,000/month",21k,,,345,Unfurnished,no,1,1,yes,24 Hours,1,0,1,no,N,1,Yes,1,Noida Sector 137 Metro Station,4.41km,Amity University Noida,8.53km,Noida Expressway Offices,11.19 km,3.06 km,3.46 km,3.7,62,1,2026-07-30,MagicBricks
PROP_112,2BHK,Fully Furnished 2BHK Apartment in Rajinder Nagar,Rajinder Nagar,Delhi,Central Delhi,Working Professional,2,2,20,20,11,39000,78000,"Rs. 2,000/month",,965,Unfurnished,no,Y,Yes,no,24 Hours,yes,1,1,0,yes,Yes,Y,no,Rajendra Place Metro Station,0.87km,Venkateshwara College,,Rajendra Place IT Hub,,4.07km,2.23km,3.4,29,yes,2026-07-13,99acres
PROP_113,2BHK,Fully Furnished 2BHK Apartment in Civil Lines,Civil Lines,Delhi,North Delhi,Working Professional,2,2,5,15,9,"₹62,000",62000,,3100,1365 sq.ft.,unfurnished,0,Yes,Y,yes,24 Hours,yes,1,No,0,yes,Y,0,no,Civil Lines Metro Station,0.77 km,St. Stephen's College,7.61km,Connaught Place,6.61,,4.87km,3.9,52,N,2026-08-12,Housing.com
PROP_114,3BHK,Fully Furnished 3BHK Apartment in Noida Sector 15,Noida Sector 15,Noida,Noida,Family,3,2,8,12,4,"Rs. 38,500/month",77k,,2000,1458,Unfurnished,0,1,1,N,24 Hours,Yes,0,no,N,Y,yes,Y,Y,Noida Sector 15 Metro Station,3.3,Amity University Noida,9.87,Noida Sector 16 Commercial Hub,2.1 km,0.49,2.43 km,4.3,45,Yes,2026-07-16,99acres
PROP_115,1BHK,Semi-Furnished 1BHK Apartment in Mayur Vihar,Mayur Vihar,Delhi,East Delhi,Family,1,1,0,4,13,"₹13,000",26k,"₹1,100",800,481,Semi-Furnished,0,Yes,N,0,4 Hours,0,0,0,0,0,no,1,no,Mayur Vihar 1 Metro Station,4.36 km,Shaheed Sukhdev College of Business Studies,,Noida Sector 62 IT Park,8.17km,3.53km,2.9 km,3.3,20,N,2026-08-06,Housing.com
PROP_116,1RK,Semi-Furnished 1RK Apartment in Pari Chowk,Pari Chowk,Greater Noida,Greater Noida,Student,1,1,15,20,4,5500,"₹11,000",0,600,383,semi-furnished,0,0,Y,1,12 Hours,1,Yes,0,No,No,Y,Yes,No,Pari Chowk Metro Station,950m,Galgotias University,6.3km,Greater Noida Industrial Area,8.86km,0.45 km,3.55km,3.5,60,Yes,2026-08-06,NoBroker
PROP_117,1RK,Semi-Furnished 1RK Apartment in Kamla Nagar,kamla nagar,Delhi,North Delhi,Student,1,1,2,3,5,5k,"Rs. 10,000/month",₹800,500,241,Semi-Furnished,Yes,Yes,N,Y,12 Hours,Yes,yes,no,0,No,Y,1,Yes,Vishwa Vidyalaya Metro Station,1.89,Kirori Mal College,2.57km,Connaught Place,,1.49,5.79km,4.3,31,yes,2026-07-25,Housing.com
PROP_118,3BHK,Fully Furnished 3BHK Apartment in Karol Bagh,karol bagh,Delhi,Central Delhi,Family,3,2,0,12,5,"Rs. 42,000/month",84000,"₹3,400",,1265,Unfurnished,No,1,yes,N,12 Hours,yes,N,N,0,Y,1,N,yes,Karol Bagh Metro Station,2.94km,Sri Guru Nanak Dev Khalsa College,0.32,Connaught Place,7.41 km,4.53 km,,3.9,62,Yes,2026-07-03,MagicBricks
PROP_119,1BHK,Fully Furnished 1BHK Apartment in Pari Chowk,pari chowk,Greater Noida,Greater Noida,Family,1,1,11,24,1,"Rs. 10,000/month",20k,2300,1300,756,Furnished,no,1,Y,1,24 Hours,yes,no,yes,no,yes,N,Yes,N,Pari Chowk Metro Station,3.09km,Galgotias University,,Greater Noida Industrial Area,0.53 km,2.25 km,4.14,4.3,41,1,2026-07-27,MagicBricks
PROP_120,3BHK,Fully Furnished 3BHK Apartment in Saket,Saket,Delhi,South Delhi,Family,3,2,8,15,7,51k,"Rs. 103,000/month","Rs. 3,200/month",2900,1318,Furnished,yes,No,yes,0,24 Hours,1,No,No,No,No,0,1,Yes,Saket Metro Station,2.56km,Gargi College,,Saket District Centre,,660m,4.59,3.6,76,Yes,2026-07-15,Housing.com
PROP_121,1BHK,Semi-Furnished 1BHK Apartment in Rohini,Rohini,Delhi,North Delhi,Student,1,1,16,20,11,"Rs. 9,000/month","₹18,000",700,,454,semi-furnished,no,Y,Y,Yes,4 Hours,no,Yes,no,no,N,1,1,N,Rohini West Metro Station,3.85km,Delhi Technological University (DTU),5.79 km,Netaji Subhash Place,,1.64km,,3.4,5,Yes,2026-07-04,NoBroker
PROP_122,2BHK,Fully Furnished 2BHK Apartment in Malviya Nagar,MALVIYA NAGAR,Delhi,South Delhi,Family,2,2,2,5,7,31500,"₹63,000",1800,,967 sq.ft.,Furnished,Yes,Y,Yes,no,12 Hours,Yes,yes,no,N,no,0,No,yes,Malviya Nagar Metro Station,3.6 km,College of Vocational Studies,,Okhla Industrial Area,5.98km,,3.72km,4.9,31,no,2026-07-10,99acres
PROP_123,2BHK,Fully Furnished 2BHK Apartment in Noida Sector 62,Noida Sec 62,Noida,Noida,Working Professional,2,2,9,12,12,20000,"Rs. 40,000/month",0,,893,unfurnished,No,yes,yes,Y,12 Hours,1,N,No,Yes,Y,Yes,Y,0,Noida Sector 62 Metro Station,,JSS Academy of Technical Education,,Noida Sector 62 IT Park,7.71 km,1.51km,0.44km,4.0,33,Y,2026-08-08,99acres
PROP_124,2BHK,Fully Furnished 2BHK Apartment in Janakpuri,JANAKPURI,Delhi,West Delhi,Working Professional,2,2,4,12,11,29500,59k,0,1400,957,Unfurnished,0,No,yes,no,24 Hours,yes,1,0,No,yes,1,1,No,Janakpuri West Metro Station,,Bhaskaracharya College,5.9,Janakpuri District Centre,2.36km,4.73km,360m,4.6,45,1,2026-07-17,Housing.com
PROP_125,2BHK,Fully Furnished 2BHK Apartment in Golf Course Road,Golf Course Road,Gurugram,Gurugram,Working Professional,2,2,0,5,15,"₹73,500","₹220,500",2500,1900,1223 sq.ft.,unfurnished,yes,1,yes,Yes,12 Hours,Yes,Yes,0,No,no,1,0,no,Sector 42-43 Metro Station,670m,GD Goenka University,2.3km,Golf Course Road Offices,6.77,3.61km,3.01 km,4.2,39,1,2026-07-27,NoBroker
PROP_126,3BHK,Fully Furnished 3BHK Apartment in Dwarka,Dwarka,Delhi,Dwarka,Family,3,2,3,4,1,45k,90k,"Rs. 6,200/month",2900,1883 sq.ft.,unfurnished,yes,Y,No,no,12 Hours,1,No,No,N,0,Y,Yes,No,Dwarka Sector 10 Metro Station,,Netaji Subhas University of Technology (NSUT),6.85,Gurugram Sector 21 IT Park,7.2 km,,2.58km,3.5,4,Yes,2026-06-29,NoBroker
PROP_127,2BHK,Semi-Furnished 2BHK Apartment in Mayur Vihar,MAYUR VIHAR,Delhi,East Delhi,Family,2,2,7,8,1,"₹18,000",36k,"Rs. 1,100/month",1500,753,semi-furnished,No,Y,Yes,1,24 Hours,N,no,1,Yes,N,No,Yes,no,Mayur Vihar 1 Metro Station,3.29km,Shaheed Sukhdev College of Business Studies,0.73km,Noida Sector 62 IT Park,,4.11km,2.14km,4.3,79,1,2026-07-17,MagicBricks
PROP_128,3BHK,Semi-Furnished 3BHK Apartment in Civil Lines,Civil Lines,Delhi,North Delhi,Working Professional,3,2,2,5,5,"Rs. 109,000/month",327000,7k,4400,2279,Semi-Furnished,N,0,Yes,0,12 Hours,no,No,No,0,no,Yes,1,yes,Civil Lines Metro Station,1.75 km,St. Stephen's College,6.53,Connaught Place,3.95 km,3.68km,5.93km,4.0,42,Y,2026-07-03,MagicBricks
PROP_129,2BHK,Fully Furnished 2BHK Apartment in Shakarpur,SHAKARPUR,Delhi,East Delhi,Family,2,2,0,5,5,9500,9500,0,1500,579,fully-furnished,yes,Yes,1,yes,24 Hours,1,yes,0,no,N,0,Y,no,Nirman Vihar Metro Station,2.17km,Bhim Rao Ambedkar College,4.4km,Noida Sector 62 IT Park,9.34 km,,1.19 km,4.8,61,1,2026-07-17,MagicBricks
PROP_130,3BHK,Semi-Furnished 3BHK Apartment in Patel Nagar,patel nagar,Delhi,West Delhi,Family,3,2,12,15,15,37000,111000,,3200,1474 sq.ft.,semi-furnished,Yes,Yes,No,yes,24 Hours,N,N,0,N,0,no,Yes,N,Patel Nagar Metro Station,2.88 km,Kalindi College,6.86,Rajendra Place IT Hub,10.61km,3.3km,1.79km,4.0,18,yes,2026-08-13,MagicBricks
PROP_131,3BHK,Fully Furnished 3BHK Apartment in Saket,Saket,Delhi,South Delhi,Working Professional,3,2,9,20,0,62k,"Rs. 125,000/month","Rs. 3,000/month",3600,1721,unfurnished,0,Yes,1,Y,4 Hours,1,Y,no,yes,No,yes,Yes,no,Saket Metro Station,1.24 km,Gargi College,9.05,Saket District Centre,,3.21 km,3.86,4.7,21,Yes,2026-07-20,MagicBricks
PROP_132,2BHK,Semi-Furnished 2BHK Apartment in Knowledge Park,KNOWLEDGE PARK,Greater Noida,Greater Noida,Working Bachelor,2,2,5,8,12,13500,27000,,2500,1116,Semi-Furnished,Yes,N,Yes,1,4 Hours,no,Yes,N,no,N,1,yes,Y,Knowledge Park II Metro Station,,Sharda University,3.79km,Greater Noida Industrial Area,1.16,4.08km,2.16 km,4.0,77,Yes,2026-07-22,Housing.com
PROP_133,1BHK,Semi-Furnished 1BHK Apartment in Hauz Khas,Hauz Khas,Delhi,South Delhi,Family,1,1,3,8,6,"Rs. 38,000/month",76k,0,1300,681,semi-furnished,Yes,Yes,Y,N,24 Hours,0,No,0,Y,no,No,1,0,Hauz Khas Metro Station,,IIT Delhi,7.92,Okhla Industrial Area,14.51km,2.3km,1.63km,3.6,37,Yes,2026-07-23,NoBroker
PROP_134,1RK,Semi-Furnished 1RK Apartment in Dwarka,Dwarka,Delhi,Dwarka,Family,1,1,21,24,14,8500,8k,0,700,327,Semi-Furnished,Y,Yes,Y,Yes,12 Hours,0,no,0,Y,yes,no,No,no,Dwarka Sector 10 Metro Station,3.87,Netaji Subhas University of Technology (NSUT),7.36 km,Gurugram Sector 21 IT Park,4.84km,4.11,5.5km,3.5,2,Y,2026-07-17,Housing.com
PROP_135,2BHK,Fully Furnished 2BHK Apartment in Karol Bagh,Karol Bagh,Delhi,Central Delhi,Family,2,2,2,3,3,"₹28,000",56k,0,1800,781,fully-furnished,no,1,no,No,12 Hours,1,Yes,Y,no,0,Yes,1,no,Karol Bagh Metro Station,2.97km,Sri Guru Nanak Dev Khalsa College,3.94km,Connaught Place,10.53 km,4.02km,4.05km,4.5,83,1,2026-07-21,MagicBricks
PROP_136,2BHK,Semi-Furnished 2BHK Apartment in Civil Lines,Civil Lines,Delhi,North Delhi,Family,2,2,2,24,3,"Rs. 64,500/month","Rs. 129,000/month","₹3,500",2400,1367,semi-furnished,no,No,yes,1,12 Hours,yes,no,Y,No,Yes,Y,no,No,Civil Lines Metro Station,1.19 km,St. Stephen's College,,Connaught Place,14.21km,4.54km,1.97km,4.1,17,Y,2026-07-11,99acres
PROP_137,3BHK,Semi-Furnished 3BHK Apartment in Janakpuri,Janakpuri,Delhi,West Delhi,Working Professional,3,2,1,8,8,"Rs. 35,000/month","Rs. 70,000/month",0,,1728,Semi-Furnished,no,yes,yes,1,12 Hours,yes,Yes,0,Yes,N,N,yes,Yes,Janakpuri West Metro Station,1.76km,Bhaskaracharya College,9.7km,Janakpuri District Centre,5.99km,0.7,5.58 km,3.5,39,1,2026-08-07,99acres
PROP_138,2BHK,Fully Furnished 2BHK Apartment in Mukherjee Nagar,Mukherjee Nagar,Delhi,North Delhi,Family,2,2,6,8,14,"Rs. 16,500/month",33000,"Rs. 2,300/month",2000,784,unfurnished,Y,N,1,yes,12 Hours,Yes,0,No,No,no,no,Yes,0,GTB Nagar Metro Station,3.66km,SGTB Khalsa College,0.4,Connaught Place,14.25km,3.45km,5.61km,3.4,63,Yes,2026-07-19,MagicBricks
PROP_139,1BHK,Fully Furnished 1BHK Apartment in Gurugram Sector 45,Gurugram Sec-45,Gurugram,Gurugram,Student,1,1,8,8,3,15k,30k,1000,900,476,Furnished,0,yes,1,Y,4 Hours,Yes,0,Yes,N,N,Yes,yes,No,HUDA City Centre Metro Station,0.55 km,Ansal University,5.07km,Golf Course Road Offices,1.73,2.67 km,,3.4,62,Y,2026-07-30,Housing.com
PROP_140,1BHK,Semi-Furnished 1BHK Apartment in Mayur Vihar,Mayur Vihar,Delhi,East Delhi,Student,1,1,17,24,15,"₹11,000","Rs. 33,000/month",,600,407,semi-furnished,no,1,1,Yes,24 Hours,Y,no,Y,No,N,Yes,no,no,Mayur Vihar 1 Metro Station,1.2 km,Shaheed Sukhdev College of Business Studies,,Noida Sector 62 IT Park,,4.97,1.71km,4.6,25,Yes,2026-06-30,NoBroker
PROP_141,1BHK,Fully Furnished 1BHK Apartment in Noida Sector 137,Noida Sec 137,Noida,Noida,Student,1,1,7,20,10,11500,"Rs. 11,500/month","Rs. 1,300/month",,623,Unfurnished,no,Yes,Y,1,12 Hours,Yes,Y,N,No,Yes,no,Y,N,Noida Sector 137 Metro Station,1.15 km,Amity University Noida,2.98km,Noida Expressway Offices,8.97,0.62,0.91,4.3,77,yes,2026-08-01,Housing.com
PROP_142,1RK,Fully Furnished 1RK Apartment in Malviya Nagar,Malviya Nagar,Delhi,South Delhi,Student,1,1,2,5,1,12k,36000,₹400,,320,unfurnished,No,no,1,Yes,24 Hours,1,0,0,N,no,yes,Yes,0,Malviya Nagar Metro Station,2.32,College of Vocational Studies,7.29 km,Okhla Industrial Area,4.25km,4.29km,1.99,3.7,15,Yes,2026-07-10,NoBroker
PROP_143,2BHK,Fully Furnished 2BHK Apartment in Janakpuri,Janakpuri,Delhi,West Delhi,Family,2,2,2,12,8,"₹29,500",59000,,2500,1156,Furnished,No,1,Y,no,12 Hours,yes,yes,0,yes,0,1,yes,no,Janakpuri West Metro Station,0.93km,Bhaskaracharya College,5.06 km,Janakpuri District Centre,11.08km,3.31 km,0.42 km,3.5,22,yes,2026-08-09,NoBroker
PROP_144,2BHK,Fully Furnished 2BHK Apartment in Rohini,Rohini,Delhi,North Delhi,Working Professional,2,2,1,4,4,16000,"₹32,000",,2100,924 sq.ft.,Furnished,1,N,N,yes,24 Hours,Y,No,Yes,Y,No,1,yes,1,Rohini West Metro Station,,Delhi Technological University (DTU),,Netaji Subhash Place,4.66km,4.62 km,4.2,4.4,14,Yes,2026-07-30,MagicBricks
PROP_145,1RK,Semi-Furnished 1RK Apartment in Noida Sector 15,Noida Sec-15,Noida,Noida,Student,1,1,1,3,4,"Rs. 8,500/month","₹17,000",0,500,389,Semi-Furnished,0,1,No,1,4 Hours,Yes,yes,0,0,0,1,Y,yes,Noida Sector 15 Metro Station,1.79,Amity University Noida,,Noida Sector 16 Commercial Hub,8.31,2.56,3.36 km,3.6,10,1,2026-07-11,NoBroker
PROP_146,3BHK,Fully Furnished 3BHK Apartment in DLF Phase 3,DLF Phase 3,Gurugram,Gurugram,Family,3,2,0,20,13,"Rs. 46,500/month",46500,"Rs. 4,400/month",2700,1307,fully-furnished,Yes,Yes,yes,Y,24 Hours,Yes,Yes,0,yes,no,N,Y,No,Phase 3 Metro Station,1.36km,Dronacharya College of Engineering,1.81 km,DLF Cyber City,13.28km,0.35 km,4.58km,4.1,1,1,2026-07-01,Housing.com
PROP_147,2BHK,Semi-Furnished 2BHK Apartment in Vaishali,vaishali,Ghaziabad,Ghaziabad,Working Bachelor,2,2,4,8,3,19k,"Rs. 39,000/month",3100,1900,1008,semi-furnished,Y,Y,Y,Yes,24 Hours,Yes,N,no,No,no,Yes,1,Y,Vaishali Metro Station,0.51,Inderprastha Dental College,,Noida Sector 62 IT Park,14.72km,,5.76,4.1,40,Y,2026-08-05,MagicBricks
PROP_148,3BHK,Fully Furnished 3BHK Apartment in Rajinder Nagar,Rajinder Nagar,Delhi,Central Delhi,Family,3,2,14,15,4,"₹56,500",169k,0,2800,1433,fully-furnished,Y,1,1,Yes,24 Hours,1,Yes,Y,No,0,Y,Y,N,Rajendra Place Metro Station,0.49,Venkateshwara College,2.04km,Rajendra Place IT Hub,11.69 km,1.44km,3.0km,3.6,56,yes,2026-08-06,Housing.com
PROP_149,2BHK,Fully Furnished 2BHK Apartment in Pari Chowk,Pari Chowk,Greater Noida,Greater Noida,Family,2,2,14,20,2,13k,"₹27,000",2k,1700,1135,Furnished,1,1,yes,0,12 Hours,yes,Yes,0,0,1,yes,no,N,Pari Chowk Metro Station,2.6km,Galgotias University,9.88 km,Greater Noida Industrial Area,11.73 km,500m,4.91 km,4.5,60,yes,2026-08-12,Housing.com
PROP_150,2BHK,Huge 4BHK for dirt cheap,Preet Vihar,Delhi,East Delhi,Working Professional,2,2,1,3,2,1.2k,85000,,2200,1124 sq.ft.,Unfurnished,no,Y,No,1,24 Hours,1,No,0,No,0,no,Yes,yes,Preet Vihar Metro Station,1.95km,Vivekananda College,5.6km,Noida Sector 62 IT Park,2.91km,2.01km,2.28km,4.8,73,N,2026-07-21,MagicBricks
PROP_151,1BHK,Semi-Furnished 1BHK Apartment in Karol Bagh,Karol Bagh,Delhi,Central Delhi,Working Bachelor,1,1,0,4,3,"₹15,500",31k,0,,519,semi-furnished,Yes,1,No,Yes,4 Hours,No,0,0,No,no,No,1,0,Karol Bagh Metro Station,0.13,Sri Guru Nanak Dev Khalsa College,3.93 km,Connaught Place,3.75 km,1.56,5.31km,3.6,53,Yes,2026-07-18,MagicBricks
PROP_152,1BHK,Semi-Furnished 1BHK Apartment in Rohini,Rohini,Delhi,North Delhi,Student,1,1,4,4,12,9000,"₹18,000",₹800,1100,523,Semi-Furnished,N,no,N,Yes,24 Hours,no,Yes,No,no,0,Y,yes,yes,Rohini West Metro Station,3.3 km,Delhi Technological University (DTU),,Netaji Subhash Place,5.98km,1.45km,590m,3.3,18,Yes,2026-08-06,Housing.com
PROP_153,1BHK,Fully Furnished 1BHK Apartment in Gurugram Sector 45,Gurugram Sector 45,Gurugram,Gurugram,Student,1,1,11,15,15,"Rs. 13,000/month",26k,0,,442,unfurnished,No,Y,yes,No,4 Hours,yes,Y,yes,yes,yes,1,Yes,N,HUDA City Centre Metro Station,2.15km,Ansal University,8.15,Golf Course Road Offices,6.82km,4.74km,5.56km,3.6,25,Y,2026-07-19,MagicBricks
PROP_154,3BHK,Semi-Furnished 3BHK Apartment in Kamla Nagar,Kamla Nagar,Delhi,North Delhi,Family,3,2,12,15,0,33k,"₹66,000",,2800,1508,semi-furnished,Y,yes,Yes,Y,12 Hours,Y,Y,N,N,No,yes,Yes,No,Vishwa Vidyalaya Metro Station,2.63km,Kirori Mal College,6.57,Connaught Place,10.39 km,2.29km,4.94,3.5,6,1,2026-08-11,99acres
PROP_155,1RK,Semi-Furnished 1RK Apartment in Model Town,Model Town,Delhi,North Delhi,Student,1,1,15,15,1,15000,30000,,700,378,semi-furnished,0,Yes,Yes,Yes,24 Hours,Y,0,No,Y,No,No,Yes,Y,Model Town Metro Station,430m,Miranda House,3.49,Connaught Place,9.38km,4.1 km,1.84 km,3.5,17,Yes,2026-08-05,99acres
PROP_156,1BHK,Fully Furnished 1BHK Apartment in Greater Kailash,Greater Kailash,Delhi,South Delhi,Family,1,1,1,3,14,"₹60,500",60k,,,786,Unfurnished,no,Y,no,N,12 Hours,1,No,no,0,0,no,no,1,Kailash Colony Metro Station,0.82 km,Lady Shri Ram College (LSR),3.28km,Nehru Place IT Hub,,3.31 km,1.14km,4.7,14,1,2026-08-02,99acres
PROP_157,1BHK,Fully Furnished 1BHK Apartment in Saket,SAKET,Delhi,South Delhi,Working Bachelor,1,1,1,4,3,17k,34000,1k,1100,444 sq.ft.,unfurnished,Yes,yes,No,Y,24 Hours,1,Yes,N,no,no,Y,N,No,Saket Metro Station,0.91 km,Gargi College,9.11 km,Saket District Centre,9.52km,,5.16km,4.4,21,Yes,2026-08-03,NoBroker
PROP_158,2BHK,Fully Furnished 2BHK Apartment in Model Town,Model Town,Delhi,North Delhi,Family,2,2,2,4,10,54500,"₹109,000",0,2600,1206,unfurnished,Y,N,0,1,24 Hours,Y,Y,0,Yes,no,no,yes,No,Model Town Metro Station,1.18,Miranda House,7.49 km,Connaught Place,14.61km,1.93 km,4.54km,3.5,48,Y,2026-07-04,Housing.com
PROP_159,1BHK,Fully Furnished 1BHK Apartment in Indirapuram,Indirapuram,Ghaziabad,Ghaziabad,Student,1,1,2,5,15,"Rs. 13,500/month",13k,0,1400,770,Unfurnished,N,Yes,Yes,Y,24 Hours,1,Yes,yes,N,no,N,yes,No,Vaishali Metro Station,1.38km,ABES Engineering College,610m,Noida Sector 62 IT Park,14.03,1.39 km,4.17,3.9,51,No,2026-07-28,99acres
PROP_160,2BHK,Fully Furnished 2BHK Apartment in Civil Lines,civil lines,Delhi,North Delhi,Family,2,2,0,24,0,68000,"₹136,000","Rs. 2,700/month",,1117,Unfurnished,0,yes,Y,N,24 Hours,Y,1,Yes,0,No,Yes,Yes,0,Civil Lines Metro Station,3.14 km,St. Stephen's College,,Connaught Place,2.26,3.01 km,,4.4,26,1,2026-08-05,NoBroker
PROP_161,2BHK,Semi-Furnished 2BHK Apartment in Mukherjee Nagar,Mukherjee Nagar,Delhi,North Delhi,Working Bachelor,2,2,9,12,14,11000,22000,1k,1300,615,semi-furnished,No,Yes,yes,yes,12 Hours,N,0,N,No,0,Y,1,Y,GTB Nagar Metro Station,,SGTB Khalsa College,6.61km,Connaught Place,10.03km,2.33km,5.48km,3.8,17,1,2026-07-27,MagicBricks
PROP_162,1RK,Semi-Furnished 1RK Apartment in Laxmi Nagar,Laxmi Nagar,Delhi,East Delhi,Student,1,1,2,12,10,5k,10000,₹900,600,334,semi-furnished,N,1,Yes,no,24 Hours,Yes,1,no,no,yes,0,0,No,Laxmi Nagar Metro Station,2.79 km,Shyam Lal College,1.41,Noida Sector 62 IT Park,12.78 km,0.55km,4.65 km,4.2,3,N,2026-08-07,Housing.com
PROP_163,1RK,Fully Furnished 1RK Apartment in Indirapuram,indirapuram,Ghaziabad,Ghaziabad,Student,1,1,6,24,6,"Rs. 8,500/month","Rs. 17,000/month",0,1200,485,Furnished,0,Y,yes,0,12 Hours,1,No,Y,1,Y,Y,N,N,Vaishali Metro Station,0.4 km,ABES Engineering College,8.75 km,Noida Sector 62 IT Park,14.54,0.56km,3.58 km,4.7,78,1,2026-07-05,MagicBricks
PROP_164,3BHK,Fully Furnished 3BHK Apartment in Hauz Khas,hauz khas,Delhi,South Delhi,Family,3,2,4,4,15,141k,282000,"₹4,800",4300,2091,Furnished,N,Yes,No,yes,4 Hours,Y,Y,no,Yes,No,no,1,No,Hauz Khas Metro Station,2.53,IIT Delhi,0.81 km,Okhla Industrial Area,11.6,3.54 km,,3.9,17,Yes,2026-07-05,99acres
PROP_165,1RK,Fully Furnished 1RK Apartment in Malviya Nagar,MALVIYA NAGAR,Delhi,South Delhi,Student,1,1,0,4,8,"Rs. 12,000/month","₹36,000",₹600,800,303,fully-furnished,no,Y,no,Y,12 Hours,Y,no,N,No,No,1,0,yes,Malviya Nagar Metro Station,4.11 km,College of Vocational Studies,8.46km,Okhla Industrial Area,8.05,1.66 km,3.45 km,3.4,18,yes,2026-06-30,Housing.com
PROP_166,2BHK,Fully Furnished 2BHK Apartment in Saket,Saket,Delhi,South Delhi,Family,2,2,12,12,6,"Rs. 33,500/month",100k,,1400,760,Furnished,N,1,Yes,0,4 Hours,Y,0,N,1,no,Yes,Y,yes,Saket Metro Station,3.49,Gargi College,3.17,Saket District Centre,8.78 km,0.39 km,1.86km,3.7,32,Yes,2026-08-06,99acres
PROP_167,1BHK,Semi-Furnished 1BHK Apartment in Kamla Nagar,Kamla Nagar,Delhi,North Delhi,Working Bachelor,1,1,1,3,3,11k,"Rs. 11,000/month",900,1000,507,semi-furnished,no,1,N,yes,24 Hours,N,No,N,No,no,Yes,Yes,no,Vishwa Vidyalaya Metro Station,,Kirori Mal College,5.83,Connaught Place,,3.47,0.71km,3.9,36,Y,2026-07-06,99acres
PROP_168,2BHK,Fully Furnished 2BHK Apartment in Green Park,Green Park,Delhi,South Delhi,Working Professional,2,2,0,4,7,74500,74500,0,2400,1348,unfurnished,1,Yes,No,0,12 Hours,Y,Y,N,N,no,Yes,1,0,Green Park Metro Station,1.69km,NIFT Delhi,,Bhikaji Cama Place,7.83km,,4.02,4.2,57,yes,2026-07-08,NoBroker
PROP_169,3BHK,Semi-Furnished 3BHK Apartment in Patel Nagar,Patel Nagar,Delhi,West Delhi,Family,3,2,1,4,1,"Rs. 25,000/month","Rs. 50,000/month",,1900,1088,Semi-Furnished,No,Yes,no,1,12 Hours,1,no,No,N,No,No,Y,0,Patel Nagar Metro Station,2.88,Kalindi College,,Rajendra Place IT Hub,6.82km,3.84,4.29,4.4,75,No,2026-08-04,MagicBricks
PROP_170,1BHK,Fully Furnished 1BHK Apartment in Saket,SAKET,Delhi,South Delhi,Family,1,1,6,8,8,"Rs. 27,500/month",55000,,,589,Furnished,N,Y,Y,1,24 Hours,yes,Y,No,N,no,yes,Yes,no,Saket Metro Station,,Gargi College,,Saket District Centre,0.87km,1.18,5.67 km,4.2,56,1,2026-07-26,MagicBricks
PROP_171,2BHK,Fully Furnished 2BHK Apartment in Kamla Nagar,Kamla Nagar,Delhi,North Delhi,Family,2,2,3,3,3,20500,41000,2k,1800,719,unfurnished,N,Yes,No,1,24 Hours,yes,yes,no,N,no,Yes,no,Yes,Vishwa Vidyalaya Metro Station,2.26 km,Kirori Mal College,6.23,Connaught Place,10.79km,390m,4.22km,4.2,80,Y,2026-07-14,NoBroker
PROP_172,1BHK,Fully Furnished 1BHK Apartment in Karol Bagh,Karol Bagh,Delhi,Central Delhi,Student,1,1,19,24,13,12500,12k,0,1000,364,Unfurnished,No,yes,1,Y,12 Hours,Y,1,N,N,no,Yes,1,yes,Karol Bagh Metro Station,2.46km,Sri Guru Nanak Dev Khalsa College,7.86,Connaught Place,2.1km,4.85 km,3.78km,3.4,69,Yes,2026-07-20,MagicBricks
PROP_173,3BHK,Fully Furnished 3BHK Apartment in Greater Kailash,Greater Kailash,Delhi,South Delhi,Working Professional,3,2,0,12,7,90k,90500,"₹4,200",2600,1710,unfurnished,no,Yes,1,no,4 Hours,Y,No,1,yes,1,Y,0,No,Kailash Colony Metro Station,1.43km,Lady Shri Ram College (LSR),4.75 km,Nehru Place IT Hub,1.95,4.85 km,3.58km,3.8,54,1,2026-07-09,99acres
PROP_174,2BHK,Fully Furnished 2BHK Apartment in Noida Sector 62,Noida Sec 62,Noida,Noida,Working Bachelor,2,2,16,24,7,"Rs. 18,500/month","₹37,000",,1400,857,fully-furnished,1,Y,yes,1,24 Hours,Y,0,N,no,1,Yes,0,0,Noida Sector 62 Metro Station,0.66km,JSS Academy of Technical Education,0.43 km,Noida Sector 62 IT Park,8.04,0.78 km,1.42km,4.7,14,1,2026-07-13,NoBroker
PROP_175,2BHK,Semi-Furnished 2BHK Apartment in Indirapuram,Indirapuram,Ghaziabad,Ghaziabad,Family,2,2,1,5,15,16k,32000,3300,2500,1118,semi-furnished,1,1,Yes,yes,24 Hours,0,Yes,no,yes,N,yes,1,N,Vaishali Metro Station,1.72 km,ABES Engineering College,7.74,Noida Sector 62 IT Park,14.05km,2.89km,3.96 km,3.5,75,yes,2026-07-27,NoBroker
PROP_176,1RK,Fully Furnished 1RK Apartment in Indirapuram,Indirapuram,Ghaziabad,Ghaziabad,Student,1,1,10,24,9,"₹6,000","₹12,000","Rs. 1,000/month",900,414,Furnished,No,1,1,N,12 Hours,Y,no,N,0,0,N,1,no,Vaishali Metro Station,,ABES Engineering College,3.85 km,Noida Sector 62 IT Park,7.26km,,4.45km,3.6,71,no,2026-07-20,99acres
PROP_177,2BHK,Fully Furnished 2BHK Apartment in Model Town,Model Town,Delhi,North Delhi,Family,2,2,15,24,5,"Rs. 33,000/month",66k,,2200,930,unfurnished,Yes,Yes,yes,no,24 Hours,Yes,Yes,Yes,N,no,No,Y,no,Model Town Metro Station,4.09km,Miranda House,5.99 km,Connaught Place,14.19km,2.68km,5.66km,3.9,85,Yes,2026-08-01,NoBroker
PROP_178,3BHK,Semi-Furnished 3BHK Apartment in Malviya Nagar,malviya nagar,Delhi,South Delhi,Family,3,2,1,3,11,36500,"Rs. 73,000/month",0,2500,1244,Semi-Furnished,yes,yes,no,1,4 Hours,Y,Y,no,no,no,N,Y,Y,Malviya Nagar Metro Station,2.65km,College of Vocational Studies,3.68 km,Okhla Industrial Area,9.81 km,2.36 km,3.9km,4.6,4,0,2026-08-04,NoBroker
PROP_179,1RK,Semi-Furnished 1RK Apartment in Noida Sector 62,NOIDA SECTOR 62,Noida,Noida,Family,1,1,2,4,0,"Rs. 7,000/month","₹14,000",,700,404,semi-furnished,1,Yes,no,N,24 Hours,no,0,0,0,0,yes,Y,0,Noida Sector 62 Metro Station,3.09,JSS Academy of Technical Education,3.21 km,Noida Sector 62 IT Park,14.58km,,,4.7,64,1,2026-07-27,Housing.com
PROP_180,3BHK,Fully Furnished 3BHK Apartment in Indirapuram,Indirapuram,Ghaziabad,Ghaziabad,Family,3,2,1,5,6,28k,"Rs. 56,000/month",3200,2900,1770,Furnished,yes,Y,yes,1,4 Hours,1,0,0,No,0,yes,Y,0,Vaishali Metro Station,2.73 km,ABES Engineering College,5.48km,Noida Sector 62 IT Park,5.53km,3.42km,5.83 km,3.2,77,yes,2026-07-21,99acres
PROP_181,1BHK,Fully Furnished 1BHK Apartment in Golf Course Road,Golf Course Road,Gurugram,Gurugram,Family,1,1,0,20,5,"₹56,500",113k,0,1200,749,Furnished,0,Yes,1,Yes,12 Hours,1,Yes,0,0,N,yes,0,No,Sector 42-43 Metro Station,0.76,GD Goenka University,3.57 km,Golf Course Road Offices,14.05 km,3.03km,1.43km,4.6,58,1,2026-07-26,MagicBricks
PROP_182,1BHK,Fully Furnished 1BHK Apartment in Model Town,Model Town,Delhi,North Delhi,Family,1,1,22,24,7,20k,"Rs. 40,000/month",0,1000,488,fully-furnished,0,Y,yes,No,12 Hours,Yes,Y,No,Y,No,0,no,N,Model Town Metro Station,,Miranda House,5.53 km,Connaught Place,12.01km,3.53km,0.58 km,4.2,27,1,2026-07-27,NoBroker
PROP_183,2BHK,Semi-Furnished 2BHK Apartment in Shakarpur,SHAKARPUR,Delhi,East Delhi,Family,2,2,2,3,10,11k,23000,1k,1200,753,semi-furnished,1,1,no,yes,4 Hours,1,Yes,N,Y,N,Y,1,yes,Nirman Vihar Metro Station,2.85,Bhim Rao Ambedkar College,5.78,Noida Sector 62 IT Park,6.52km,3.87 km,4.58 km,3.7,62,0,2026-07-10,NoBroker
PROP_184,1RK,Fully Furnished 1RK Apartment in Knowledge Park,Knowledge Park,Greater Noida,Greater Noida,Family,1,1,24,24,14,7500,15k,,,469 sq.ft.,Unfurnished,0,yes,Yes,Y,12 Hours,yes,No,0,0,Yes,yes,Yes,0,Knowledge Park II Metro Station,4.26 km,Sharda University,3.45 km,Greater Noida Industrial Area,4.12 km,2.93,2.99,3.4,47,1,2026-07-09,NoBroker
PROP_185,3BHK,Fully Furnished 3BHK Apartment in Green Park,Green Park,Delhi,South Delhi,Family,3,2,3,3,15,"₹140,500","₹281,000",0,3000,2128,fully-furnished,No,N,No,No,12 Hours,1,No,0,No,N,1,Yes,Y,Green Park Metro Station,3.43 km,NIFT Delhi,5.92km,Bhikaji Cama Place,11.98km,3.67km,,4.3,18,0,2026-07-31,99acres
PROP_186,3BHK,Semi-Furnished 3BHK Apartment in Laxmi Nagar,laxmi nagar,Delhi,East Delhi,Family,3,2,21,24,9,"₹22,000","Rs. 66,000/month","₹3,400",2100,1230,Semi-Furnished,yes,Y,Y,No,24 Hours,no,N,0,no,no,Y,1,0,Laxmi Nagar Metro Station,2.95 km,Shyam Lal College,8.75,Noida Sector 62 IT Park,7.49,2.52km,,4.3,8,Y,2026-07-31,NoBroker
PROP_187,1BHK,Fully Furnished 1BHK Apartment in Noida Sector 62,noida sector 62,Noida,Noida,Student,1,1,18,24,7,"Rs. 9,500/month","₹19,000",0,1200,458,unfurnished,no,yes,1,Y,4 Hours,Y,yes,No,no,No,yes,1,No,Noida Sector 62 Metro Station,1.5km,JSS Academy of Technical Education,,Noida Sector 62 IT Park,3.35km,0.76 km,780m,3.5,69,1,2026-07-25,MagicBricks
PROP_188,1BHK,Fully Furnished 1BHK Apartment in Golf Course Road,Golf Course Road,Gurugram,Gurugram,Family,1,1,3,5,0,"Rs. 55,000/month",110000,1900,2000,799,Unfurnished,0,yes,1,No,12 Hours,Y,no,No,no,N,Y,0,Y,Sector 42-43 Metro Station,4.18 km,GD Goenka University,2.34km,Golf Course Road Offices,10.24km,1.75km,1.39km,3.9,21,no,2026-07-24,Housing.com
PROP_189,2BHK,Semi-Furnished 2BHK Apartment in Mayur Vihar,mayur vihar,Delhi,East Delhi,Family,2,2,4,12,11,"Rs. 22,500/month","Rs. 45,000/month",2k,1400,976,semi-furnished,1,N,yes,0,12 Hours,yes,1,0,No,0,0,1,Yes,Mayur Vihar 1 Metro Station,2.91,Shaheed Sukhdev College of Business Studies,2.98 km,Noida Sector 62 IT Park,5.86,4.63km,930m,3.4,9,1,2026-08-04,NoBroker
PROP_190,3BHK,Semi-Furnished 3BHK Apartment in Knowledge Park,Knowledge Park,Greater Noida,Greater Noida,Family,3,2,1,3,3,"₹16,000",32k,"Rs. 4,900/month",,1441,semi-furnished,0,1,No,No,4 Hours,1,N,0,N,No,No,No,No,Knowledge Park II Metro Station,,Sharda University,4.84 km,Greater Noida Industrial Area,9.93 km,1.12km,0.72 km,4.4,35,yes,2026-07-03,99acres
PROP_191,1BHK,Fully Furnished 1BHK Apartment in Noida Sector 15,Noida Sector 15,Noida,Noida,Family,1,1,0,5,0,"₹14,500","Rs. 29,000/month",1k,1000,544 sq.ft.,Unfurnished,No,N,N,no,4 Hours,yes,yes,N,no,N,1,1,yes,Noida Sector 15 Metro Station,1.77km,Amity University Noida,4.63 km,Noida Sector 16 Commercial Hub,6.29 km,1.19km,2.47km,4.6,11,No,2026-08-03,NoBroker
PROP_192,1RK,Fully Furnished 1RK Apartment in Golf Course Road,Golf Course Road,Gurugram,Gurugram,Family,1,1,0,24,8,"₹53,000","₹159,000","Rs. 1,800/month",1300,658,fully-furnished,N,yes,Yes,yes,24 Hours,1,No,no,N,1,0,yes,no,Sector 42-43 Metro Station,1.71km,GD Goenka University,9.27 km,Golf Course Road Offices,,0.34 km,1.46 km,3.9,47,N,2026-07-05,99acres
PROP_193,4BHK,Fully Furnished 4BHK Apartment in Golf Course Road,Golf Course Road,Gurugram,Gurugram,Family,4,4,15,24,8,284500,569000,,4700,3727,fully-furnished,Y,No,yes,yes,24 Hours,yes,No,N,No,Y,Y,1,N,Sector 42-43 Metro Station,3.44km,GD Goenka University,,Golf Course Road Offices,6.62,3.37,3.6km,4.8,4,1,2026-07-04,MagicBricks
PROP_194,1BHK,Fully Furnished 1BHK Apartment in Patel Nagar,Patel Nagar,Delhi,West Delhi,Student,1,1,2,5,10,"Rs. 14,500/month","Rs. 29,000/month",,,458,Unfurnished,0,0,Y,N,24 Hours,Y,Yes,no,1,No,Y,Y,0,Patel Nagar Metro Station,2.53km,Kalindi College,9.41,Rajendra Place IT Hub,14.51km,,1.34km,4.6,65,yes,2026-08-12,NoBroker
PROP_195,3BHK,Fully Furnished 3BHK Apartment in Dwarka,DWARKA,Delhi,Dwarka,Family,3,2,9,20,12,"₹57,500",115k,"Rs. 3,300/month",4800,2118,unfurnished,0,0,Y,Y,4 Hours,Y,Yes,1,1,no,yes,1,no,Dwarka Sector 10 Metro Station,3.77 km,Netaji Subhas University of Technology (NSUT),0.98,Gurugram Sector 21 IT Park,14.47km,1.53,5.39km,3.4,74,no,2026-07-31,Housing.com
PROP_196,4BHK,Fully Furnished 4BHK Apartment in Gurugram Sector 45,GURUGRAM SECTOR 45,Gurugram,Gurugram,Family,4,4,24,24,9,"₹89,000",178000,"₹4,200",4700,2315 sq.ft.,Furnished,Yes,Y,1,0,12 Hours,Yes,N,N,N,N,No,1,1,HUDA City Centre Metro Station,1.07km,Ansal University,4.51km,Golf Course Road Offices,4.35km,,5.01km,4.0,77,1,2026-07-06,Housing.com
PROP_197,2BHK,Fully Furnished 2BHK Apartment in Malviya Nagar,Malviya Nagar,Delhi,South Delhi,Family,2,2,0,5,10,"Rs. 43,500/month",87k,3k,1700,1025,Unfurnished,1,0,Y,Y,12 Hours,yes,Yes,N,no,no,Y,N,no,Malviya Nagar Metro Station,3.82,College of Vocational Studies,8.61km,Okhla Industrial Area,5.34km,,4.52,4.6,29,Y,2026-08-07,MagicBricks
PROP_198,2BHK,Fully Furnished 2BHK Apartment in Noida Sector 137,Noida Sec 137,Noida,Noida,Working Bachelor,2,2,8,20,4,19000,"Rs. 38,000/month",0,2300,974,Furnished,N,1,Y,No,12 Hours,yes,Yes,no,N,yes,no,yes,no,Noida Sector 137 Metro Station,0.74,Amity University Noida,3.18km,Noida Expressway Offices,14.49,4.32km,3.05 km,3.9,71,yes,2026-07-18,NoBroker
PROP_199,2BHK,Fully Furnished 2BHK Apartment in DLF Phase 3,DLF Phase 3,Gurugram,Gurugram,Family,2,2,17,24,10,38k,114k,,1800,925,Furnished,yes,yes,Yes,1,12 Hours,1,yes,1,No,0,no,Y,Y,Phase 3 Metro Station,2.61km,Dronacharya College of Engineering,9.49km,DLF Cyber City,11.05,,3.1km,4.4,17,no,2026-07-02,Housing.com
PROP_200,2BHK,Fully Furnished 2BHK Apartment in Knowledge Park,Knowledge Park,Greater Noida,Greater Noida,Working Bachelor,2,2,1,5,0,"Rs. 14,500/month","₹29,000",0,2300,1028,Unfurnished,0,Y,1,1,12 Hours,1,no,no,Y,no,N,yes,yes,Knowledge Park II Metro Station,1.1,Sharda University,9.86km,Greater Noida Industrial Area,,1.83km,4.59km,4.1,2,No,2026-07-09,MagicBricks
PROP_201,2BHK,Fully Furnished 2BHK Apartment in Preet Vihar,preet vihar,Delhi,East Delhi,Family,2,2,4,5,4,32500,"Rs. 65,000/month",0,2300,964,fully-furnished,0,Yes,Yes,N,12 Hours,Yes,yes,no,0,no,Y,0,No,Preet Vihar Metro Station,3.04km,Vivekananda College,0.93 km,Noida Sector 62 IT Park,,0.88 km,5.77km,4.0,51,Yes,2026-07-14,MagicBricks
PROP_202,1RK,Fully Furnished 1RK Apartment in Mayur Vihar,mayur vihar,Delhi,East Delhi,Student,1,1,0,3,6,8000,"₹16,000",0,,270 sq.ft.,unfurnished,N,no,N,No,24 Hours,Y,Y,No,0,no,Yes,No,no,Mayur Vihar 1 Metro Station,4.03km,Shaheed Sukhdev College of Business Studies,7.21 km,Noida Sector 62 IT Park,,1.18km,1.48km,4.3,1,1,2026-07-31,MagicBricks
PROP_203,3BHK,Fully Furnished 3BHK Apartment in Vasant Kunj,Vasant Kunj,Delhi,South Delhi,Working Professional,3,2,12,20,8,"Rs. 127,500/month",255k,"₹5,900",3600,2078,Unfurnished,no,0,Yes,0,24 Hours,1,yes,Yes,1,Y,Y,0,Y,Chattarpur Metro Station,1.35 km,Jawaharlal Nehru University (JNU),5.83km,Cyber City Gurugram,2.07km,0.77km,4.99,4.7,11,1,2026-08-01,NoBroker
PROP_204,1BHK,Semi-Furnished 1BHK Apartment in Knowledge Park,KNOWLEDGE PARK,Greater Noida,Greater Noida,Family,1,1,3,3,12,8000,"₹16,000","₹1,100",,596,Semi-Furnished,Y,yes,no,N,4 Hours,No,No,N,no,N,Yes,Yes,no,Knowledge Park II Metro Station,3.29km,Sharda University,3.42km,Greater Noida Industrial Area,1.06 km,4.53 km,4.2km,3.2,0,1,2026-07-08,MagicBricks
PROP_205,1BHK,Fully Furnished 1BHK Apartment in Hauz Khas,Hauz Khas,Delhi,South Delhi,Family,1,1,8,20,5,37k,75k,,1600,640,fully-furnished,No,Y,1,yes,12 Hours,yes,N,0,0,0,1,Y,0,Hauz Khas Metro Station,0.69,IIT Delhi,5.44km,Okhla Industrial Area,4.07km,3.62km,3.54km,4.8,84,Y,2026-07-15,Housing.com
PROP_206,2BHK,Semi-Furnished 2BHK Apartment in Golf Course Road,Golf Course Road,Gurugram,Gurugram,Family,2,2,2,8,13,94500,283k,"Rs. 4,000/month",2500,1327,Semi-Furnished,yes,no,1,Yes,4 Hours,Yes,Yes,No,No,N,N,yes,N,Sector 42-43 Metro Station,3.8,GD Goenka University,3.82,Golf Course Road Offices,13.68km,,5.02km,4.0,22,Yes,2026-07-09,NoBroker
PROP_207,2BHK,Fully Furnished 2BHK Apartment in Rohini,Rohini,Delhi,North Delhi,Family,2,2,3,5,0,"Rs. 19,000/month",38000,,2000,825 sq.ft.,unfurnished,N,No,Yes,Y,4 Hours,1,No,no,N,N,No,1,1,Rohini West Metro Station,4.46km,Delhi Technological University (DTU),3.84 km,Netaji Subhash Place,4.16,,5.9km,4.7,3,yes,2026-08-10,NoBroker
PROP_208,1BHK,Fully Furnished 1BHK Apartment in Patel Nagar,Patel Nagar,Delhi,West Delhi,Student,1,1,13,20,10,11500,"₹23,000",₹900,1100,368,Unfurnished,Y,yes,Y,1,4 Hours,Yes,N,No,yes,No,yes,yes,no,Patel Nagar Metro Station,,Kalindi College,8.68 km,Rajendra Place IT Hub,0.64 km,,,4.7,79,1,2026-07-04,99acres
PROP_209,1BHK,Semi-Furnished 1BHK Apartment in Shakarpur,Shakarpur,Delhi,East Delhi,Student,1,1,3,3,5,"₹7,000","Rs. 14,000/month",Rs. 900/month,900,453,semi-furnished,No,yes,N,yes,4 Hours,Yes,Y,no,Y,0,Y,Y,no,Nirman Vihar Metro Station,2.43km,Bhim Rao Ambedkar College,6.65km,Noida Sector 62 IT Park,,1.41,4.6km,3.3,8,Yes,2026-07-05,Housing.com
PROP_210,1BHK,Fully Furnished 1BHK Apartment in Hauz Khas,Hauz Khas,Delhi,South Delhi,Family,1,1,14,24,10,39k,79000,900,1200,626 sq.ft.,Unfurnished,0,1,yes,0,12 Hours,Yes,N,no,No,no,yes,Yes,no,Hauz Khas Metro Station,,IIT Delhi,2.22km,Okhla Industrial Area,7.71 km,0.96,5.03 km,4.7,35,1,2026-07-06,Housing.com
PROP_211,1BHK,Fully Furnished 1BHK Apartment in Laxmi Nagar,Laxmi Nagar,Delhi,East Delhi,Student,1,1,2,5,15,"₹7,500","₹7,500",Rs. 700/month,1000,382,unfurnished,1,yes,Y,N,4 Hours,1,N,N,no,N,no,no,no,Laxmi Nagar Metro Station,2.25 km,Shyam Lal College,,Noida Sector 62 IT Park,0.78km,2.65km,840m,4.5,79,1,2026-07-15,99acres
PROP_212,2BHK,Fully Furnished 2BHK Apartment in Shakarpur,Shakarpur,Delhi,East Delhi,Working Professional,2,2,3,12,12,13k,27000,1k,1900,778,unfurnished,Yes,yes,Yes,1,24 Hours,Y,yes,0,0,No,0,1,yes,Nirman Vihar Metro Station,1.52 km,Bhim Rao Ambedkar College,0.46 km,Noida Sector 62 IT Park,,,3.02km,3.4,48,1,2026-07-03,99acres
PROP_213,1RK,Fully Furnished 1RK Apartment in Golf Course Road,Golf Course Road,Gurugram,Gurugram,Family,1,1,3,3,12,"₹33,500","₹67,000",0,1100,483,Furnished,No,0,no,Y,24 Hours,yes,Yes,yes,No,no,no,no,N,Sector 42-43 Metro Station,1.81 km,GD Goenka University,6.45km,Golf Course Road Offices,6.24km,2.65km,1.95 km,3.2,53,Yes,2026-08-01,MagicBricks
PROP_214,1BHK,Semi-Furnished 1BHK Apartment in Patel Nagar,Patel Nagar,Delhi,West Delhi,Family,1,1,6,20,5,12000,"Rs. 12,000/month",0,,404,semi-furnished,1,no,Y,no,4 Hours,N,yes,N,No,yes,N,1,0,Patel Nagar Metro Station,4.43km,Kalindi College,6.14 km,Rajendra Place IT Hub,2.9 km,2.56,,3.7,85,no,2026-08-09,MagicBricks
PROP_215,1BHK,Fully Furnished 1BHK Apartment in Saket,Saket,Delhi,South Delhi,Student,1,1,1,8,0,14500,"Rs. 29,000/month",0,,408,fully-furnished,0,Yes,yes,Y,12 Hours,Yes,0,yes,0,0,1,1,No,Saket Metro Station,2.64,Gargi College,0.73km,Saket District Centre,1.41km,3.89 km,,3.7,61,Y,2026-08-12,99acres
PROP_216,2BHK,Semi-Furnished 2BHK Apartment in Preet Vihar,Preet Vihar,Delhi,East Delhi,Family,2,2,5,20,12,"Rs. 31,000/month","Rs. 62,000/month",0,1800,968,Semi-Furnished,Y,no,1,0,12 Hours,No,no,N,0,no,N,yes,no,Preet Vihar Metro Station,3.84km,Vivekananda College,5.86km,Noida Sector 62 IT Park,14.67km,4.0 km,5.0km,3.9,53,No,2026-07-11,MagicBricks
PROP_217,1BHK,Fully Furnished 1BHK Apartment in Knowledge Park,Knowledge Park,Greater Noida,Greater Noida,Student,1,1,3,4,4,6500,13k,0k,1500,617,Unfurnished,N,1,N,No,24 Hours,Yes,Y,yes,No,No,Yes,Y,No,Knowledge Park II Metro Station,3.17km,Sharda University,3.21,Greater Noida Industrial Area,6.12km,1.2km,2.74km,4.2,61,Yes,2026-07-01,Housing.com
PROP_218,2BHK,Fully Furnished 2BHK Apartment in Kamla Nagar,Kamla Nagar,Delhi,North Delhi,Working Bachelor,2,2,1,24,10,19500,"₹39,000","Rs. 1,400/month",,662,Unfurnished,1,1,yes,Yes,4 Hours,1,yes,0,No,Yes,0,1,yes,Vishwa Vidyalaya Metro Station,0.28km,Kirori Mal College,6.13 km,Connaught Place,,3.5,5.82km,3.3,61,Yes,2026-07-20,NoBroker
PROP_219,2BHK,Semi-Furnished 2BHK Apartment in Preet Vihar,Preet Vihar,Delhi,East Delhi,Family,2,2,2,20,2,41000,"₹82,000",2k,1800,1197,Semi-Furnished,Y,yes,yes,yes,24 Hours,no,Y,0,yes,No,yes,Y,1,Preet Vihar Metro Station,150m,Vivekananda College,0.88 km,Noida Sector 62 IT Park,,0.74,,4.2,1,yes,2026-07-24,NoBroker
PROP_219,1RK,Semi-Furnished 1RK Apartment in Green Park,Green Park,Delhi,South Delhi,Family,1,1,3,3,1,18500,37k,600,,353,semi-furnished,0,Y,0,yes,4 Hours,0,0,no,N,0,0,1,Yes,Green Park Metro Station,3.2km,NIFT Delhi,7.84km,Bhikaji Cama Place,,0.39km,1.88km,3.7,83,Y,2026-07-25,99acres
PROP_221,1BHK,Semi-Furnished 1BHK Apartment in Dwarka,Dwarka,Delhi,Dwarka,Family,1,1,3,8,11,"Rs. 13,000/month","Rs. 26,000/month",2000,,607 sq.ft.,Semi-Furnished,no,0,1,no,4 Hours,no,N,N,N,no,no,Y,no,Dwarka Sector 10 Metro Station,,Netaji Subhas University of Technology (NSUT),6.44,Gurugram Sector 21 IT Park,5.39km,4.46km,4.91km,3.8,50,Y,2026-07-08,Housing.com
PROP_222,4BHK,Fully Furnished 4BHK Apartment in Patel Nagar,PATEL NAGAR,Delhi,West Delhi,Family,4,4,1,15,1,61500,"₹123,000","₹3,600",3100,2072,Furnished,N,Y,Yes,0,24 Hours,Yes,No,Y,N,yes,Y,N,no,Patel Nagar Metro Station,0.2 km,Kalindi College,,Rajendra Place IT Hub,11.55km,1.02,5.81 km,3.9,69,yes,2026-08-08,99acres
PROP_223,2BHK,Semi-Furnished 2BHK Apartment in DLF Phase 3,dlf phase 3,Gurugram,Gurugram,Family,2,2,3,12,15,"₹31,000",62k,,1000,814,semi-furnished,Y,1,1,no,12 Hours,Yes,0,0,N,Y,Y,0,0,Phase 3 Metro Station,4.33,Dronacharya College of Engineering,6.96 km,DLF Cyber City,8.67km,3.3km,0.67 km,4.4,2,Y,2026-07-21,Housing.com
PROP_224,3BHK,Fully Furnished 3BHK Apartment in Mayur Vihar,Mayur Vihar,Delhi,East Delhi,Family,3,2,7,12,4,42500,"₹85,000","₹2,500",2400,1253,Furnished,1,yes,Y,Yes,24 Hours,Yes,no,0,no,yes,Yes,Yes,yes,Mayur Vihar 1 Metro Station,2.45 km,Shaheed Sukhdev College of Business Studies,7.86,Noida Sector 62 IT Park,8.52 km,1.97 km,,4.1,23,Yes,2026-07-24,NoBroker
PROP_225,2BHK,Fully Furnished 2BHK Apartment in Rajinder Nagar,RAJINDER NAGAR,Delhi,Central Delhi,Family,2,2,17,20,12,"₹29,000",29000,,1500,688,fully-furnished,0,N,1,0,24 Hours,1,Yes,N,No,0,Y,Y,No,Rajendra Place Metro Station,1.05 km,Venkateshwara College,,Rajendra Place IT Hub,11.38 km,,3.67 km,4.5,17,Y,2026-07-19,NoBroker
PROP_226,2BHK,Semi-Furnished 2BHK Apartment in Preet Vihar,preet vihar,Delhi,East Delhi,Family,2,2,3,3,2,34k,"Rs. 34,000/month","₹3,300",1900,1062,semi-furnished,yes,yes,No,no,4 Hours,N,yes,N,1,N,0,Y,Yes,Preet Vihar Metro Station,3.63 km,Vivekananda College,5.98 km,Noida Sector 62 IT Park,,,2.77 km,4.1,85,Yes,2026-08-04,Housing.com
PROP_227,1BHK,Fully Furnished 1BHK Apartment in Indirapuram,Indirapuram,Ghaziabad,Ghaziabad,Student,1,1,2,24,7,"Rs. 10,500/month","₹10,500",,1200,644,fully-furnished,no,0,1,N,4 Hours,Y,N,N,N,N,no,Yes,N,Vaishali Metro Station,1.54km,ABES Engineering College,5.24km,Noida Sector 62 IT Park,7.73 km,3.68km,2.61 km,4.8,38,Y,2026-08-07,NoBroker
PROP_228,1RK,Semi-Furnished 1RK Apartment in Shakarpur,Shakarpur,Delhi,East Delhi,Student,1,1,7,8,15,5000,"₹10,000",800,400,248,semi-furnished,0,1,yes,yes,12 Hours,Y,No,Yes,No,no,1,no,No,Nirman Vihar Metro Station,2.17 km,Bhim Rao Ambedkar College,0.62,Noida Sector 62 IT Park,,4.25km,4.17,4.8,45,Yes,2026-08-11,NoBroker
PROP_229,2BHK,Fully Furnished 2BHK Apartment in Laxmi Nagar,laxmi nagar,Delhi,East Delhi,Family,2,2,10,20,5,13500,27k,1k,1500,838,Unfurnished,0,Y,1,yes,12 Hours,Y,1,yes,Yes,No,1,Yes,Y,Laxmi Nagar Metro Station,3.13km,Shyam Lal College,5.92km,Noida Sector 62 IT Park,10.92km,2.29km,1.0km,4.3,85,Y,2026-06-29,NoBroker
PROP_230,3BHK,Fully Furnished 3BHK Apartment in Noida Sector 137,Noida Sec 137,Noida,Noida,Family,3,2,4,15,1,37k,"Rs. 74,000/month",3k,,1847 sq.ft.,Furnished,no,1,no,0,24 Hours,Yes,N,N,No,no,Y,Y,no,Noida Sector 137 Metro Station,2.01km,Amity University Noida,9.51km,Noida Expressway Offices,12.1km,2.38km,,4.1,68,0,2026-08-11,99acres
PROP_231,2BHK,Fully Furnished 2BHK Apartment in Rajinder Nagar,Rajinder Nagar,Delhi,Central Delhi,Working Bachelor,2,2,0,20,13,24k,24000,,1600,799,fully-furnished,Yes,N,1,Y,4 Hours,Yes,yes,N,no,0,Y,yes,1,Rajendra Place Metro Station,450m,Venkateshwara College,6.57km,Rajendra Place IT Hub,,0.3,1.04 km,4.5,33,Y,2026-07-02,99acres
PROP_232,3BHK,Fully Furnished 3BHK Apartment in Rajinder Nagar,rajinder nagar,Delhi,Central Delhi,Family,3,2,16,24,3,"Rs. 49,500/month",49k,2500,3200,1489,fully-furnished,Y,N,Y,yes,4 Hours,Y,No,no,yes,no,Y,1,0,Rajendra Place Metro Station,0.56 km,Venkateshwara College,5.27km,Rajendra Place IT Hub,12.27km,,1.38km,4.3,75,Yes,2026-07-30,Housing.com
PROP_233,2BHK,Fully Furnished 2BHK Apartment in Rohini,Rohini,Delhi,North Delhi,Family,2,2,4,4,1,"₹15,500",31k,,1900,851,fully-furnished,N,1,N,Yes,24 Hours,Y,no,0,N,N,No,N,Y,Rohini West Metro Station,3.35 km,Delhi Technological University (DTU),4.25km,Netaji Subhash Place,0.88,1.57km,1.35km,3.4,17,No,2026-07-21,MagicBricks
PROP_234,2BHK,Fully Furnished 2BHK Apartment in Laxmi Nagar,Laxmi Nagar,Delhi,East Delhi,Family,2,2,8,15,1,"₹11,000",22k,,1100,628 sq.ft.,Furnished,Yes,No,1,Y,12 Hours,Yes,yes,yes,Yes,No,yes,yes,No,Laxmi Nagar Metro Station,3.1 km,Shyam Lal College,8.79 km,Noida Sector 62 IT Park,8.86km,3.7,5.1 km,4.0,30,yes,2026-07-05,Housing.com
PROP_235,2BHK,Fully Furnished 2BHK Apartment in Janakpuri,Janakpuri,Delhi,West Delhi,Family,2,2,0,8,2,35k,"₹70,000",0,,1242,Unfurnished,no,N,No,No,4 Hours,Yes,Y,no,Yes,N,1,Y,no,Janakpuri West Metro Station,3.87 km,Bhaskaracharya College,,Janakpuri District Centre,6.14 km,1.1km,4.1km,4.8,31,Y,2026-07-17,MagicBricks
PROP_236,1BHK,Fully Furnished 1BHK Apartment in Kamla Nagar,Kamla Nagar,Delhi,North Delhi,Student,1,1,2,12,15,12k,"Rs. 25,000/month",0,1300,476,Unfurnished,no,yes,1,yes,24 Hours,Y,N,N,N,No,Yes,Y,yes,Vishwa Vidyalaya Metro Station,,Kirori Mal College,6.78km,Connaught Place,8.56,3.15km,4.85,4.1,23,Yes,2026-08-04,MagicBricks
PROP_237,1RK,Fully Furnished 1RK Apartment in Vasant Kunj,Vasant Kunj,Delhi,South Delhi,Family,1,1,8,8,10,"₹24,000","Rs. 48,000/month",0,,516,fully-furnished,0,No,Yes,yes,24 Hours,1,no,No,1,no,yes,Yes,Yes,Chattarpur Metro Station,4.14 km,Jawaharlal Nehru University (JNU),4.27km,Cyber City Gurugram,14.87,3.29,5.37,4.7,11,yes,2026-07-05,MagicBricks
PROP_238,2BHK,Semi-Furnished 2BHK Apartment in Civil Lines,civil lines,Delhi,North Delhi,Family,2,2,0,5,3,60000,"₹120,000",,2800,1395,semi-furnished,No,yes,yes,Yes,4 Hours,yes,Y,0,no,No,yes,Y,0,Civil Lines Metro Station,780m,St. Stephen's College,0.91km,Connaught Place,13.57,2.47,0.34,3.8,68,1,2026-08-07,MagicBricks
PROP_239,2BHK,Semi-Furnished 2BHK Apartment in Karol Bagh,Karol Bagh,Delhi,Central Delhi,Working Bachelor,2,2,9,12,6,21500,43000,"Rs. 2,500/month",1300,834,semi-furnished,No,Y,1,No,4 Hours,Yes,Yes,0,no,yes,yes,no,No,Karol Bagh Metro Station,,Sri Guru Nanak Dev Khalsa College,5.66km,Connaught Place,5.42km,2.78 km,1.78 km,3.8,17,Yes,2026-07-17,Housing.com
PROP_240,1RK,Fully Furnished 1RK Apartment in Knowledge Park,knowledge park,Greater Noida,Greater Noida,Family,1,1,0,4,6,"₹5,000","₹5,000","₹1,200",1100,421,Unfurnished,No,Y,No,No,4 Hours,yes,N,No,N,N,Yes,yes,0,Knowledge Park II Metro Station,1.36km,Sharda University,5.37km,Greater Noida Industrial Area,11.64km,0.92 km,,3.7,79,Y,2026-07-20,Housing.com
PROP_241,4BHK,Semi-Furnished 4BHK Apartment in Janakpuri,Janakpuri,Delhi,West Delhi,Family,4,4,0,3,15,50k,"Rs. 101,000/month",,4000,2514,Semi-Furnished,yes,1,N,No,4 Hours,no,Yes,No,0,N,No,No,Y,Janakpuri West Metro Station,4.33km,Bhaskaracharya College,6.54km,Janakpuri District Centre,8.44 km,,5.32km,3.6,24,yes,2026-07-11,MagicBricks
PROP_242,2BHK,Semi-Furnished 2BHK Apartment in Rohini,Rohini,Delhi,North Delhi,Family,2,2,9,20,12,"₹14,000",42000,,1100,841,Semi-Furnished,Y,No,yes,N,12 Hours,no,Yes,0,0,N,Yes,No,no,Rohini West Metro Station,3.75 km,Delhi Technological University (DTU),2.97,Netaji Subhash Place,11.02 km,840m,3.78,4.4,43,Yes,2026-07-26,NoBroker
PROP_243,2BHK,Fully Furnished 2BHK Apartment in Civil Lines,Civil Lines,Delhi,North Delhi,Working Professional,2,2,0,8,13,58k,116k,,2200,1065,Unfurnished,No,0,Y,No,12 Hours,1,No,yes,No,No,Y,No,No,Civil Lines Metro Station,1.18km,St. Stephen's College,3.96 km,Connaught Place,7.35 km,3.57km,,3.7,76,1,2026-08-13,NoBroker
PROP_244,2BHK,Fully Furnished 2BHK Apartment in Rohini,Rohini,Delhi,North Delhi,Family,2,2,10,15,13,16500,33000,1k,1500,728,fully-furnished,Y,N,1,No,12 Hours,Yes,N,0,No,No,yes,Yes,no,Rohini West Metro Station,3.95km,Delhi Technological University (DTU),0.84 km,Netaji Subhash Place,13.33km,1.93km,,4.2,3,1,2026-08-09,99acres
PROP_245,3BHK,Fully Furnished 3BHK Apartment in Patel Nagar,Patel Nagar,Delhi,West Delhi,Family,3,2,24,24,6,42500,85000,0,1700,1236,Furnished,yes,yes,yes,Y,4 Hours,Yes,Y,No,No,No,N,Yes,0,Patel Nagar Metro Station,4.46 km,Kalindi College,5.95 km,Rajendra Place IT Hub,2.9km,3.83km,,4.3,80,1,2026-07-02,99acres
PROP_246,1RK,Fully Furnished 1RK Apartment in Vasant Kunj,vasant kunj,Delhi,South Delhi,Family,1,1,1,8,5,26000,52000,0,1400,525,unfurnished,no,yes,1,Yes,12 Hours,Yes,0,No,0,No,yes,N,no,Chattarpur Metro Station,2.39km,Jawaharlal Nehru University (JNU),2.44km,Cyber City Gurugram,10.22 km,3.09km,2.36km,3.6,66,Yes,2026-07-26,MagicBricks
PROP_247,2BHK,Fully Furnished 2BHK Apartment in Janakpuri,janakpuri,Delhi,West Delhi,Family,2,2,13,24,3,29500,29500,0,1600,1140,Unfurnished,no,N,Yes,yes,12 Hours,1,no,N,N,No,no,yes,1,Janakpuri West Metro Station,2.74km,Bhaskaracharya College,9.1 km,Janakpuri District Centre,6.14,4.99km,0.97,4.9,49,Yes,2026-08-08,NoBroker
PROP_248,2BHK,Fully Furnished 2BHK Apartment in Green Park,GREEN PARK,Delhi,South Delhi,Family,2,2,14,24,14,"Rs. 63,500/month",63k,,1900,1131,fully-furnished,1,1,1,0,4 Hours,yes,N,Yes,0,0,No,No,N,Green Park Metro Station,,NIFT Delhi,9.38,Bhikaji Cama Place,10.28 km,1.46 km,,3.5,58,yes,2026-07-24,99acres
PROP_249,3BHK,Semi-Furnished 3BHK Apartment in Knowledge Park,Knowledge Park,Greater Noida,Greater Noida,Family,3,2,7,8,2,20500,"Rs. 41,000/month",,2600,1966,semi-furnished,N,Yes,yes,N,24 Hours,1,Yes,No,N,No,yes,Yes,No,Knowledge Park II Metro Station,4.18 km,Sharda University,9.08km,Greater Noida Industrial Area,11.24km,2.6 km,3.23,4.8,9,yes,2026-07-04,MagicBricks
PROP_250,1BHK,Fully Furnished 1BHK Apartment in DLF Phase 3,DLF Phase 3,Gurugram,Gurugram,Student,1,1,23,24,0,"Rs. 15,000/month",30000,500,800,385,unfurnished,0,Yes,Yes,1,24 Hours,1,no,No,No,yes,yes,Y,no,Phase 3 Metro Station,0.48km,Dronacharya College of Engineering,4.12km,DLF Cyber City,13.17km,1.96km,4.73km,4.1,57,N,2026-07-19,NoBroker
PROP_251,1BHK,Semi-Furnished 1BHK Apartment in DLF Phase 3,dlf phase 3,Gurugram,Gurugram,Working Bachelor,1,1,8,8,13,16k,32k,,1100,560 sq.ft.,Semi-Furnished,N,Y,Y,N,4 Hours,No,N,0,No,0,yes,1,0,Phase 3 Metro Station,0.96km,Dronacharya College of Engineering,7.76,DLF Cyber City,10.02km,0.33km,3.81km,3.7,9,No,2026-07-04,Housing.com
PROP_252,1BHK,Fully Furnished 1BHK Apartment in Noida Sector 15,Noida Sec 15,Noida,Noida,Student,1,1,12,15,12,"₹10,500","Rs. 21,000/month",,1200,500,Furnished,N,Yes,Yes,yes,4 Hours,Y,N,0,0,Y,N,yes,no,Noida Sector 15 Metro Station,3.11km,Amity University Noida,7.47km,Noida Sector 16 Commercial Hub,12.78km,3.99km,5.03 km,3.6,24,Yes,2026-07-23,Housing.com
PROP_253,2BHK,Fully Furnished 2BHK Apartment in Green Park,Green Park,Delhi,South Delhi,Family,2,2,3,3,8,"₹64,500","₹64,500",0,1800,982,unfurnished,N,Y,0,N,12 Hours,yes,Y,No,No,No,0,yes,N,Green Park Metro Station,2.66,NIFT Delhi,,Bhikaji Cama Place,1.05km,4.23 km,1.5,3.7,41,Yes,2026-07-24,99acres
PROP_254,2BHK,Fully Furnished 2BHK Apartment in Rohini,Rohini,Delhi,North Delhi,Working Bachelor,2,2,4,4,15,17000,17k,1k,1500,709,Furnished,yes,No,N,yes,4 Hours,Y,yes,0,N,0,0,Y,yes,Rohini West Metro Station,,Delhi Technological University (DTU),7.15,Netaji Subhash Place,,4.92 km,,3.7,80,1,2026-07-21,99acres
PROP_255,1BHK,Fully Furnished 1BHK Apartment in Rohini,Rohini,Delhi,North Delhi,Family,1,1,2,4,10,"Rs. 9,000/month","₹9,000",1100,1100,411,fully-furnished,Yes,1,No,1,4 Hours,yes,N,0,0,no,yes,1,N,Rohini West Metro Station,,Delhi Technological University (DTU),1.75 km,Netaji Subhash Place,0.59 km,1.96 km,3.24 km,4.5,21,N,2026-07-31,MagicBricks
PROP_256,2BHK,Fully Furnished 2BHK Apartment in Kamla Nagar,Kamla Nagar,Delhi,North Delhi,Family,2,2,3,4,5,19000,38000,"₹1,400",1600,783,unfurnished,N,Y,N,N,4 Hours,Y,1,No,No,0,yes,0,yes,Vishwa Vidyalaya Metro Station,3.26km,Kirori Mal College,9.62,Connaught Place,9.86km,1.04km,2.91 km,3.6,56,yes,2026-07-08,NoBroker
PROP_257,3BHK,Fully Furnished 3BHK Apartment in Greater Kailash,greater kailash,Delhi,South Delhi,Family,3,2,9,15,8,"₹122,500",245000,0,3600,1953,fully-furnished,1,1,1,1,12 Hours,yes,N,N,0,No,1,1,yes,Kailash Colony Metro Station,,Lady Shri Ram College (LSR),1.87,Nehru Place IT Hub,,3.4km,3.7 km,4.5,63,yes,2026-07-13,99acres
PROP_258,3BHK,Fully Furnished 3BHK Apartment in Patel Nagar,PATEL NAGAR,Delhi,West Delhi,Family,3,2,11,24,6,"₹37,000",74000,2900,2300,1223,unfurnished,N,Y,1,No,24 Hours,Yes,Y,0,N,Yes,yes,No,yes,Patel Nagar Metro Station,2.93km,Kalindi College,,Rajendra Place IT Hub,13.94km,4.72 km,4.57,4.3,11,1,2026-07-27,NoBroker
PROP_259,2BHK,Fully Furnished 2BHK Apartment in Gurugram Sector 56,Gurugram Sector 56,Gurugram,Gurugram,Working Professional,2,2,0,5,3,"Rs. 26,000/month","₹52,000",,,922 sq.ft.,Unfurnished,No,Y,1,no,4 Hours,yes,yes,N,No,no,Y,No,Y,Sector 56 Metro Station,880m,IILM University,1.17,Golf Course Road Offices,0.83 km,2.88km,2.55km,4.1,43,N,2026-08-05,NoBroker
PROP_260,2BHK,Semi-Furnished 2BHK Apartment in Knowledge Park,Knowledge Park,Greater Noida,Greater Noida,Family,2,2,11,15,12,"₹7,500",7k,"₹1,900",1300,831 sq.ft.,semi-furnished,yes,Yes,Yes,no,24 Hours,1,0,yes,0,yes,Yes,Yes,No,Knowledge Park II Metro Station,1.91km,Sharda University,1.56km,Greater Noida Industrial Area,12.97,2.75 km,5.69km,3.4,40,yes,2026-07-01,MagicBricks
PROP_261,2BHK,Semi-Furnished 2BHK Apartment in Preet Vihar,Preet Vihar,Delhi,East Delhi,Family,2,2,0,3,1,27500,55k,0,1700,972,semi-furnished,Yes,No,No,1,4 Hours,1,Yes,0,No,No,N,yes,No,Preet Vihar Metro Station,4.39 km,Vivekananda College,7.13 km,Noida Sector 62 IT Park,7.22km,1.14km,0.54km,4.0,31,yes,2026-07-23,MagicBricks
PROP_262,1RK,Fully Furnished 1RK Apartment in Dwarka,DWARKA,Delhi,Dwarka,Family,1,1,5,20,14,8000,"Rs. 24,000/month",0,1000,356,fully-furnished,0,0,Yes,Yes,4 Hours,yes,0,Yes,0,No,Y,Yes,No,Dwarka Sector 10 Metro Station,0.32km,Netaji Subhas University of Technology (NSUT),6.01km,Gurugram Sector 21 IT Park,10.16 km,0.8 km,1.74km,3.2,83,yes,2026-07-10,MagicBricks
PROP_263,3BHK,Semi-Furnished 3BHK Apartment in Dwarka,Dwarka,Delhi,Dwarka,Family,3,2,3,4,12,"Rs. 45,500/month","Rs. 91,000/month","₹3,500",3400,1868,semi-furnished,N,1,No,1,12 Hours,0,Y,no,0,no,Y,Yes,0,Dwarka Sector 10 Metro Station,3.65 km,Netaji Subhas University of Technology (NSUT),0.95km,Gurugram Sector 21 IT Park,,1.47,5.34km,4.6,84,yes,2026-07-15,MagicBricks
PROP_264,2BHK,Fully Furnished 2BHK Apartment in Rajinder Nagar,Rajinder Nagar,Delhi,Central Delhi,Family,2,2,0,5,2,31k,"Rs. 63,000/month",,1700,868,unfurnished,No,Y,Yes,No,4 Hours,1,N,no,0,N,yes,1,N,Rajendra Place Metro Station,2.03,Venkateshwara College,410m,Rajendra Place IT Hub,3.0km,4.1,1.78km,3.3,60,Yes,2026-08-02,NoBroker
PROP_265,4BHK,Fully Furnished 4BHK Apartment in Mayur Vihar,Mayur Vihar,Delhi,East Delhi,Family,4,4,12,12,2,"Rs. 75,500/month","₹75,500",,5100,2544,Unfurnished,0,1,yes,Y,4 Hours,yes,1,0,0,Yes,0,N,0,Mayur Vihar 1 Metro Station,1.79km,Shaheed Sukhdev College of Business Studies,,Noida Sector 62 IT Park,4.34km,3.14 km,450m,4.0,39,1,2026-08-13,NoBroker
PROP_266,1RK,Semi-Furnished 1RK Apartment in Green Park,GREEN PARK,Delhi,South Delhi,Family,1,1,19,24,2,25k,50000,0,900,421,semi-furnished,No,Yes,Yes,yes,12 Hours,no,no,No,0,No,yes,Y,No,Green Park Metro Station,1.86,NIFT Delhi,7.86km,Bhikaji Cama Place,10.65,,2.35km,4.8,38,Y,2026-08-06,MagicBricks
PROP_267,3BHK,Fully Furnished 3BHK Apartment in Dwarka,Dwarka,Delhi,Dwarka,Family,3,2,1,12,14,55500,"₹55,500",6k,3000,2051,Unfurnished,Yes,N,1,N,4 Hours,1,no,0,0,1,Yes,Y,No,Dwarka Sector 10 Metro Station,0.59km,Netaji Subhas University of Technology (NSUT),6.25km,Gurugram Sector 21 IT Park,10.97 km,3.46km,,4.4,61,no,2026-06-30,Housing.com
PROP_268,1BHK,Fully Furnished 1BHK Apartment in Vasant Kunj,VASANT KUNJ,Delhi,South Delhi,Family,1,1,8,12,8,32500,32500,1k,1500,620,Furnished,Y,0,Y,0,12 Hours,1,Y,N,Y,Y,1,Yes,N,Chattarpur Metro Station,3.48km,Jawaharlal Nehru University (JNU),9.66 km,Cyber City Gurugram,,2.63km,3.77 km,3.9,31,N,2026-07-28,Housing.com
PROP_269,1BHK,Semi-Furnished 1BHK Apartment in Karol Bagh,KAROL BAGH,Delhi,Central Delhi,Family,1,1,3,4,0,"₹14,000",28000,"Rs. 1,100/month",1000,501,semi-furnished,yes,Yes,No,Y,4 Hours,0,No,No,1,0,no,Yes,Y,Karol Bagh Metro Station,2.05 km,Sri Guru Nanak Dev Khalsa College,7.92km,Connaught Place,0.7km,,2.84,4.9,52,yes,2026-07-04,Housing.com
PROP_270,4BHK,Fully Furnished 4BHK Apartment in Noida Sector 62,NOIDA SECTOR 62,Noida,Noida,Family,4,4,5,12,8,"Rs. 52,500/month",52500,8k,5000,2814,fully-furnished,1,Y,1,yes,24 Hours,Yes,yes,0,0,No,1,no,no,Noida Sector 62 Metro Station,2.25km,JSS Academy of Technical Education,,Noida Sector 62 IT Park,13.08km,2.86km,2.46 km,3.5,9,N,2026-06-29,MagicBricks
PROP_271,1BHK,Fully Furnished 1BHK Apartment in Dwarka,Dwarka,Delhi,Dwarka,Student,1,1,4,4,2,14500,29000,0,1400,594,Furnished,0,Y,No,N,24 Hours,Y,Y,0,yes,N,0,yes,No,Dwarka Sector 10 Metro Station,0.17 km,Netaji Subhas University of Technology (NSUT),6.96km,Gurugram Sector 21 IT Park,,4.04km,4.12 km,3.6,76,1,2026-07-12,99acres
PROP_272,3BHK,Fully Furnished 3BHK Apartment in Hauz Khas,hauz khas,Delhi,South Delhi,Working Professional,3,2,8,20,5,"₹108,500",108500,5700,,1930,fully-furnished,yes,no,yes,yes,4 Hours,Yes,Yes,0,yes,no,No,no,Yes,Hauz Khas Metro Station,0.3 km,IIT Delhi,1.43,Okhla Industrial Area,3.18km,,,3.3,66,1,2026-07-20,MagicBricks
PROP_273,2BHK,Fully Furnished 2BHK Apartment in Pari Chowk,PARI CHOWK,Greater Noida,Greater Noida,Working Professional,2,2,6,12,4,19500,"₹58,500",3800,2800,1289,Unfurnished,Y,Y,Yes,yes,4 Hours,Yes,1,No,N,0,Yes,Yes,0,Pari Chowk Metro Station,1.96km,Galgotias University,,Greater Noida Industrial Area,0.69km,3.31km,5.52 km,3.7,11,yes,2026-07-26,MagicBricks
PROP_274,2BHK,Semi-Furnished 2BHK Apartment in Greater Kailash,Greater Kailash,Delhi,South Delhi,Family,2,2,3,4,15,69k,"₹139,000",3k,2200,1248,semi-furnished,No,Y,0,1,24 Hours,0,yes,Yes,Y,0,no,Y,No,Kailash Colony Metro Station,,Lady Shri Ram College (LSR),9.81km,Nehru Place IT Hub,8.79 km,,5.66km,4.5,46,Y,2026-08-06,Housing.com
PROP_275,1BHK,Semi-Furnished 1BHK Apartment in Rohini,Rohini,Delhi,North Delhi,Family,1,1,11,12,11,8000,16k,0k,800,391 sq.ft.,Semi-Furnished,no,Y,Y,Yes,12 Hours,no,yes,Y,No,No,No,1,Y,Rohini West Metro Station,1.9 km,Delhi Technological University (DTU),9.52km,Netaji Subhash Place,,1.21 km,1.08km,4.6,60,no,2026-07-09,99acres
PROP_276,2BHK,Fully Furnished 2BHK Apartment in Gurugram Sector 56,Gurugram Sec 56,Gurugram,Gurugram,Working Bachelor,2,2,4,4,11,"₹24,000",48000,0,1400,924,unfurnished,no,No,No,1,24 Hours,Yes,no,0,yes,no,1,1,No,Sector 56 Metro Station,0.12,IILM University,4.99km,Golf Course Road Offices,13.64km,,4.03 km,4.7,73,Y,2026-06-30,99acres
PROP_277,2BHK,Semi-Furnished 2BHK Apartment in Dwarka,Dwarka,Delhi,Dwarka,Family,2,2,0,4,8,24000,48000,0,2100,1039 sq.ft.,Semi-Furnished,yes,1,no,No,12 Hours,no,N,no,no,0,1,0,1,Dwarka Sector 10 Metro Station,2.07km,Netaji Subhas University of Technology (NSUT),,Gurugram Sector 21 IT Park,3.68,3.65km,1.73km,3.7,69,Y,2026-08-02,99acres
PROP_278,1BHK,Fully Furnished 1BHK Apartment in Kamla Nagar,Kamla Nagar,Delhi,North Delhi,Student,1,1,0,4,15,"₹9,000",18000,800,1000,383 sq.ft.,Furnished,N,Yes,no,Yes,24 Hours,1,0,Yes,Y,0,No,yes,Yes,Vishwa Vidyalaya Metro Station,,Kirori Mal College,6.32km,Connaught Place,13.83 km,1.71km,5.54,3.7,10,Yes,2026-08-08,NoBroker
PROP_279,2BHK,Fully Furnished 2BHK Apartment in Gurugram Sector 56,Gurugram Sector 56,Gurugram,Gurugram,Working Professional,2,2,3,4,6,29000,58000,"Rs. 1,600/month",,1009 sq.ft.,unfurnished,0,Yes,N,N,4 Hours,Yes,No,1,no,N,No,Yes,Y,Sector 56 Metro Station,0.65km,IILM University,600m,Golf Course Road Offices,3.61 km,0.42 km,,4.9,36,Y,2026-07-04,MagicBricks
PROP_280,3BHK,Fully Furnished 3BHK Apartment in Golf Course Road,Golf Course Road,Gurugram,Gurugram,Family,3,2,0,3,12,"₹103,000","₹206,000",,3900,1811 sq.ft.,unfurnished,0,yes,0,yes,4 Hours,yes,N,N,No,No,1,yes,No,Sector 42-43 Metro Station,1.06 km,GD Goenka University,6.44km,Golf Course Road Offices,12.51 km,0.55 km,,3.8,32,1,2026-08-02,99acres
PROP_281,1BHK,Fully Furnished 1BHK Apartment in Gurugram Sector 45,Gurugram Sec-45,Gurugram,Gurugram,Family,1,1,0,4,12,"₹24,000","₹72,000","₹1,200",1100,615,unfurnished,no,No,N,N,12 Hours,Y,0,no,1,N,Yes,yes,no,HUDA City Centre Metro Station,3.61km,Ansal University,8.88 km,Golf Course Road Offices,2.55km,1.98km,3.27km,3.3,59,No,2026-06-30,NoBroker
PROP_282,2BHK,Fully Furnished 2BHK Apartment in Green Park,Green Park,Delhi,South Delhi,Family,2,2,8,8,11,"₹51,500","Rs. 103,000/month",0,1800,939,Furnished,Yes,Y,1,0,24 Hours,Yes,Yes,N,0,no,1,yes,0,Green Park Metro Station,4.06 km,NIFT Delhi,8.1 km,Bhikaji Cama Place,4.5 km,4.81 km,2.07 km,3.3,12,no,2026-08-03,Housing.com
PROP_283,2BHK,Semi-Furnished 2BHK Apartment in Pari Chowk,Pari Chowk,Greater Noida,Greater Noida,Working Professional,2,2,5,5,0,14k,28000,,1800,927,Semi-Furnished,yes,N,yes,yes,24 Hours,0,yes,No,no,No,no,1,No,Pari Chowk Metro Station,,Galgotias University,,Greater Noida Industrial Area,540m,4.92,0.63km,4.4,76,1,2026-07-15,Housing.com
PROP_284,3BHK,Fully Furnished 3BHK Apartment in Hauz Khas,HAUZ KHAS,Delhi,South Delhi,Family,3,2,3,12,8,108k,216k,"Rs. 2,500/month",3200,1469,unfurnished,1,yes,yes,0,12 Hours,Yes,N,N,0,0,Yes,1,No,Hauz Khas Metro Station,2.61km,IIT Delhi,8.1 km,Okhla Industrial Area,5.75km,0.49,,4.5,32,Yes,2026-07-16,Housing.com
PROP_285,1BHK,Fully Furnished 1BHK Apartment in Golf Course Road,golf course road,Gurugram,Gurugram,Family,1,1,0,5,1,"Rs. 46,000/month","Rs. 92,000/month","₹2,100",,754,Unfurnished,0,No,1,yes,4 Hours,Y,No,0,no,N,no,N,no,Sector 42-43 Metro Station,4.01km,GD Goenka University,6.77km,Golf Course Road Offices,5.79km,1.33km,1.7km,4.8,4,yes,2026-08-09,MagicBricks
PROP_286,3BHK,Fully Furnished 3BHK Apartment in Janakpuri,Janakpuri,Delhi,West Delhi,Working Professional,3,2,6,12,12,54k,108000,4700,,2099,fully-furnished,0,No,Y,yes,12 Hours,Y,Yes,N,N,1,Y,N,0,Janakpuri West Metro Station,1.43 km,Bhaskaracharya College,4.63,Janakpuri District Centre,2.14km,4.63km,0.38 km,4.7,35,Y,2026-06-29,MagicBricks
PROP_287,2BHK,Fully Furnished 2BHK Apartment in Vasant Kunj,Vasant Kunj,Delhi,South Delhi,Family,2,2,16,24,11,62k,"₹186,000","₹3,800",,1365 sq.ft.,Unfurnished,no,No,1,Y,12 Hours,yes,Y,no,0,1,1,yes,No,Chattarpur Metro Station,3.14km,Jawaharlal Nehru University (JNU),4.29km,Cyber City Gurugram,5.45 km,3.76km,1.14,4.7,59,1,2026-07-19,99acres
PROP_288,1BHK,Fully Furnished 1BHK Apartment in Model Town,model town,Delhi,North Delhi,Family,1,1,1,8,13,"₹25,000",25000,"Rs. 1,600/month",1600,675,fully-furnished,Y,Yes,yes,No,12 Hours,yes,no,1,N,no,1,Yes,no,Model Town Metro Station,2.63 km,Miranda House,6.42km,Connaught Place,7.53,1.38km,1.03 km,3.8,78,yes,2026-07-29,NoBroker
PROP_289,1BHK,Fully Furnished 1BHK Apartment in Saket,saket,Delhi,South Delhi,Family,1,1,3,24,5,"Rs. 16,000/month",32k,,,408,Furnished,no,Yes,Yes,Yes,12 Hours,yes,no,0,0,N,Y,0,1,Saket Metro Station,3.42km,Gargi College,1.57km,Saket District Centre,3.54 km,4.86km,1.54,4.4,19,yes,2026-06-29,MagicBricks
PROP_290,1BHK,Semi-Furnished 1BHK Apartment in Dwarka,Dwarka,Delhi,Dwarka,Student,1,1,7,24,2,12500,25000,0,1300,640,semi-furnished,No,Y,1,yes,24 Hours,N,Y,N,Yes,1,Yes,Y,no,Dwarka Sector 10 Metro Station,2.61 km,Netaji Subhas University of Technology (NSUT),7.28,Gurugram Sector 21 IT Park,10.02km,,2.09 km,3.7,60,Y,2026-07-28,MagicBricks
PROP_291,4BHK,Semi-Furnished 4BHK Apartment in Pari Chowk,Pari Chowk,Greater Noida,Greater Noida,Family,4,4,0,5,8,"Rs. 33,500/month","₹67,000","₹6,600",3300,2727,semi-furnished,yes,Yes,1,Yes,24 Hours,yes,0,0,0,0,1,yes,0,Pari Chowk Metro Station,1.12km,Galgotias University,8.04km,Greater Noida Industrial Area,14.78km,1.09 km,2.8km,3.9,3,Y,2026-06-30,Housing.com
PROP_292,1BHK,Fully Furnished 1BHK Apartment in Vasant Kunj,Vasant Kunj,Delhi,South Delhi,Family,1,1,8,20,9,"Rs. 28,500/month",57k,₹900,1300,646,Furnished,0,N,Yes,1,4 Hours,1,Y,0,N,0,No,yes,N,Chattarpur Metro Station,1.98km,Jawaharlal Nehru University (JNU),9.91km,Cyber City Gurugram,4.23km,,430m,3.6,40,1,2026-08-01,MagicBricks
PROP_293,1BHK,Semi-Furnished 1BHK Apartment in Mukherjee Nagar,MUKHERJEE NAGAR,Delhi,North Delhi,Working Bachelor,1,1,9,15,10,"₹6,500",13k,0k,,352 sq.ft.,semi-furnished,N,0,yes,Y,12 Hours,N,N,No,N,0,yes,no,N,GTB Nagar Metro Station,1.31km,SGTB Khalsa College,4.67km,Connaught Place,3.78 km,4.43 km,,3.6,67,yes,2026-08-04,NoBroker
PROP_294,1BHK,Semi-Furnished 1BHK Apartment in Gurugram Sector 45,Gurugram Sec-45,Gurugram,Gurugram,Working Bachelor,1,1,4,8,13,22000,44k,0,,676,semi-furnished,0,no,yes,Yes,24 Hours,1,0,no,no,No,no,N,Yes,HUDA City Centre Metro Station,1.0 km,Ansal University,8.68 km,Golf Course Road Offices,5.33km,2.09 km,2.33km,4.4,50,Y,2026-07-04,Housing.com
PROP_295,1BHK,Semi-Furnished 1BHK Apartment in Preet Vihar,preet vihar,Delhi,East Delhi,Family,1,1,4,8,14,20500,41000,1k,1600,747,semi-furnished,N,Yes,yes,0,4 Hours,0,No,Y,no,N,Yes,Yes,0,Preet Vihar Metro Station,2.03km,Vivekananda College,3.07km,Noida Sector 62 IT Park,7.25 km,1.1km,0.51 km,3.6,40,yes,2026-07-10,99acres
PROP_296,2BHK,Fully Furnished 2BHK Apartment in Rohini,Rohini,Delhi,North Delhi,Working Bachelor,2,2,0,4,13,"Rs. 13,000/month",26000,"₹1,400",1400,708,Furnished,N,No,0,no,12 Hours,Y,N,No,Y,no,yes,N,no,Rohini West Metro Station,1.13,Delhi Technological University (DTU),2.4,Netaji Subhash Place,10.89km,4.76,1.05km,3.4,37,Yes,2026-08-08,Housing.com
PROP_297,1BHK,Fully Furnished 1BHK Apartment in Noida Sector 62,Noida Sec 62,Noida,Noida,Student,1,1,8,8,14,"Rs. 10,500/month",31500,₹900,,469,unfurnished,1,Y,Yes,Y,4 Hours,Yes,N,N,no,no,yes,Yes,No,Noida Sector 62 Metro Station,,JSS Academy of Technical Education,1.13 km,Noida Sector 62 IT Park,1.18 km,2.75km,5.81 km,3.3,44,0,2026-07-05,MagicBricks
PROP_298,3BHK,Fully Furnished 3BHK Apartment in Shakarpur,Shakarpur,Delhi,East Delhi,Family,3,2,8,8,14,13k,"₹13,500","Rs. 2,100/month",1600,949,fully-furnished,Yes,Y,Yes,1,4 Hours,Y,N,0,no,no,No,yes,Y,Nirman Vihar Metro Station,,Bhim Rao Ambedkar College,4.6km,Noida Sector 62 IT Park,13.62km,0.29km,3.16km,4.1,65,Y,2026-08-13,99acres
PROP_299,3BHK,Fully Furnished 3BHK Apartment in Noida Sector 15,NOIDA SECTOR 15,Noida,Noida,Family,3,2,1,5,11,31k,62k,"Rs. 3,400/month",2400,1402,fully-furnished,Yes,1,Yes,yes,24 Hours,Y,no,N,Y,0,yes,Y,0,Noida Sector 15 Metro Station,1.12 km,Amity University Noida,2.67km,Noida Sector 16 Commercial Hub,,4.1km,3.98km,3.5,79,yes,2026-08-11,Housing.com
PROP_300,2BHK,Fully Furnished 2BHK Apartment in Karol Bagh,karol bagh,Delhi,Central Delhi,Family,2,2,2,4,4,20000,40k,1k,1500,690,fully-furnished,0,1,N,No,4 Hours,Yes,N,No,N,no,No,1,1,Karol Bagh Metro Station,2.05km,Sri Guru Nanak Dev Khalsa College,,Connaught Place,,1.71km,,4.5,49,Y,2026-07-19,99acres
PROP_301,1BHK,Semi-Furnished 1BHK Apartment in Laxmi Nagar,LAXMI NAGAR,Delhi,East Delhi,Student,1,1,0,4,15,7000,"₹14,000",,,363,Semi-Furnished,0,1,N,Yes,4 Hours,yes,Yes,1,No,no,No,yes,N,Laxmi Nagar Metro Station,0.95km,Shyam Lal College,,Noida Sector 62 IT Park,13.16km,0.22,3.9,3.8,22,yes,2026-07-09,MagicBricks
PROP_302,3BHK,Fully Furnished 3BHK Apartment in DLF Phase 3,DLF PHASE 3,Gurugram,Gurugram,Working Professional,3,2,7,8,13,57k,115000,"Rs. 4,900/month",3700,1616,unfurnished,No,Yes,1,1,24 Hours,yes,Y,No,Yes,no,yes,yes,no,Phase 3 Metro Station,0.54 km,Dronacharya College of Engineering,,DLF Cyber City,7.87km,4.86 km,2.29,3.5,76,Yes,2026-07-11,Housing.com
PROP_303,2BHK,Fully Furnished 2BHK Apartment in Green Park,green park,Delhi,South Delhi,Family,2,2,2,4,13,67000,67000,"Rs. 3,500/month",1600,1054,unfurnished,yes,Y,N,no,4 Hours,Yes,no,0,0,0,N,Yes,1,Green Park Metro Station,,NIFT Delhi,6.28km,Bhikaji Cama Place,9.1km,4.48km,1.23 km,3.8,77,1,2026-07-04,MagicBricks
PROP_304,2BHK,Semi-Furnished 2BHK Apartment in Mukherjee Nagar,Mukherjee Nagar,Delhi,North Delhi,Family,2,2,1,12,6,16k,32k,"₹2,100",1100,685,Semi-Furnished,N,1,1,Y,24 Hours,Yes,N,No,N,yes,0,N,No,GTB Nagar Metro Station,3.78,SGTB Khalsa College,9.87km,Connaught Place,2.88,0.87km,2.91 km,3.9,37,Yes,2026-08-12,NoBroker
PROP_305,1RK,Fully Furnished 1RK Apartment in DLF Phase 3,DLF Phase 3,Gurugram,Gurugram,Student,1,1,0,15,1,"₹13,500",13k,0,700,287,fully-furnished,Yes,1,1,Y,4 Hours,yes,Y,No,no,N,Yes,1,No,Phase 3 Metro Station,2.98km,Dronacharya College of Engineering,5.45km,DLF Cyber City,2.85,4.42,4.88,3.3,80,1,2026-07-21,MagicBricks
PROP_306,3BHK,Fully Furnished 3BHK Apartment in Mayur Vihar,mayur vihar,Delhi,East Delhi,Family,3,2,5,20,5,"₹43,000","₹86,000",,1900,1270,unfurnished,no,Yes,yes,N,12 Hours,Yes,Y,0,N,N,yes,Y,yes,Mayur Vihar 1 Metro Station,2.45km,Shaheed Sukhdev College of Business Studies,3.33km,Noida Sector 62 IT Park,,590m,1.08 km,3.8,44,yes,2026-06-30,MagicBricks
PROP_307,1BHK,Fully Furnished 1BHK Apartment in Noida Sector 62,Noida Sec 62,Noida,Noida,Student,1,1,4,15,10,"₹11,500",23000,1k,1000,528,unfurnished,Yes,N,Yes,Yes,12 Hours,Yes,No,No,0,1,Y,Y,N,Noida Sector 62 Metro Station,2.03 km,JSS Academy of Technical Education,5.43 km,Noida Sector 62 IT Park,11.28km,3.71km,0.94,4.5,59,Y,2026-06-30,Housing.com
PROP_308,2BHK,Fully Furnished 2BHK Apartment in Saket,Saket,Delhi,South Delhi,Family,2,2,6,24,0,"₹42,500",42k,,1800,927,unfurnished,1,Yes,Yes,Y,12 Hours,Y,no,no,No,Yes,1,Y,0,Saket Metro Station,0.49 km,Gargi College,4.95km,Saket District Centre,,,,3.9,8,no,2026-07-31,Housing.com
PROP_309,2BHK,Fully Furnished 2BHK Apartment in Dwarka,Dwarka,Delhi,Dwarka,Family,2,2,4,4,13,"Rs. 33,500/month","Rs. 67,000/month",0,1900,1237 sq.ft.,fully-furnished,N,no,N,Y,4 Hours,1,0,N,0,N,Y,no,No,Dwarka Sector 10 Metro Station,3.81km,Netaji Subhas University of Technology (NSUT),0.8 km,Gurugram Sector 21 IT Park,2.58 km,2.32,3.63km,4.4,77,Yes,2026-08-05,99acres
PROP_310,1BHK,Fully Furnished 1BHK Apartment in Karol Bagh,Karol Bagh,Delhi,Central Delhi,Student,1,1,17,20,3,"₹12,500","₹25,000","₹1,100",900,451,Unfurnished,no,1,Yes,Y,4 Hours,Yes,No,no,0,No,yes,1,no,Karol Bagh Metro Station,,Sri Guru Nanak Dev Khalsa College,7.96km,Connaught Place,1.8,4.18km,2.08 km,4.1,2,1,2026-08-13,99acres
PROP_311,2BHK,Fully Furnished 2BHK Apartment in Pari Chowk,Pari Chowk,Greater Noida,Greater Noida,Family,2,2,2,3,10,15500,"₹31,000",,2500,1189,unfurnished,yes,1,no,Y,4 Hours,1,1,1,Y,0,yes,Yes,N,Pari Chowk Metro Station,2.5 km,Galgotias University,9.76km,Greater Noida Industrial Area,14.66 km,,2.75 km,3.8,37,yes,2026-08-08,99acres
PROP_312,1RK,Fully Furnished 1RK Apartment in Hauz Khas,HAUZ KHAS,Delhi,South Delhi,Family,1,1,3,4,8,"Rs. 21,500/month",43000,"Rs. 1,100/month",800,338,Unfurnished,0,Yes,0,N,4 Hours,yes,Y,N,Y,No,Yes,yes,yes,Hauz Khas Metro Station,2.24km,IIT Delhi,2.32,Okhla Industrial Area,2.45km,,5.27km,3.6,33,1,2026-08-06,NoBroker
PROP_313,3BHK,Semi-Furnished 3BHK Apartment in Knowledge Park,Knowledge Park,Greater Noida,Greater Noida,Family,3,2,14,15,4,21500,"Rs. 43,000/month",5k,2400,1656,Semi-Furnished,No,yes,1,No,24 Hours,N,No,no,No,no,1,Y,no,Knowledge Park II Metro Station,3.32km,Sharda University,2.38,Greater Noida Industrial Area,4.62 km,2.48,0.38 km,3.6,29,Yes,2026-07-05,MagicBricks
PROP_314,1BHK,Semi-Furnished 1BHK Apartment in Model Town,Model Town,Delhi,North Delhi,Family,1,1,1,12,6,"₹17,500","₹17,500",1k,1100,567,Semi-Furnished,Y,no,Yes,1,4 Hours,No,no,Y,0,1,1,0,yes,Model Town Metro Station,1.74km,Miranda House,,Connaught Place,12.71km,4.01,1.36 km,3.2,82,yes,2026-07-18,MagicBricks
PROP_315,3BHK,Fully Furnished 3BHK Apartment in Dwarka,Dwarka,Delhi,Dwarka,Family,3,2,0,3,10,55000,"₹55,000",0,4300,1864,Unfurnished,Y,Yes,0,Y,4 Hours,Yes,1,0,Yes,0,Yes,1,0,Dwarka Sector 10 Metro Station,3.99 km,Netaji Subhas University of Technology (NSUT),,Gurugram Sector 21 IT Park,7.69,1.09 km,0.44,4.6,40,N,2026-07-18,MagicBricks
PROP_316,1RK,Fully Furnished 1RK Apartment in Karol Bagh,Karol Bagh,Delhi,Central Delhi,Student,1,1,2,3,9,"₹8,000",16k,0,,280,fully-furnished,0,0,no,Yes,24 Hours,yes,Y,no,0,0,1,Y,No,Karol Bagh Metro Station,4.37,Sri Guru Nanak Dev Khalsa College,6.87km,Connaught Place,4.42,1.86 km,4.24km,4.2,44,Yes,2026-08-05,MagicBricks
PROP_317,2BHK,Fully Furnished 2BHK Apartment in Gurugram Sector 56,Gurugram Sec-56,Gurugram,Gurugram,Family,2,2,7,8,2,41500,"Rs. 83,000/month","Rs. 2,600/month",,1319,unfurnished,No,1,yes,Y,24 Hours,Yes,yes,no,N,no,Y,Y,No,Sector 56 Metro Station,2.32,IILM University,1.44 km,Golf Course Road Offices,,2.73km,2.12km,3.9,18,Yes,2026-08-03,MagicBricks
PROP_318,2BHK,Fully Furnished 2BHK Apartment in Mayur Vihar,Mayur Vihar,Delhi,East Delhi,Family,2,2,2,4,3,"₹24,000",48000,0,2400,964,unfurnished,Yes,Yes,0,yes,24 Hours,yes,no,0,No,0,Y,Yes,0,Mayur Vihar 1 Metro Station,2.21km,Shaheed Sukhdev College of Business Studies,2.8km,Noida Sector 62 IT Park,4.05 km,0.44km,5.55km,4.6,75,yes,2026-07-29,Housing.com
PROP_319,1BHK,Semi-Furnished 1BHK Apartment in Mukherjee Nagar,MUKHERJEE NAGAR,Delhi,North Delhi,Student,1,1,0,20,14,8k,17000,,800,489,Semi-Furnished,N,Y,1,Yes,24 Hours,yes,Yes,No,no,no,Y,no,0,GTB Nagar Metro Station,,SGTB Khalsa College,5.45,Connaught Place,7.76 km,0.54 km,,3.8,17,Y,2026-07-04,NoBroker
PROP_320,2BHK,Semi-Furnished 2BHK Apartment in Saket,Saket,Delhi,South Delhi,Working Professional,2,2,0,3,14,42500,85000,"₹3,300",1700,1025,Semi-Furnished,no,1,0,Yes,24 Hours,no,Yes,yes,no,0,Yes,Y,N,Saket Metro Station,0.15 km,Gargi College,,Saket District Centre,6.81km,1.76km,5.75,4.5,33,Yes,2026-07-25,NoBroker
PROP_321,1RK,Semi-Furnished 1RK Apartment in Laxmi Nagar,Laxmi Nagar,Delhi,East Delhi,Family,1,1,2,5,3,5000,"Rs. 5,000/month",0,,237,semi-furnished,no,no,Yes,1,4 Hours,N,0,no,No,0,0,0,N,Laxmi Nagar Metro Station,3.58 km,Shyam Lal College,3.15 km,Noida Sector 62 IT Park,7.27,590m,1.21 km,3.3,26,Yes,2026-07-18,MagicBricks
PROP_322,2BHK,Semi-Furnished 2BHK Apartment in Shakarpur,Shakarpur,Delhi,East Delhi,Working Professional,2,2,8,20,9,"Rs. 10,000/month",20000,1900,800,628,Semi-Furnished,No,No,1,No,4 Hours,yes,1,no,N,no,N,1,0,Nirman Vihar Metro Station,1.88km,Bhim Rao Ambedkar College,8.7 km,Noida Sector 62 IT Park,770m,,4.95,4.9,23,Y,2026-07-25,NoBroker
PROP_323,1RK,Fully Furnished 1RK Apartment in Mayur Vihar,mayur vihar,Delhi,East Delhi,Student,1,1,0,3,2,9500,9k,₹800,800,282,fully-furnished,No,no,N,0,24 Hours,yes,1,0,0,No,No,0,no,Mayur Vihar 1 Metro Station,3.45km,Shaheed Sukhdev College of Business Studies,9.42 km,Noida Sector 62 IT Park,10.41km,3.16,4.58 km,3.3,64,Y,2026-07-04,Housing.com
PROP_324,2BHK,Fully Furnished 2BHK Apartment in Rohini,Rohini,Delhi,North Delhi,Family,2,2,4,4,15,13000,"Rs. 39,000/month",1k,1600,692,Furnished,no,yes,0,1,24 Hours,yes,yes,1,No,No,Y,Y,0,Rohini West Metro Station,3.92km,Delhi Technological University (DTU),5.15km,Netaji Subhash Place,710m,3.33 km,4.11 km,3.7,17,1,2026-08-02,NoBroker
PROP_325,3BHK,Fully Furnished 3BHK Apartment in Vasant Kunj,Vasant Kunj,Delhi,South Delhi,Family,3,2,2,12,12,122500,122500,3k,3700,2128,fully-furnished,1,no,Yes,N,24 Hours,Y,No,no,N,N,yes,Y,0,Chattarpur Metro Station,2.74km,Jawaharlal Nehru University (JNU),8.15km,Cyber City Gurugram,,,,3.5,47,0,2026-07-14,99acres
PROP_326,1BHK,Fully Furnished 1BHK Apartment in Civil Lines,Civil Lines,Delhi,North Delhi,Family,1,1,3,20,10,"₹33,000","₹66,000",,1500,682,fully-furnished,N,Yes,Yes,0,12 Hours,Yes,Y,0,N,yes,Yes,0,1,Civil Lines Metro Station,,St. Stephen's College,3.17 km,Connaught Place,4.74km,3.84 km,5.1 km,3.8,35,1,2026-07-15,NoBroker
PROP_327,1BHK,Fully Furnished 1BHK Apartment in Civil Lines,Civil Lines,Delhi,North Delhi,Family,1,1,14,15,5,"₹26,000","Rs. 52,000/month",0,1100,594,fully-furnished,no,Y,1,0,24 Hours,1,Y,0,N,1,0,yes,No,Civil Lines Metro Station,,St. Stephen's College,7.15,Connaught Place,14.17km,1.2 km,3.43km,4.8,60,yes,2026-07-22,NoBroker
PROP_328,1RK,Fully Furnished 1RK Apartment in Knowledge Park,KNOWLEDGE PARK,Greater Noida,Greater Noida,Student,1,1,14,15,13,"Rs. 6,000/month","Rs. 12,000/month",,1100,448,unfurnished,No,Y,Yes,0,12 Hours,Y,yes,No,No,Y,yes,1,no,Knowledge Park II Metro Station,2.1,Sharda University,2.3 km,Greater Noida Industrial Area,1.36km,1.05 km,5.68 km,3.5,13,Yes,2026-07-15,99acres
PROP_329,1RK,Fully Furnished 1RK Apartment in Saket,Saket,Delhi,South Delhi,Family,1,1,0,3,8,"Rs. 16,000/month",16k,Rs. 800/month,1000,366 sq.ft.,fully-furnished,1,Yes,No,Yes,24 Hours,1,Yes,No,no,0,No,No,N,Saket Metro Station,,Gargi College,2.32,Saket District Centre,6.49 km,2.4km,1.75km,3.7,73,Yes,2026-07-16,NoBroker
PROP_329,1BHK,Fully Furnished 1BHK Apartment in Civil Lines,Civil Lines,Delhi,North Delhi,Family,1,1,1,4,3,33000,66000,,1200,716,Unfurnished,no,Yes,N,0,24 Hours,yes,0,N,0,no,Y,yes,N,Civil Lines Metro Station,2.84 km,St. Stephen's College,6.38,Connaught Place,5.92 km,2.37,0.3,4.7,55,Yes,2026-07-18,Housing.com
PROP_331,2BHK,Fully Furnished 2BHK Apartment in Gurugram Sector 45,Gurugram Sec-45,Gurugram,Gurugram,Family,2,2,1,3,7,40500,81000,2200,1900,1176,fully-furnished,Yes,Y,N,Yes,24 Hours,yes,N,No,0,N,no,yes,yes,HUDA City Centre Metro Station,1.4km,Ansal University,2.69km,Golf Course Road Offices,13.83,,1.05km,4.6,3,yes,2026-08-06,NoBroker
PROP_332,2BHK,Fully Furnished 2BHK Apartment in Patel Nagar,patel nagar,Delhi,West Delhi,Family,2,2,4,4,6,23k,"₹70,500","₹2,300",2000,860,Furnished,N,Yes,no,1,24 Hours,yes,Y,0,1,N,yes,1,Yes,Patel Nagar Metro Station,4.05 km,Kalindi College,,Rajendra Place IT Hub,0.87km,,0.99 km,4.6,29,yes,2026-07-02,99acres
PROP_333,3BHK,Semi-Furnished 3BHK Apartment in Noida Sector 15,Noida Sector 15,Noida,Noida,Family,3,2,1,5,2,"Rs. 24,500/month",49000,3800,2000,1328,semi-furnished,yes,Y,Y,No,4 Hours,Yes,1,0,0,no,no,0,N,Noida Sector 15 Metro Station,3.94 km,Amity University Noida,9.44 km,Noida Sector 16 Commercial Hub,2.91km,,3.39 km,3.7,55,Y,2026-07-04,99acres
PROP_334,3BHK,Semi-Furnished 3BHK Apartment in Laxmi Nagar,Laxmi Nagar,Delhi,East Delhi,Working Professional,3,2,2,5,0,19k,19k,"₹2,300",1800,1266,Semi-Furnished,no,1,Y,1,24 Hours,N,No,yes,no,N,yes,Yes,0,Laxmi Nagar Metro Station,,Shyam Lal College,8.37km,Noida Sector 62 IT Park,6.93km,0.85 km,2.57,3.6,43,Yes,2026-07-07,99acres
PROP_335,2BHK,Fully Furnished 2BHK Apartment in Kamla Nagar,kamla nagar,Delhi,North Delhi,Family,2,2,2,3,12,"₹16,500","₹33,000",1900,1500,751 sq.ft.,Furnished,Yes,0,No,1,24 Hours,1,Y,Y,no,no,Yes,1,no,Vishwa Vidyalaya Metro Station,3.06 km,Kirori Mal College,2.29,Connaught Place,13.08km,1.15,,3.2,79,Yes,2026-07-17,99acres
PROP_336,3BHK,Fully Furnished 3BHK Apartment in DLF Phase 3,DLF Phase 3,Gurugram,Gurugram,Family,3,2,10,24,10,"Rs. 49,000/month",98000,,3100,1406,Furnished,1,Yes,1,no,24 Hours,Y,No,N,0,Y,1,Y,N,Phase 3 Metro Station,3.6 km,Dronacharya College of Engineering,5.16km,DLF Cyber City,,,3.55km,4.9,21,Y,2026-07-10,99acres
PROP_337,1BHK,Semi-Furnished 1BHK Apartment in Rajinder Nagar,Rajinder Nagar,Delhi,Central Delhi,Family,1,1,0,3,7,"Rs. 17,500/month","Rs. 35,000/month",1100,900,559,Semi-Furnished,No,1,No,1,4 Hours,yes,Y,0,1,No,1,N,N,Rajendra Place Metro Station,4.04km,Venkateshwara College,,Rajendra Place IT Hub,2.4km,,4.6,3.9,8,Y,2026-06-30,MagicBricks
PROP_338,1BHK,Semi-Furnished 1BHK Apartment in Greater Kailash,Greater Kailash,Delhi,South Delhi,Family,1,1,7,8,8,"Rs. 36,000/month",36000,0,1000,642,semi-furnished,no,1,1,No,12 Hours,No,no,no,0,N,No,0,0,Kailash Colony Metro Station,1.55km,Lady Shri Ram College (LSR),5.17km,Nehru Place IT Hub,,3.07km,,3.9,26,yes,2026-07-25,NoBroker
PROP_339,2BHK,Semi-Furnished 2BHK Apartment in Vaishali,vaishali,Ghaziabad,Ghaziabad,Family,2,2,14,20,0,"Rs. 19,000/month","Rs. 38,000/month",0,,926,semi-furnished,yes,Yes,1,No,12 Hours,yes,No,no,no,N,no,no,0,Vaishali Metro Station,3.35,Inderprastha Dental College,9.24,Noida Sector 62 IT Park,8.24 km,4.15km,2.06km,3.6,51,yes,2026-08-12,NoBroker
PROP_340,2BHK,Fully Furnished 2BHK Apartment in Mukherjee Nagar,Mukherjee Nagar,Delhi,North Delhi,Family,2,2,2,5,7,14k,28000,,1400,617,unfurnished,Y,yes,yes,No,12 Hours,Yes,Yes,0,N,no,N,No,Y,GTB Nagar Metro Station,,SGTB Khalsa College,,Connaught Place,10.98 km,0.88,5.14km,4.1,42,1,2026-08-11,MagicBricks
PROP_341,1BHK,Fully Furnished 1BHK Apartment in Mayur Vihar,MAYUR VIHAR,Delhi,East Delhi,Family,1,1,0,3,14,19k,38000,"Rs. 1,300/month",1300,636,Unfurnished,Y,no,0,No,24 Hours,1,0,No,0,No,1,yes,Yes,Mayur Vihar 1 Metro Station,2.43,Shaheed Sukhdev College of Business Studies,8.45 km,Noida Sector 62 IT Park,3.98km,0.78km,0.62 km,4.5,22,0,2026-08-01,99acres
PROP_342,2BHK,Fully Furnished 2BHK Apartment in Noida Sector 15,Noida Sec 15,Noida,Noida,Family,2,2,9,12,14,"Rs. 23,000/month","Rs. 69,000/month",1700,,859,fully-furnished,Yes,1,1,Y,24 Hours,1,Y,Y,0,Yes,0,N,no,Noida Sector 15 Metro Station,,Amity University Noida,8.32km,Noida Sector 16 Commercial Hub,4.44,4.41km,,3.4,45,0,2026-07-13,NoBroker
PROP_343,3BHK,Fully Furnished 3BHK Apartment in Vasant Kunj,Vasant Kunj,Delhi,South Delhi,Family,3,2,5,20,5,"₹159,500","Rs. 478,500/month",4200,4100,2671 sq.ft.,Unfurnished,no,1,1,0,24 Hours,yes,0,no,no,1,0,1,0,Chattarpur Metro Station,2.79 km,Jawaharlal Nehru University (JNU),3.91 km,Cyber City Gurugram,,0.26km,0.99 km,3.6,22,Y,2026-07-06,NoBroker
PROP_344,3BHK,Fully Furnished 3BHK Apartment in Dwarka,Dwarka,Delhi,Dwarka,Working Professional,3,2,1,4,9,"₹58,000",116000,0,,2306,Unfurnished,yes,1,N,1,24 Hours,Yes,0,0,no,N,N,yes,yes,Dwarka Sector 10 Metro Station,1.13,Netaji Subhas University of Technology (NSUT),8.37,Gurugram Sector 21 IT Park,0.95 km,,5.96km,3.9,13,Y,2026-07-09,Housing.com
PROP_345,1RK,Semi-Furnished 1RK Apartment in Noida Sector 62,Noida Sector 62,Noida,Noida,Student,1,1,0,12,9,7k,"Rs. 14,000/month",0,,390,semi-furnished,N,Yes,Y,Yes,4 Hours,Y,No,1,no,No,Y,1,yes,Noida Sector 62 Metro Station,4.35 km,JSS Academy of Technical Education,1.72km,Noida Sector 62 IT Park,5.34 km,3.19km,5.06km,4.2,9,1,2026-08-01,NoBroker
PROP_346,3BHK,Semi-Furnished 3BHK Apartment in Shakarpur,Shakarpur,Delhi,East Delhi,Family,3,2,20,24,1,"₹20,500","₹41,000",,1700,1298,semi-furnished,N,yes,no,N,24 Hours,1,Y,Yes,N,N,Yes,No,0,Nirman Vihar Metro Station,,Bhim Rao Ambedkar College,7.27 km,Noida Sector 62 IT Park,9.48km,3.41km,1.72,4.3,50,1,2026-07-14,MagicBricks
PROP_347,2BHK,Fully Furnished 2BHK Apartment in Mukherjee Nagar,Mukherjee Nagar,Delhi,North Delhi,Family,2,2,8,20,0,"Rs. 15,000/month","Rs. 30,000/month","Rs. 1,500/month",,710,Unfurnished,No,Y,Y,1,12 Hours,1,no,no,0,Yes,0,Yes,No,GTB Nagar Metro Station,3.45 km,SGTB Khalsa College,8.45,Connaught Place,7.57km,,5.8km,4.1,5,Yes,2026-07-01,MagicBricks
PROP_348,1BHK,Fully Furnished 1BHK Apartment in Greater Kailash,greater kailash,Delhi,South Delhi,Family,1,1,1,5,0,"Rs. 40,000/month",40000,1000,1800,699,Furnished,0,1,Y,Y,12 Hours,1,No,no,no,No,Yes,Yes,N,Kailash Colony Metro Station,3.31km,Lady Shri Ram College (LSR),,Nehru Place IT Hub,6.61km,4.0 km,4.88km,4.9,16,no,2026-07-29,99acres
PROP_349,1RK,Fully Furnished 1RK Apartment in Shakarpur,Shakarpur,Delhi,East Delhi,Family,1,1,3,4,8,5000,10000,0,700,222,fully-furnished,No,yes,No,yes,24 Hours,yes,no,No,N,no,0,0,N,Nirman Vihar Metro Station,1.12,Bhim Rao Ambedkar College,,Noida Sector 62 IT Park,9.91km,1.1km,2.54 km,3.3,68,yes,2026-07-15,99acres
PROP_350,1RK,Fully Furnished 1RK Apartment in Kamla Nagar,kamla nagar,Delhi,North Delhi,Student,1,1,12,12,10,"₹9,000","₹18,000",0k,700,307,unfurnished,0,yes,Y,1,4 Hours,1,1,no,0,1,N,Yes,N,Vishwa Vidyalaya Metro Station,,Kirori Mal College,6.51 km,Connaught Place,11.49km,4.53 km,,3.4,45,Yes,2026-07-21,99acres
PROP_351,1BHK,Fully Furnished 1BHK Apartment in Janakpuri,Janakpuri,Delhi,West Delhi,Working Bachelor,1,1,6,15,3,16500,"₹33,000",,,657,unfurnished,N,1,Y,No,4 Hours,Yes,0,N,0,0,Yes,yes,0,Janakpuri West Metro Station,,Bhaskaracharya College,6.8 km,Janakpuri District Centre,7.17km,2.83,,4.4,6,yes,2026-06-30,Housing.com
PROP_352,1RK,Semi-Furnished 1RK Apartment in Noida Sector 137,Noida Sector 137,Noida,Noida,Student,1,1,2,8,12,8000,16000,,600,435,Semi-Furnished,0,yes,1,yes,4 Hours,no,Y,No,yes,No,Y,Yes,yes,Noida Sector 137 Metro Station,1.1 km,Amity University Noida,8.04km,Noida Expressway Offices,7.99km,,1.51 km,3.7,84,yes,2026-07-06,MagicBricks
PROP_353,3BHK,Fully Furnished 3BHK Apartment in Mukherjee Nagar,mukherjee nagar,Delhi,North Delhi,Family,3,2,1,5,15,"Rs. 39,500/month",79k,4000,,1338,fully-furnished,1,Yes,Yes,0,12 Hours,1,1,Y,1,No,Y,Y,Y,GTB Nagar Metro Station,0.47,SGTB Khalsa College,8.29km,Connaught Place,9.78km,4.0,2.0km,3.3,63,1,2026-07-14,99acres
PROP_354,3BHK,Semi-Furnished 3BHK Apartment in Golf Course Road,Golf Course Road,Gurugram,Gurugram,Family,3,2,7,8,8,"₹144,000","Rs. 288,000/month",6k,3500,2456 sq.ft.,semi-furnished,No,1,Y,No,12 Hours,no,1,0,no,no,N,No,yes,Sector 42-43 Metro Station,3.26 km,GD Goenka University,5.98km,Golf Course Road Offices,14.05,2.76km,4.01,4.3,13,Y,2026-07-09,99acres
PROP_355,2BHK,Fully Furnished 2BHK Apartment in Karol Bagh,Karol Bagh,Delhi,Central Delhi,Working Professional,2,2,1,5,14,"Rs. 29,500/month","₹59,000",,1700,859,Furnished,1,Y,Yes,Yes,4 Hours,yes,N,N,0,N,Y,1,0,Karol Bagh Metro Station,950m,Sri Guru Nanak Dev Khalsa College,6.88km,Connaught Place,4.0km,220m,3.84km,4.8,19,Yes,2026-08-10,MagicBricks
PROP_356,2BHK,Semi-Furnished 2BHK Apartment in Knowledge Park,Knowledge Park,Greater Noida,Greater Noida,Family,2,2,10,24,13,12000,24k,1300,1400,863,Semi-Furnished,no,Yes,1,Y,12 Hours,yes,N,0,No,yes,1,0,yes,Knowledge Park II Metro Station,3.78km,Sharda University,,Greater Noida Industrial Area,13.08,3.7 km,2.88 km,4.8,52,Y,2026-07-27,NoBroker
PROP_357,1RK,Fully Furnished 1RK Apartment in Knowledge Park,Knowledge Park,Greater Noida,Greater Noida,Student,1,1,1,12,6,"Rs. 5,500/month",11k,,1100,408,unfurnished,N,Y,Yes,Y,12 Hours,1,Yes,0,no,No,No,1,Y,Knowledge Park II Metro Station,1.29km,Sharda University,6.61km,Greater Noida Industrial Area,12.23km,0.41km,,3.4,67,yes,2026-07-23,99acres
PROP_358,3BHK,Fully Furnished 3BHK Apartment in Gurugram Sector 45,Gurugram Sec 45,Gurugram,Gurugram,Family,3,2,12,15,8,49k,98k,,2500,1664,Furnished,1,yes,1,Y,4 Hours,1,N,0,N,no,1,Yes,no,HUDA City Centre Metro Station,3.81km,Ansal University,,Golf Course Road Offices,14.52 km,,0.79 km,3.4,67,No,2026-07-15,NoBroker
PROP_359,2BHK,Fully Furnished 2BHK Apartment in Hauz Khas,hauz khas,Delhi,South Delhi,Family,2,2,3,3,10,"Rs. 65,500/month",131k,"₹3,700",2500,1297,fully-furnished,0,Y,0,N,4 Hours,Y,1,N,No,No,no,Yes,No,Hauz Khas Metro Station,1.51 km,IIT Delhi,6.14km,Okhla Industrial Area,,,3.21km,4.2,80,1,2026-07-09,NoBroker
PROP_360,1BHK,Fully Furnished 1BHK Apartment in Mukherjee Nagar,Mukherjee Nagar,Delhi,North Delhi,Student,1,1,20,20,3,9k,9500,,900,337,unfurnished,no,No,1,1,12 Hours,Yes,No,no,no,no,yes,1,0,GTB Nagar Metro Station,4.15km,SGTB Khalsa College,2.65 km,Connaught Place,5.08km,2.22km,2.17,4.1,52,no,2026-08-01,99acres
PROP_361,1RK,Fully Furnished 1RK Apartment in Preet Vihar,preet vihar,Delhi,East Delhi,Family,1,1,5,12,6,14k,29000,1k,,414 sq.ft.,Unfurnished,Yes,Y,Yes,No,24 Hours,yes,N,no,0,1,No,0,0,Preet Vihar Metro Station,2.82km,Vivekananda College,5.52,Noida Sector 62 IT Park,13.17 km,0.88 km,3.94 km,3.7,80,1,2026-07-12,99acres
PROP_362,1BHK,Semi-Furnished 1BHK Apartment in Hauz Khas,Hauz Khas,Delhi,South Delhi,Family,1,1,5,5,14,"Rs. 29,000/month",58000,,800,515 sq.ft.,semi-furnished,0,no,yes,Yes,12 Hours,N,no,N,Y,No,Y,1,No,Hauz Khas Metro Station,4.27km,IIT Delhi,9.13km,Okhla Industrial Area,4.85,,5.13km,4.4,49,Yes,2026-07-22,99acres
PROP_363,3BHK,Fully Furnished 3BHK Apartment in Greater Kailash,greater kailash,Delhi,South Delhi,Working Professional,3,2,2,3,6,155k,311000,3900,3500,1920,fully-furnished,0,yes,no,Y,4 Hours,yes,No,0,N,No,1,no,yes,Kailash Colony Metro Station,1.93 km,Lady Shri Ram College (LSR),4.69 km,Nehru Place IT Hub,2.29 km,3.78km,5.94km,3.9,9,Y,2026-07-19,NoBroker
PROP_364,1RK,Fully Furnished 1RK Apartment in Preet Vihar,Preet Vihar,Delhi,East Delhi,Student,1,1,4,12,0,"Rs. 14,000/month",28000,0,900,413,Furnished,no,Y,Y,N,12 Hours,Y,1,No,no,no,Yes,Y,0,Preet Vihar Metro Station,4.03,Vivekananda College,6.45km,Noida Sector 62 IT Park,5.66,3.84 km,3.94km,4.0,56,Y,2026-08-08,99acres
PROP_365,3BHK,Semi-Furnished 3BHK Apartment in Gurugram Sector 45,Gurugram Sec-45,Gurugram,Gurugram,Working Professional,3,2,8,15,12,35k,71k,0,1900,1470,semi-furnished,No,1,yes,Yes,24 Hours,1,0,N,no,No,Y,1,0,HUDA City Centre Metro Station,1.97 km,Ansal University,,Golf Course Road Offices,1.25km,2.74km,,3.3,12,1,2026-07-29,MagicBricks
PROP_366,2BHK,Semi-Furnished 2BHK Apartment in Dwarka,Dwarka,Delhi,Dwarka,Working Bachelor,2,2,1,3,13,"Rs. 24,500/month","₹49,000",0,1800,1120,Semi-Furnished,no,Yes,N,no,4 Hours,No,Yes,No,1,N,N,No,no,Dwarka Sector 10 Metro Station,0.84km,Netaji Subhas University of Technology (NSUT),,Gurugram Sector 21 IT Park,,,,3.9,4,Yes,2026-07-28,99acres
PROP_367,4BHK,Fully Furnished 4BHK Apartment in Shakarpur,SHAKARPUR,Delhi,East Delhi,Family,4,4,0,3,3,25k,"Rs. 51,000/month","Rs. 2,200/month",3300,1428,Furnished,N,yes,no,yes,24 Hours,yes,1,No,no,no,N,1,N,Nirman Vihar Metro Station,0.66km,Bhim Rao Ambedkar College,3.25,Noida Sector 62 IT Park,7.76km,1.63km,4.88km,4.2,54,yes,2026-07-28,Housing.com
PROP_368,3BHK,Semi-Furnished 3BHK Apartment in Rajinder Nagar,Rajinder Nagar,Delhi,Central Delhi,Family,3,2,2,4,15,38k,"Rs. 114,000/month",,2000,1129,semi-furnished,0,N,no,No,4 Hours,0,Y,N,0,N,1,N,0,Rajendra Place Metro Station,2.01 km,Venkateshwara College,3.38,Rajendra Place IT Hub,3.88km,1.2km,3.61km,4.4,52,Y,2026-07-29,NoBroker
PROP_369,1BHK,Semi-Furnished 1BHK Apartment in Patel Nagar,Patel Nagar,Delhi,West Delhi,Family,1,1,2,5,15,"Rs. 12,500/month",25000,,700,483,semi-furnished,no,Yes,Y,No,24 Hours,yes,No,Yes,no,0,Yes,yes,No,Patel Nagar Metro Station,4.25km,Kalindi College,2.96km,Rajendra Place IT Hub,9.4km,4.11km,5.77km,4.7,2,yes,2026-07-20,99acres
PROP_370,1BHK,Semi-Furnished 1BHK Apartment in Preet Vihar,Preet Vihar,Delhi,East Delhi,Working Bachelor,1,1,0,12,6,"₹22,500",22k,,1500,724,semi-furnished,N,Yes,No,1,4 Hours,N,No,0,No,no,yes,Yes,1,Preet Vihar Metro Station,0.57 km,Vivekananda College,3.69km,Noida Sector 62 IT Park,,,2.59km,4.4,72,Yes,2026-08-08,NoBroker
PROP_371,1RK,Fully Furnished 1RK Apartment in Janakpuri,janakpuri,Delhi,West Delhi,Family,1,1,3,4,0,"₹8,500",17000,600,,317,unfurnished,No,No,N,no,24 Hours,yes,0,No,No,No,No,yes,yes,Janakpuri West Metro Station,1.23km,Bhaskaracharya College,,Janakpuri District Centre,14.05 km,1.65 km,1.79 km,3.5,7,yes,2026-08-09,Housing.com
PROP_372,1RK,Fully Furnished 1RK Apartment in Rohini,Rohini,Delhi,North Delhi,Student,1,1,4,5,2,"₹8,000","₹24,000",₹800,1000,347,Furnished,No,1,Y,1,4 Hours,Yes,no,0,N,0,1,Yes,Yes,Rohini West Metro Station,0.27km,Delhi Technological University (DTU),6.48 km,Netaji Subhash Place,,4.86,4.05,3.8,73,no,2026-07-29,NoBroker
PROP_373,2BHK,Fully Furnished 2BHK Apartment in Karol Bagh,Karol Bagh,Delhi,Central Delhi,Family,2,2,18,24,8,"₹20,500","Rs. 41,000/month",2100,1200,730,fully-furnished,Y,Y,yes,No,12 Hours,Yes,N,N,0,Y,N,no,No,Karol Bagh Metro Station,2.11,Sri Guru Nanak Dev Khalsa College,4.08 km,Connaught Place,,3.34km,2.61,3.2,48,0,2026-08-12,MagicBricks
PROP_374,4BHK,Fully Furnished 4BHK Apartment in Mukherjee Nagar,Mukherjee Nagar,Delhi,North Delhi,Family,4,4,3,4,4,"₹43,000","₹86,000",,3700,1703,Furnished,Yes,yes,no,Yes,24 Hours,Y,no,yes,no,no,Y,Y,no,GTB Nagar Metro Station,2.41,SGTB Khalsa College,3.77km,Connaught Place,9.29km,,480m,3.7,4,Y,2026-07-16,MagicBricks
PROP_375,1RK,Fully Furnished 1RK Apartment in Rohini,Rohini,Delhi,North Delhi,Student,1,1,3,3,7,"Rs. 7,500/month","Rs. 15,000/month","Rs. 1,300/month",900,392,Unfurnished,Yes,No,N,Y,4 Hours,Y,Yes,no,No,N,1,N,no,Rohini West Metro Station,2.52,Delhi Technological University (DTU),2.0,Netaji Subhash Place,9.8,3.44km,5.58km,3.6,49,Y,2026-07-13,MagicBricks
PROP_376,3BHK,Semi-Furnished 3BHK Apartment in Shakarpur,Shakarpur,Delhi,East Delhi,Family,3,2,3,3,13,"₹19,000","Rs. 38,000/month","Rs. 3,700/month",1800,1252,Semi-Furnished,Yes,Y,no,1,24 Hours,Yes,1,no,N,N,Yes,Y,1,Nirman Vihar Metro Station,0.51,Bhim Rao Ambedkar College,2.46 km,Noida Sector 62 IT Park,10.13,0.53km,3.65 km,4.1,17,Yes,2026-07-12,99acres
PROP_377,1BHK,Fully Furnished 1BHK Apartment in Janakpuri,JANAKPURI,Delhi,West Delhi,Student,1,1,6,8,3,10k,21000,Rs. 800/month,1000,481,Furnished,N,Y,Yes,1,4 Hours,1,Y,0,yes,no,N,Y,no,Janakpuri West Metro Station,3.83 km,Bhaskaracharya College,,Janakpuri District Centre,,4.09km,3.29km,3.6,35,yes,2026-07-06,Housing.com
PROP_378,2BHK,Semi-Furnished 2BHK Apartment in Gurugram Sector 45,gurugram sector 45,Gurugram,Gurugram,Family,2,2,2,8,11,"Rs. 35,500/month","Rs. 71,000/month","Rs. 3,600/month",1300,1052,semi-furnished,no,yes,Yes,Y,24 Hours,Yes,Yes,yes,no,N,1,Yes,No,HUDA City Centre Metro Station,0.36,Ansal University,,Golf Course Road Offices,,3.31km,2.75 km,3.8,23,1,2026-06-29,99acres
PROP_379,4BHK,Fully Furnished 4BHK Apartment in Pari Chowk,PARI CHOWK,Greater Noida,Greater Noida,Family,4,4,3,12,14,"Rs. 39,000/month",78k,6200,4800,2784,unfurnished,Yes,Y,Yes,0,12 Hours,1,0,N,1,0,Yes,no,N,Pari Chowk Metro Station,2.2 km,Galgotias University,0.83 km,Greater Noida Industrial Area,10.1 km,4.03km,3.86km,3.5,31,Yes,2026-07-19,Housing.com
PROP_380,1RK,Semi-Furnished 1RK Apartment in Noida Sector 62,Noida Sector 62,Noida,Noida,Family,1,1,7,15,4,5k,11000,1k,,337 sq.ft.,Semi-Furnished,No,Y,1,yes,24 Hours,N,yes,0,No,N,no,Yes,No,Noida Sector 62 Metro Station,3.68,JSS Academy of Technical Education,8.1km,Noida Sector 62 IT Park,2.87km,2.25 km,1.97 km,3.9,28,N,2026-08-09,NoBroker
PROP_381,1BHK,Semi-Furnished 1BHK Apartment in Saket,SAKET,Delhi,South Delhi,Working Bachelor,1,1,3,3,4,"Rs. 20,000/month",40000,"Rs. 1,300/month",900,600 sq.ft.,Semi-Furnished,0,Y,No,Yes,12 Hours,0,0,no,No,0,yes,Y,No,Saket Metro Station,0.68km,Gargi College,1.37,Saket District Centre,6.84,3.96km,2.42 km,3.2,18,Y,2026-07-13,Housing.com
PROP_382,1BHK,Fully Furnished 1BHK Apartment in Noida Sector 62,Noida Sec 62,Noida,Noida,Working Bachelor,1,1,2,3,10,"₹14,000","₹28,000",0,1500,592,fully-furnished,1,1,No,1,4 Hours,yes,0,No,yes,no,Yes,N,N,Noida Sector 62 Metro Station,0.66km,JSS Academy of Technical Education,8.23,Noida Sector 62 IT Park,11.71 km,4.37,1.46km,4.9,27,1,2026-07-01,Housing.com
PROP_383,1BHK,Fully Furnished 1BHK Apartment in Mukherjee Nagar,Mukherjee Nagar,Delhi,North Delhi,Student,1,1,4,4,6,10k,"₹10,000",₹800,900,403 sq.ft.,Furnished,No,Y,N,1,12 Hours,Yes,No,No,No,No,Y,Y,N,GTB Nagar Metro Station,430m,SGTB Khalsa College,2.37,Connaught Place,5.29 km,2.71km,4.03km,3.7,82,Y,2026-07-15,99acres
PROP_384,2BHK,Fully Furnished 2BHK Apartment in Gurugram Sector 56,Gurugram Sector 56,Gurugram,Gurugram,Family,2,2,16,20,13,"Rs. 28,500/month",28500,2k,2700,1171,Unfurnished,1,0,yes,no,12 Hours,Yes,Yes,No,no,Y,Yes,1,no,Sector 56 Metro Station,2.5 km,IILM University,2.7km,Golf Course Road Offices,14.3 km,4.94km,,4.2,65,yes,2026-07-20,Housing.com
PROP_385,1BHK,Semi-Furnished 1BHK Apartment in Indirapuram,Indirapuram,Ghaziabad,Ghaziabad,Family,1,1,5,12,2,"₹11,500","₹23,000","₹1,900",1400,750,semi-furnished,No,yes,Y,0,24 Hours,No,0,No,0,Yes,yes,yes,0,Vaishali Metro Station,2.16 km,ABES Engineering College,9.22km,Noida Sector 62 IT Park,14.28,760m,5.31,4.1,17,1,2026-07-03,Housing.com
PROP_386,2BHK,Semi-Furnished 2BHK Apartment in Noida Sector 137,Noida Sec-137,Noida,Noida,Working Bachelor,2,2,11,20,13,23k,69k,"Rs. 3,400/month",2200,1289 sq.ft.,semi-furnished,1,1,Yes,0,4 Hours,no,Y,Y,Y,0,N,1,no,Noida Sector 137 Metro Station,,Amity University Noida,1.16 km,Noida Expressway Offices,1.6,1.44 km,5.91 km,4.4,58,Y,2026-07-14,NoBroker
PROP_387,2BHK,Semi-Furnished 2BHK Apartment in Preet Vihar,Preet Vihar,Delhi,East Delhi,Family,2,2,3,8,10,39k,"₹79,000",0,2600,1181,Semi-Furnished,yes,Yes,Yes,1,12 Hours,N,1,0,no,no,yes,1,0,Preet Vihar Metro Station,1.96km,Vivekananda College,,Noida Sector 62 IT Park,8.02km,,,3.6,75,0,2026-07-02,NoBroker
PROP_388,1BHK,Fully Furnished 1BHK Apartment in Mukherjee Nagar,Mukherjee Nagar,Delhi,North Delhi,Student,1,1,3,8,10,"Rs. 7,500/month","₹15,000",1k,1000,361,Furnished,no,yes,Yes,No,4 Hours,Yes,no,1,No,N,No,yes,N,GTB Nagar Metro Station,0.38,SGTB Khalsa College,,Connaught Place,,3.83km,3.86,3.3,29,Y,2026-06-29,NoBroker
PROP_389,3BHK,Semi-Furnished 3BHK Apartment in Knowledge Park,Knowledge Park,Greater Noida,Greater Noida,Family,3,2,1,8,2,"Rs. 27,000/month",54000,,4100,1910,semi-furnished,Y,yes,yes,1,12 Hours,0,N,No,No,N,1,1,N,Knowledge Park II Metro Station,2.95km,Sharda University,,Greater Noida Industrial Area,2.01km,4.1km,2.73km,4.4,12,1,2026-07-19,NoBroker
PROP_390,2BHK,Fully Furnished 2BHK Apartment in Vasant Kunj,VASANT KUNJ,Delhi,South Delhi,Family,2,2,2,20,12,"Rs. 72,000/month","₹144,000",0,,1353,Unfurnished,N,Yes,yes,No,24 Hours,Y,1,no,0,Yes,yes,N,No,Chattarpur Metro Station,1.5,Jawaharlal Nehru University (JNU),9.27km,Cyber City Gurugram,13.82,4.72km,,4.5,13,0,2026-07-23,Housing.com
PROP_391,2BHK,Fully Furnished 2BHK Apartment in Noida Sector 62,Noida Sec 62,Noida,Noida,Working Professional,2,2,11,24,14,"₹17,000",34k,2k,2100,895,Unfurnished,no,yes,Yes,yes,12 Hours,Yes,1,No,no,No,Y,yes,yes,Noida Sector 62 Metro Station,1.9km,JSS Academy of Technical Education,2.34km,Noida Sector 62 IT Park,2.23km,2.89km,2.49,4.7,1,1,2026-07-04,NoBroker
PROP_392,2BHK,Fully Furnished 2BHK Apartment in Noida Sector 137,noida sector 137,Noida,Noida,Family,2,2,8,24,1,"₹18,000","Rs. 54,000/month",2k,2300,1016 sq.ft.,Unfurnished,0,N,Y,no,12 Hours,Y,N,0,0,yes,N,Y,no,Noida Sector 137 Metro Station,3.01 km,Amity University Noida,9.29,Noida Expressway Offices,10.0,4.73km,3.89km,4.7,63,1,2026-07-25,99acres
PROP_393,2BHK,Fully Furnished 2BHK Apartment in DLF Phase 3,DLF Phase 3,Gurugram,Gurugram,Working Professional,2,2,2,3,1,32k,"Rs. 32,000/month",,1500,863,unfurnished,Y,yes,No,yes,12 Hours,yes,no,0,0,no,N,Y,No,Phase 3 Metro Station,,Dronacharya College of Engineering,9.28km,DLF Cyber City,1.42km,0.86,3.49km,3.8,45,yes,2026-06-30,MagicBricks
PROP_394,1BHK,Fully Furnished 1BHK Apartment in Vaishali,Vaishali,Ghaziabad,Ghaziabad,Student,1,1,3,5,11,"Rs. 15,000/month",15000,1k,1100,659,Furnished,1,no,1,N,24 Hours,Yes,0,no,N,N,Yes,1,No,Vaishali Metro Station,2.67 km,Inderprastha Dental College,3.44 km,Noida Sector 62 IT Park,1.64,3.39,5.56km,3.8,45,yes,2026-06-30,Housing.com
PROP_395,2BHK,Fully Furnished 2BHK Apartment in Pari Chowk,Pari Chowk,Greater Noida,Greater Noida,Family,2,2,12,24,5,15500,31k,"₹3,000",2400,1219,Furnished,Yes,yes,1,yes,4 Hours,Y,0,No,No,no,no,0,No,Pari Chowk Metro Station,4.27 km,Galgotias University,9.54km,Greater Noida Industrial Area,3.62 km,3.95 km,5.02km,4.1,71,Yes,2026-07-25,99acres
PROP_396,2BHK,Semi-Furnished 2BHK Apartment in Mayur Vihar,Mayur Vihar,Delhi,East Delhi,Working Bachelor,2,2,1,8,6,"₹21,500","₹43,000",0,1500,772,Semi-Furnished,no,Y,Yes,no,4 Hours,0,Yes,0,Yes,0,1,N,0,Mayur Vihar 1 Metro Station,1.04km,Shaheed Sukhdev College of Business Studies,1.87 km,Noida Sector 62 IT Park,,,4.21km,3.3,6,1,2026-07-30,NoBroker
PROP_397,1BHK,Fully Furnished 1BHK Apartment in Mukherjee Nagar,Mukherjee Nagar,Delhi,North Delhi,Student,1,1,5,12,1,13000,13k,,,490,Unfurnished,yes,1,yes,Yes,24 Hours,Y,No,N,0,No,Yes,yes,1,GTB Nagar Metro Station,3.09 km,SGTB Khalsa College,,Connaught Place,1.5 km,,1.13km,4.5,69,Yes,2026-08-09,NoBroker
PROP_398,1BHK,Fully Furnished 1BHK Apartment in Karol Bagh,Karol Bagh,Delhi,Central Delhi,Student,1,1,3,4,7,"₹11,000",22k,1000,800,346,fully-furnished,No,Yes,0,0,4 Hours,Yes,Y,0,No,No,yes,Yes,0,Karol Bagh Metro Station,4.12km,Sri Guru Nanak Dev Khalsa College,4.73,Connaught Place,6.79km,1.49km,2.38 km,4.6,83,Y,2026-08-07,NoBroker
PROP_399,2BHK,Fully Furnished 2BHK Apartment in Karol Bagh,Karol Bagh,Delhi,Central Delhi,Family,2,2,3,5,7,22500,45000,"₹2,000",1500,707,Unfurnished,1,1,1,0,4 Hours,yes,N,no,no,0,No,yes,Y,Karol Bagh Metro Station,,Sri Guru Nanak Dev Khalsa College,9.63km,Connaught Place,,3.98km,5.35,3.5,54,yes,2026-08-13,99acres
PROP_400,1RK,Fully Furnished 1RK Apartment in Saket,SAKET,Delhi,South Delhi,Family,1,1,1,3,12,"Rs. 11,500/month","₹34,500",₹700,800,300,unfurnished,no,Y,no,yes,12 Hours,yes,No,no,no,No,no,Yes,no,Saket Metro Station,1.33,Gargi College,0.72,Saket District Centre,4.33km,2.01km,5.64km,3.4,12,1,2026-08-03,NoBroker
PROP_401,2BHK,Fully Furnished 2BHK Apartment in Janakpuri,Janakpuri,Delhi,West Delhi,Family,2,2,3,24,3,"₹29,000","₹58,000",0,1600,1019,unfurnished,1,0,Yes,Yes,24 Hours,1,yes,N,no,1,Yes,1,N,Janakpuri West Metro Station,,Bhaskaracharya College,4.65,Janakpuri District Centre,3.08 km,4.36,2.66km,3.9,39,yes,2026-07-13,MagicBricks
PROP_402,3BHK,Fully Furnished 3BHK Apartment in Hauz Khas,Hauz Khas,Delhi,South Delhi,Family,3,2,1,8,15,102500,"Rs. 205,000/month",4k,,1940,fully-furnished,N,Yes,Yes,Yes,24 Hours,1,N,N,N,no,1,no,No,Hauz Khas Metro Station,0.77,IIT Delhi,8.55 km,Okhla Industrial Area,14.99km,1.25,3.9,3.4,41,Y,2026-08-07,Housing.com
PROP_403,3BHK,Fully Furnished 3BHK Apartment in Noida Sector 137,NOIDA SECTOR 137,Noida,Noida,Family,3,2,5,12,7,"Rs. 29,000/month","₹58,000",,,1527,fully-furnished,1,Yes,Yes,0,4 Hours,1,N,No,0,N,1,Y,No,Noida Sector 137 Metro Station,2.57 km,Amity University Noida,7.57 km,Noida Expressway Offices,9.28 km,1.04km,0.91km,4.0,24,Yes,2026-07-18,Housing.com
PROP_404,1BHK,Fully Furnished 1BHK Apartment in Pari Chowk,Pari Chowk,Greater Noida,Greater Noida,Student,1,1,2,8,7,"₹9,500","₹19,000",0,1400,686,Unfurnished,N,No,Yes,N,12 Hours,Y,Y,No,Y,no,N,Y,N,Pari Chowk Metro Station,3.19km,Galgotias University,9.4 km,Greater Noida Industrial Area,2.21,3.73km,2.73,3.3,43,Y,2026-08-13,99acres
PROP_405,2BHK,Fully Furnished 2BHK Apartment in Mayur Vihar,Mayur Vihar,Delhi,East Delhi,Family,2,2,0,5,5,"₹26,500","Rs. 53,000/month",2800,1700,1037,Unfurnished,1,1,1,yes,4 Hours,Y,1,Y,Yes,no,Yes,no,N,Mayur Vihar 1 Metro Station,,Shaheed Sukhdev College of Business Studies,6.64km,Noida Sector 62 IT Park,12.95km,1.61km,2.46km,4.3,65,Y,2026-07-18,NoBroker
PROP_406,1BHK,Fully Furnished 1BHK Apartment in Laxmi Nagar,LAXMI NAGAR,Delhi,East Delhi,Student,1,1,5,8,0,"Rs. 7,500/month",22k,Rs. 900/month,1000,432,unfurnished,N,Y,1,No,24 Hours,1,0,no,No,0,Yes,Yes,no,Laxmi Nagar Metro Station,0.12 km,Shyam Lal College,7.69,Noida Sector 62 IT Park,,1.83,1.08 km,4.1,58,Y,2026-07-26,Housing.com
PROP_407,3BHK,Fully Furnished 3BHK Apartment in Janakpuri,Janakpuri,Delhi,West Delhi,Family,3,2,3,24,10,48000,96k,"Rs. 5,000/month",3100,1498,fully-furnished,Y,Y,Y,1,24 Hours,Yes,Y,no,no,N,1,Y,Y,Janakpuri West Metro Station,1.53 km,Bhaskaracharya College,9.12km,Janakpuri District Centre,9.86 km,,,4.4,29,Y,2026-08-11,NoBroker
PROP_408,1BHK,Semi-Furnished 1BHK Apartment in DLF Phase 3,DLF Phase 3,Gurugram,Gurugram,Working Bachelor,1,1,3,4,7,16000,32k,₹900,900,432,semi-furnished,N,1,No,no,12 Hours,no,Yes,Yes,no,0,1,Yes,no,Phase 3 Metro Station,0.11 km,Dronacharya College of Engineering,3.15km,DLF Cyber City,13.85km,4.33 km,,4.7,62,1,2026-07-14,MagicBricks
PROP_409,1BHK,Semi-Furnished 1BHK Apartment in Kamla Nagar,Kamla Nagar,Delhi,North Delhi,Student,1,1,3,3,7,9000,9k,,800,387,semi-furnished,0,Y,0,1,24 Hours,no,1,N,0,0,1,N,N,Vishwa Vidyalaya Metro Station,2.96 km,Kirori Mal College,9.43km,Connaught Place,12.67 km,3.62km,1.09 km,3.8,24,1,2026-07-28,MagicBricks
PROP_410,1BHK,Fully Furnished 1BHK Apartment in Knowledge Park,Knowledge Park,Greater Noida,Greater Noida,Student,1,1,11,12,1,"₹6,500","Rs. 6,500/month","Rs. 1,900/month",,653 sq.ft.,unfurnished,N,yes,Y,N,24 Hours,Y,0,N,no,no,0,No,No,Knowledge Park II Metro Station,,Sharda University,,Greater Noida Industrial Area,14.99km,3.74km,700m,4.5,39,Y,2026-07-18,MagicBricks
PROP_411,1BHK,Fully Furnished 1BHK Apartment in Kamla Nagar,Kamla Nagar,Delhi,North Delhi,Student,1,1,11,12,14,13k,"₹27,000",1k,1100,435,unfurnished,0,1,yes,No,4 Hours,Y,N,N,Yes,yes,no,yes,no,Vishwa Vidyalaya Metro Station,2.28 km,Kirori Mal College,9.11,Connaught Place,12.9km,1.71 km,5.08,4.4,79,yes,2026-08-04,MagicBricks
PROP_412,1BHK,Fully Furnished 1BHK Apartment in Vaishali,vaishali,Ghaziabad,Ghaziabad,Student,1,1,8,8,15,11500,34500,0,1400,606,Furnished,N,0,1,Yes,24 Hours,Yes,N,yes,Y,N,1,No,N,Vaishali Metro Station,2.91,Inderprastha Dental College,7.03km,Noida Sector 62 IT Park,7.59km,3.09 km,2.26km,4.3,79,Y,2026-06-29,MagicBricks
PROP_413,4BHK,Fully Furnished 4BHK Apartment in Laxmi Nagar,Laxmi Nagar,Delhi,East Delhi,Family,4,4,2,4,12,"₹32,000",64k,,3500,1498,Furnished,yes,yes,N,No,4 Hours,Y,no,No,No,no,Y,yes,Yes,Laxmi Nagar Metro Station,1.4,Shyam Lal College,4.2,Noida Sector 62 IT Park,3.35km,0.6km,5.33km,3.8,25,Yes,2026-07-24,NoBroker
PROP_414,1BHK,Semi-Furnished 1BHK Apartment in Vaishali,Vaishali,Ghaziabad,Ghaziabad,Student,1,1,1,4,13,11500,11k,"Rs. 2,200/month",1200,660,Semi-Furnished,N,Yes,0,Yes,4 Hours,No,Yes,0,0,No,yes,Y,Yes,Vaishali Metro Station,1.88km,Inderprastha Dental College,1.67 km,Noida Sector 62 IT Park,12.45 km,4.64km,1.17km,3.3,63,1,2026-08-03,Housing.com
PROP_415,1RK,Fully Furnished 1RK Apartment in Hauz Khas,hauz khas,Delhi,South Delhi,Family,1,1,8,12,10,23k,"Rs. 46,000/month","Rs. 1,500/month",1100,450 sq.ft.,fully-furnished,no,yes,Yes,Y,24 Hours,Y,Yes,No,no,0,1,Yes,yes,Hauz Khas Metro Station,1.25 km,IIT Delhi,4.36km,Okhla Industrial Area,5.7km,,3.02km,4.0,51,Y,2026-08-11,MagicBricks
PROP_416,2BHK,Fully Furnished 2BHK Apartment in Green Park,Green Park,Delhi,South Delhi,Working Professional,2,2,1,8,6,72500,217k,0,2700,1322,Unfurnished,Yes,yes,yes,No,24 Hours,Yes,no,No,0,N,0,No,No,Green Park Metro Station,1.04km,NIFT Delhi,0.46 km,Bhikaji Cama Place,5.27km,3.85,4.46km,4.7,66,Y,2026-07-29,NoBroker
PROP_417,3BHK,Fully Furnished 3BHK Apartment in Patel Nagar,Patel Nagar,Delhi,West Delhi,Family,3,2,20,20,13,34000,"₹68,000","Rs. 3,900/month",2100,1258,Unfurnished,N,yes,yes,yes,24 Hours,yes,No,No,no,yes,Y,Y,0,Patel Nagar Metro Station,2.23km,Kalindi College,4.27km,Rajendra Place IT Hub,7.68km,0.29 km,5.71,3.7,70,Y,2026-07-27,99acres
PROP_418,1RK,Semi-Furnished 1RK Apartment in Kamla Nagar,Kamla Nagar,Delhi,North Delhi,Family,1,1,10,24,3,"Rs. 9,000/month",18000,,500,320,semi-furnished,No,0,Y,1,12 Hours,No,0,No,0,0,Yes,No,no,Vishwa Vidyalaya Metro Station,1.64 km,Kirori Mal College,5.19km,Connaught Place,3.16km,,2.56km,3.5,4,Y,2026-07-08,Housing.com
PROP_419,1RK,Fully Furnished 1RK Apartment in Saket,Saket,Delhi,South Delhi,Student,1,1,8,12,0,"Rs. 11,000/month","Rs. 33,000/month",Rs. 800/month,,266,unfurnished,Y,0,Y,0,12 Hours,1,Y,N,No,yes,No,1,N,Saket Metro Station,4.2,Gargi College,8.3km,Saket District Centre,6.34 km,,3.13km,3.3,42,1,2026-06-30,99acres
PROP_420,3BHK,Fully Furnished 3BHK Apartment in Shakarpur,Shakarpur,Delhi,East Delhi,Family,3,2,4,15,2,"Rs. 21,000/month","Rs. 42,000/month",2k,2100,1192,unfurnished,0,Y,Y,Y,12 Hours,1,Yes,N,Yes,No,Y,yes,N,Nirman Vihar Metro Station,1.42,Bhim Rao Ambedkar College,8.0km,Noida Sector 62 IT Park,9.26km,0.99km,1.47km,3.4,35,yes,2026-07-11,NoBroker
PROP_421,2BHK,Semi-Furnished 2BHK Apartment in Knowledge Park,Knowledge Park,Greater Noida,Greater Noida,Working Bachelor,2,2,12,12,1,10k,"Rs. 21,000/month","Rs. 1,800/month",1300,1014,semi-furnished,yes,Yes,Y,1,24 Hours,No,Y,0,no,N,Yes,N,0,Knowledge Park II Metro Station,,Sharda University,3.72km,Greater Noida Industrial Area,5.8,4.82km,2.22km,3.6,28,1,2026-07-25,MagicBricks
PROP_422,3BHK,Fully Furnished 3BHK Apartment in Pari Chowk,Pari Chowk,Greater Noida,Greater Noida,Family,3,2,10,12,3,24k,48000,"₹5,200",3800,1700,Unfurnished,0,yes,Y,Y,24 Hours,1,1,0,No,1,0,no,No,Pari Chowk Metro Station,2.55 km,Galgotias University,,Greater Noida Industrial Area,8.79,4.97km,3.25 km,3.6,36,1,2026-08-11,MagicBricks
PROP_423,2BHK,Fully Furnished 2BHK Apartment in Greater Kailash,Greater Kailash,Delhi,South Delhi,Family,2,2,7,15,13,92k,92500,,2300,1512,Unfurnished,yes,yes,1,N,4 Hours,Y,0,Yes,no,no,Yes,no,No,Kailash Colony Metro Station,3.41km,Lady Shri Ram College (LSR),6.24,Nehru Place IT Hub,1.58,1.11km,3.74km,4.7,39,Y,2026-07-05,NoBroker
PROP_424,2BHK,Fully Furnished 2BHK Apartment in Noida Sector 15,noida sector 15,Noida,Noida,Family,2,2,1,3,10,23k,"Rs. 46,000/month",2k,1700,902,Unfurnished,1,1,N,No,24 Hours,1,Yes,yes,no,no,yes,yes,No,Noida Sector 15 Metro Station,4.16 km,Amity University Noida,5.98 km,Noida Sector 16 Commercial Hub,,2.82km,4.89,3.4,42,Y,2026-07-19,99acres
PROP_425,1BHK,Fully Furnished 1BHK Apartment in Shakarpur,shakarpur,Delhi,East Delhi,Student,1,1,4,4,6,"Rs. 6,500/month",13k,0k,,384,Furnished,0,Yes,N,No,12 Hours,1,no,Yes,no,no,Y,No,1,Nirman Vihar Metro Station,0.84 km,Bhim Rao Ambedkar College,2.31 km,Noida Sector 62 IT Park,6.14km,1.14km,3.2 km,4.7,50,0,2026-07-14,MagicBricks
PROP_426,2BHK,Fully Furnished 2BHK Apartment in Rohini,rohini,Delhi,North Delhi,Family,2,2,1,3,5,"Rs. 19,000/month","Rs. 38,000/month",2100,1900,941,Furnished,Y,1,N,0,12 Hours,Yes,No,N,no,No,Y,No,0,Rohini West Metro Station,2.94km,Delhi Technological University (DTU),2.53,Netaji Subhash Place,2.39 km,4.11,5.99km,4.4,76,Yes,2026-08-06,MagicBricks
PROP_427,2BHK,Semi-Furnished 2BHK Apartment in Shakarpur,Shakarpur,Delhi,East Delhi,Family,2,2,11,24,8,"Rs. 7,000/month","₹14,000",0,,563,semi-furnished,yes,no,Y,Y,24 Hours,No,Y,N,0,Y,yes,N,yes,Nirman Vihar Metro Station,3.33km,Bhim Rao Ambedkar College,3.25km,Noida Sector 62 IT Park,13.66km,3.87,1.16km,4.1,24,Y,2026-07-21,Housing.com
PROP_428,3BHK,Semi-Furnished 3BHK Apartment in Rohini,ROHINI,Delhi,North Delhi,Family,3,2,6,15,7,22k,"Rs. 45,000/month",,2600,1286,semi-furnished,Y,1,1,1,24 Hours,Y,Y,0,no,0,No,yes,1,Rohini West Metro Station,3.39,Delhi Technological University (DTU),7.31km,Netaji Subhash Place,7.04km,4.58,5.91 km,4.7,33,N,2026-08-06,MagicBricks
PROP_429,2BHK,Fully Furnished 2BHK Apartment in Dwarka,Dwarka,Delhi,Dwarka,Family,2,2,0,4,3,"₹41,500",83000,0,2500,1402,Unfurnished,1,1,N,Y,12 Hours,Y,1,0,no,N,Y,No,No,Dwarka Sector 10 Metro Station,2.78,Netaji Subhas University of Technology (NSUT),2.8km,Gurugram Sector 21 IT Park,10.44 km,2.74km,2.29km,3.9,55,yes,2026-07-03,Housing.com
PROP_430,2BHK,Semi-Furnished 2BHK Apartment in Mayur Vihar,MAYUR VIHAR,Delhi,East Delhi,Family,2,2,24,24,7,23k,23k,,1100,814,semi-furnished,No,1,Yes,yes,12 Hours,yes,yes,yes,no,1,1,No,0,Mayur Vihar 1 Metro Station,2.59 km,Shaheed Sukhdev College of Business Studies,9.75,Noida Sector 62 IT Park,10.76,3.46 km,0.31,4.2,83,Y,2026-07-16,Housing.com
PROP_431,4BHK,Fully Furnished 4BHK Apartment in Rajinder Nagar,rajinder nagar,Delhi,Central Delhi,Family,4,4,4,5,0,"Rs. 82,000/month","₹164,000",,,2074,unfurnished,1,Y,N,Yes,12 Hours,1,0,No,No,no,no,yes,0,Rajendra Place Metro Station,0.25 km,Venkateshwara College,9.02km,Rajendra Place IT Hub,9.51km,,2.16km,3.9,53,no,2026-07-10,Housing.com
PROP_432,2BHK,Fully Furnished 2BHK Apartment in Laxmi Nagar,Laxmi Nagar,Delhi,East Delhi,Family,2,2,1,3,15,"₹13,500","₹27,000",1000,1300,665,unfurnished,Yes,Yes,no,No,24 Hours,1,Y,No,0,no,No,Y,no,Laxmi Nagar Metro Station,3.95 km,Shyam Lal College,,Noida Sector 62 IT Park,11.23km,3.94,2.33 km,3.9,73,Y,2026-08-03,MagicBricks
PROP_433,1RK,Semi-Furnished 1RK Apartment in Greater Kailash,Greater Kailash,Delhi,South Delhi,Family,1,1,3,5,15,"Rs. 17,500/month","₹35,000",0,,363 sq.ft.,Semi-Furnished,Y,Yes,1,Y,24 Hours,0,1,No,N,No,Yes,yes,N,Kailash Colony Metro Station,0.66,Lady Shri Ram College (LSR),,Nehru Place IT Hub,2.67,2.91 km,5.1,4.6,73,yes,2026-07-14,99acres
PROP_434,3BHK,Semi-Furnished 3BHK Apartment in Gurugram Sector 45,Gurugram Sec 45,Gurugram,Gurugram,Family,3,2,5,20,12,51000,153000,"Rs. 4,700/month",3100,1519,Semi-Furnished,Yes,yes,yes,1,4 Hours,0,0,N,N,Y,0,yes,0,HUDA City Centre Metro Station,1.69,Ansal University,1.37km,Golf Course Road Offices,13.61 km,,5.15km,3.6,66,No,2026-08-03,MagicBricks
PROP_435,1BHK,Fully Furnished 1BHK Apartment in Hauz Khas,Hauz Khas,Delhi,South Delhi,Family,1,1,1,3,13,"₹31,500","Rs. 63,000/month",0,1000,530,Unfurnished,no,Yes,N,No,24 Hours,Y,yes,Yes,no,no,Yes,Y,No,Hauz Khas Metro Station,3.97km,IIT Delhi,6.45km,Okhla Industrial Area,8.06 km,0.8,,3.6,42,Y,2026-07-16,99acres
PROP_436,3BHK,Fully Furnished 3BHK Apartment in Karol Bagh,KAROL BAGH,Delhi,Central Delhi,Family,3,2,4,5,0,"Rs. 33,500/month",67000,"Rs. 1,600/month",,1103,Unfurnished,Yes,1,Y,1,4 Hours,1,Y,No,N,no,Yes,1,No,Karol Bagh Metro Station,3.33 km,Sri Guru Nanak Dev Khalsa College,4.6km,Connaught Place,5.77 km,4.34,,3.6,25,yes,2026-07-01,Housing.com
PROP_437,3BHK,Fully Furnished 3BHK Apartment in Rajinder Nagar,RAJINDER NAGAR,Delhi,Central Delhi,Family,3,2,9,20,3,"₹41,000","Rs. 82,000/month",1k,2900,1205,Unfurnished,no,1,Yes,N,24 Hours,1,yes,No,No,yes,yes,Yes,No,Rajendra Place Metro Station,1.71km,Venkateshwara College,3.76 km,Rajendra Place IT Hub,8.25km,2.59,4.88 km,4.8,34,Yes,2026-07-27,NoBroker
PROP_438,3BHK,Fully Furnished 3BHK Apartment in Kamla Nagar,Kamla Nagar,Delhi,North Delhi,Family,3,2,9,12,8,43500,87k,,2900,1393,Furnished,No,1,1,N,12 Hours,1,0,no,yes,0,1,1,Yes,Vishwa Vidyalaya Metro Station,3.05km,Kirori Mal College,8.76km,Connaught Place,10.03 km,4.48 km,4.38 km,3.6,16,Yes,2026-07-15,Housing.com
PROP_439,1RK,Semi-Furnished 1RK Apartment in Gurugram Sector 56,Gurugram Sector 56,Gurugram,Gurugram,Family,1,1,3,5,3,7k,14k,,700,318,semi-furnished,no,1,1,No,12 Hours,0,N,Y,No,N,1,1,no,Sector 56 Metro Station,1.77km,IILM University,2.01,Golf Course Road Offices,1.0km,2.5,1.19km,4.0,0,Yes,2026-07-01,99acres
PROP_439,2BHK,Fully Furnished 2BHK Apartment in Noida Sector 62,Noida Sec 62,Noida,Noida,Working Bachelor,2,2,9,12,1,"Rs. 18,500/month","₹37,000","₹1,500",1800,958,unfurnished,0,1,Yes,N,12 Hours,Yes,Y,No,N,no,no,No,0,Noida Sector 62 Metro Station,,JSS Academy of Technical Education,9.34,Noida Sector 62 IT Park,,360m,2.29,4.6,44,yes,2026-07-29,Housing.com
PROP_441,1RK,Semi-Furnished 1RK Apartment in Rohini,ROHINI,Delhi,North Delhi,Student,1,1,0,3,6,8k,"Rs. 17,000/month",₹600,700,396,Semi-Furnished,0,1,no,1,24 Hours,Yes,Yes,N,no,No,Yes,Y,Y,Rohini West Metro Station,2.82 km,Delhi Technological University (DTU),2.49km,Netaji Subhash Place,0.76 km,3.52 km,,3.4,72,1,2026-07-24,99acres
PROP_442,1BHK,Fully Furnished 1BHK Apartment in Gurugram Sector 45,Gurugram Sec 45,Gurugram,Gurugram,Family,1,1,2,3,3,"₹21,500",43000,"₹1,200",1300,568,Furnished,no,No,N,1,12 Hours,Yes,No,no,0,N,0,Yes,0,HUDA City Centre Metro Station,3.62 km,Ansal University,4.34 km,Golf Course Road Offices,,2.47 km,,4.6,36,yes,2026-08-13,NoBroker
PROP_443,3BHK,Fully Furnished 3BHK Apartment in Vaishali,Vaishali,Ghaziabad,Ghaziabad,Working Professional,3,2,4,4,7,24500,"₹49,000","₹2,300",,1340,Unfurnished,0,Yes,No,Yes,4 Hours,Yes,no,0,no,N,0,yes,Yes,Vaishali Metro Station,1.07km,Inderprastha Dental College,1.06km,Noida Sector 62 IT Park,1.85 km,,3.24km,3.4,71,Y,2026-08-13,99acres
PROP_444,3BHK,Fully Furnished 3BHK Apartment in Civil Lines,CIVIL LINES,Delhi,North Delhi,Family,3,2,8,20,10,91k,183000,"₹5,900",,1917,Furnished,yes,1,Yes,Y,24 Hours,yes,1,0,yes,Yes,0,N,1,Civil Lines Metro Station,4.34km,St. Stephen's College,0.99 km,Connaught Place,12.59 km,0.28 km,1.26 km,4.5,57,Yes,2026-06-30,MagicBricks
PROP_445,4BHK,Fully Furnished 4BHK Apartment in Janakpuri,Janakpuri,Delhi,West Delhi,Family,4,4,8,12,8,72k,144000,,4600,2544,unfurnished,1,yes,Yes,Yes,12 Hours,1,Yes,no,N,N,yes,No,No,Janakpuri West Metro Station,0.59 km,Bhaskaracharya College,8.88km,Janakpuri District Centre,6.91km,2.95km,4.63 km,4.6,4,Yes,2026-08-03,MagicBricks
PROP_446,2BHK,Semi-Furnished 2BHK Apartment in Civil Lines,Civil Lines,Delhi,North Delhi,Family,2,2,3,5,12,68000,136000,"₹4,500",1700,1347,Semi-Furnished,no,Yes,0,0,24 Hours,1,Y,no,0,no,no,N,0,Civil Lines Metro Station,3.87km,St. Stephen's College,9.71km,Connaught Place,4.03km,,5.23,4.3,49,Yes,2026-07-28,MagicBricks
PROP_447,1RK,Semi-Furnished 1RK Apartment in Malviya Nagar,Malviya Nagar,Delhi,South Delhi,Family,1,1,8,15,12,12k,12000,Rs. 900/month,700,373 sq.ft.,Semi-Furnished,no,0,Y,N,12 Hours,no,no,no,No,0,yes,yes,No,Malviya Nagar Metro Station,1.55km,College of Vocational Studies,,Okhla Industrial Area,3.02,,340m,4.3,14,Yes,2026-08-08,99acres
PROP_448,1BHK,Semi-Furnished 1BHK Apartment in Rohini,Rohini,Delhi,North Delhi,Student,1,1,15,20,4,"₹10,500","₹21,000","Rs. 1,600/month",1100,552,semi-furnished,yes,Y,Yes,1,4 Hours,1,N,0,yes,Yes,no,No,No,Rohini West Metro Station,2.42km,Delhi Technological University (DTU),,Netaji Subhash Place,12.42km,,2.49 km,4.3,80,no,2026-08-12,NoBroker
PROP_449,2BHK,Semi-Furnished 2BHK Apartment in Vasant Kunj,Vasant Kunj,Delhi,South Delhi,Working Professional,2,2,14,20,3,"Rs. 74,500/month","Rs. 74,500/month",0,,1510,Semi-Furnished,yes,Y,Y,no,24 Hours,1,N,N,no,0,0,Yes,yes,Chattarpur Metro Station,1.07km,Jawaharlal Nehru University (JNU),4.43km,Cyber City Gurugram,850m,,0.44km,4.2,61,Y,2026-07-24,99acres
PROP_450,4BHK,Fully Furnished 4BHK Apartment in Janakpuri,Janakpuri,Delhi,West Delhi,Family,4,4,1,3,4,"Rs. 61,500/month",123000,,4400,2609,fully-furnished,Y,Yes,no,N,4 Hours,1,yes,no,N,0,N,No,no,Janakpuri West Metro Station,,Bhaskaracharya College,4.68,Janakpuri District Centre,10.39,0.55 km,,3.6,50,0,2026-08-13,NoBroker
PROP_451,4BHK,Fully Furnished 4BHK Apartment in Model Town,Model Town,Delhi,North Delhi,Family,4,4,4,5,14,"Rs. 94,000/month",94k,,3900,2008,Unfurnished,yes,No,yes,1,24 Hours,1,N,no,1,no,1,N,1,Model Town Metro Station,1.21 km,Miranda House,6.83km,Connaught Place,6.83km,3.64 km,3.09 km,4.4,26,Y,2026-08-09,NoBroker
PROP_452,2BHK,Fully Furnished 2BHK Apartment in Model Town,model town,Delhi,North Delhi,Working Professional,2,2,4,8,4,"Rs. 44,000/month","Rs. 88,000/month",3300,2000,1208,fully-furnished,N,1,yes,1,4 Hours,yes,No,No,0,no,1,1,N,Model Town Metro Station,0.14km,Miranda House,2.3 km,Connaught Place,520m,1.99km,5.49 km,3.3,2,1,2026-07-19,99acres
PROP_453,1BHK,Semi-Furnished 1BHK Apartment in Civil Lines,Civil Lines,Delhi,North Delhi,Family,1,1,1,8,10,25000,"Rs. 50,000/month",0,900,525,semi-furnished,N,yes,yes,No,12 Hours,no,0,no,N,No,N,1,Y,Civil Lines Metro Station,,St. Stephen's College,6.86km,Connaught Place,,0.42 km,0.91,3.4,42,Y,2026-07-24,Housing.com
PROP_454,2BHK,Fully Furnished 2BHK Apartment in Greater Kailash,Greater Kailash,Delhi,South Delhi,Family,2,2,2,12,5,97000,194000,4300,,1396,Furnished,no,Y,N,N,4 Hours,yes,Y,0,0,No,yes,no,Y,Kailash Colony Metro Station,3.44 km,Lady Shri Ram College (LSR),4.84 km,Nehru Place IT Hub,14.59km,2.32 km,1.73 km,4.5,13,1,2026-08-13,99acres
PROP_455,1RK,Fully Furnished 1RK Apartment in Saket,Saket,Delhi,South Delhi,Family,1,1,8,24,12,16k,"Rs. 32,000/month",0,700,384,unfurnished,No,1,yes,Y,4 Hours,1,no,0,N,no,1,Yes,N,Saket Metro Station,3.51km,Gargi College,9.7km,Saket District Centre,7.28 km,3.54 km,0.59 km,4.7,72,Yes,2026-07-14,NoBroker
PROP_456,3BHK,Fully Furnished 3BHK Apartment in Mayur Vihar,Mayur Vihar,Delhi,East Delhi,Family,3,2,11,24,3,"₹43,000",86000,"₹4,600",2700,1646,Unfurnished,No,N,yes,N,4 Hours,Yes,1,N,no,0,Yes,Y,no,Mayur Vihar 1 Metro Station,,Shaheed Sukhdev College of Business Studies,6.87 km,Noida Sector 62 IT Park,7.59 km,4.79km,1.5 km,4.9,83,1,2026-07-15,Housing.com
PROP_457,2BHK,Fully Furnished 2BHK Apartment in Gurugram Sector 45,GURUGRAM SECTOR 45,Gurugram,Gurugram,Family,2,2,1,8,4,30k,"₹61,000",,2300,1057 sq.ft.,unfurnished,0,yes,Y,N,24 Hours,Y,no,No,yes,no,1,1,N,HUDA City Centre Metro Station,4.0km,Ansal University,5.98km,Golf Course Road Offices,,1.71km,2.26km,4.0,5,no,2026-08-11,MagicBricks
PROP_458,1RK,Fully Furnished 1RK Apartment in Kamla Nagar,Kamla Nagar,Delhi,North Delhi,Student,1,1,1,5,4,9k,"₹19,000",Rs. 700/month,,327,Furnished,no,Yes,Y,Y,24 Hours,Yes,N,N,No,no,no,0,1,Vishwa Vidyalaya Metro Station,2.24km,Kirori Mal College,5.53 km,Connaught Place,12.13,1.7 km,4.82 km,3.6,17,yes,2026-07-08,MagicBricks
PROP_459,3BHK,Semi-Furnished 3BHK Apartment in Vasant Kunj,Vasant Kunj,Delhi,South Delhi,Family,3,2,0,3,10,"₹108,500","Rs. 217,000/month",0,5100,2408,semi-furnished,no,yes,no,Yes,12 Hours,0,No,No,no,no,no,Yes,no,Chattarpur Metro Station,2.64km,Jawaharlal Nehru University (JNU),,Cyber City Gurugram,9.91km,900m,0.31km,3.8,3,yes,2026-08-02,Housing.com
PROP_460,2BHK,Fully Furnished 2BHK Apartment in Gurugram Sector 45,Gurugram Sec 45,Gurugram,Gurugram,Working Professional,2,2,1,4,13,31k,63k,0,,883,unfurnished,No,N,0,N,4 Hours,Y,Y,No,0,No,Y,Y,N,HUDA City Centre Metro Station,880m,Ansal University,4.77,Golf Course Road Offices,7.07km,2.44 km,1.73km,4.0,68,1,2026-08-13,99acres
PROP_461,2BHK,Semi-Furnished 2BHK Apartment in Rohini,Rohini,Delhi,North Delhi,Working Bachelor,2,2,2,24,13,"Rs. 13,500/month","Rs. 27,000/month","Rs. 1,000/month",1000,697,semi-furnished,1,1,Yes,No,4 Hours,0,1,N,no,no,no,N,Y,Rohini West Metro Station,1.15,Delhi Technological University (DTU),3.92 km,Netaji Subhash Place,10.44 km,600m,2.57 km,3.2,73,Y,2026-07-09,MagicBricks
PROP_462,2BHK,Semi-Furnished 2BHK Apartment in Rajinder Nagar,Rajinder Nagar,Delhi,Central Delhi,Family,2,2,2,3,2,"Rs. 24,500/month",49k,"Rs. 2,600/month",1300,792,semi-furnished,Yes,1,No,0,4 Hours,No,No,no,N,0,yes,no,Yes,Rajendra Place Metro Station,4.45 km,Venkateshwara College,1.97km,Rajendra Place IT Hub,13.57km,2.46km,,4.5,60,1,2026-07-01,99acres
PROP_463,1RK,Semi-Furnished 1RK Apartment in Kamla Nagar,Kamla Nagar,Delhi,North Delhi,Family,1,1,2,15,6,"Rs. 7,000/month",7k,,700,344,Semi-Furnished,no,0,1,0,12 Hours,0,No,N,No,0,Yes,N,0,Vishwa Vidyalaya Metro Station,2.37 km,Kirori Mal College,1.06km,Connaught Place,4.46km,,3.24 km,3.6,43,yes,2026-07-26,MagicBricks
PROP_464,2BHK,Fully Furnished 2BHK Apartment in Golf Course Road,golf course road,Gurugram,Gurugram,Working Professional,2,2,7,15,5,108500,325500,"Rs. 3,700/month",3000,1320,Furnished,Y,0,yes,1,4 Hours,yes,No,No,no,0,Y,1,no,Sector 42-43 Metro Station,140m,GD Goenka University,8.56km,Golf Course Road Offices,4.8,4.17km,4.99km,4.1,61,No,2026-06-29,NoBroker
PROP_465,1RK,Semi-Furnished 1RK Apartment in Indirapuram,Indirapuram,Ghaziabad,Ghaziabad,Student,1,1,3,5,14,6000,"Rs. 12,000/month",0k,900,403,semi-furnished,0,1,1,N,12 Hours,Y,N,no,No,no,no,Yes,0,Vaishali Metro Station,900m,ABES Engineering College,4.7 km,Noida Sector 62 IT Park,10.12km,0.51km,4.28 km,3.6,48,No,2026-08-06,NoBroker
PROP_466,3BHK,Semi-Furnished 3BHK Apartment in Gurugram Sector 45,gurugram sector 45,Gurugram,Gurugram,Family,3,2,3,4,1,"₹51,000",102k,"Rs. 5,200/month",3600,1627,Semi-Furnished,yes,Y,no,yes,12 Hours,no,0,1,no,N,Y,Yes,No,HUDA City Centre Metro Station,670m,Ansal University,1.04 km,Golf Course Road Offices,8.38 km,0.27km,3.4 km,3.5,62,Yes,2026-07-19,Housing.com
PROP_467,2BHK,Fully Furnished 2BHK Apartment in Golf Course Road,GOLF COURSE ROAD,Gurugram,Gurugram,Family,2,2,6,12,9,"₹105,000",105k,,3300,1495,unfurnished,yes,N,Yes,Yes,24 Hours,Yes,no,0,yes,yes,no,0,N,Sector 42-43 Metro Station,660m,GD Goenka University,4.59,Golf Course Road Offices,13.15 km,2.51km,2.52 km,3.9,69,Y,2026-08-02,Housing.com
PROP_468,2BHK,Fully Furnished 2BHK Apartment in Rajinder Nagar,RAJINDER NAGAR,Delhi,Central Delhi,Family,2,2,2,8,14,36k,73k,2000,1800,931,Unfurnished,Yes,Y,Y,0,24 Hours,Yes,0,no,Y,0,No,yes,No,Rajendra Place Metro Station,3.46km,Venkateshwara College,9.72,Rajendra Place IT Hub,5.3km,1.82,5.48km,4.1,28,0,2026-07-15,MagicBricks
PROP_469,1BHK,Fully Furnished 1BHK Apartment in Laxmi Nagar,Laxmi Nagar,Delhi,East Delhi,Student,1,1,4,5,2,"Rs. 9,500/month",19000,800,900,454,Unfurnished,no,Y,1,0,24 Hours,Yes,0,no,N,N,Y,0,1,Laxmi Nagar Metro Station,1.92km,Shyam Lal College,6.47km,Noida Sector 62 IT Park,9.12km,,0.79 km,4.8,6,yes,2026-07-08,MagicBricks
PROP_470,1BHK,Fully Furnished 1BHK Apartment in Civil Lines,Civil Lines,Delhi,North Delhi,Family,1,1,5,24,14,"₹39,500",79000,1100,,668,fully-furnished,Y,N,Y,Y,12 Hours,1,Y,N,No,N,no,1,Yes,Civil Lines Metro Station,2.05km,St. Stephen's College,3.21km,Connaught Place,,4.47 km,,4.7,71,Y,2026-08-03,99acres
PROP_471,3BHK,Semi-Furnished 3BHK Apartment in Noida Sector 62,Noida Sec 62,Noida,Noida,Family,3,2,3,5,12,"Rs. 27,000/month","₹54,000",,,1567,Semi-Furnished,N,Yes,yes,Yes,24 Hours,N,no,No,N,N,yes,1,Yes,Noida Sector 62 Metro Station,2.63km,JSS Academy of Technical Education,1.18km,Noida Sector 62 IT Park,12.06 km,0.63 km,3.44 km,3.3,84,1,2026-07-08,99acres
PROP_472,4BHK,Fully Furnished 4BHK Apartment in Indirapuram,Indirapuram,Ghaziabad,Ghaziabad,Family,4,4,5,20,14,"Rs. 51,500/month","₹103,000","Rs. 5,800/month",5800,3098,unfurnished,1,1,yes,Yes,24 Hours,Yes,No,no,no,Y,Y,yes,No,Vaishali Metro Station,2.55,ABES Engineering College,6.55km,Noida Sector 62 IT Park,10.82km,2.98km,4.16,3.7,46,Yes,2026-07-08,MagicBricks
PROP_473,2BHK,Fully Furnished 2BHK Apartment in Gurugram Sector 56,Gurugram Sec-56,Gurugram,Gurugram,Working Professional,2,2,9,24,1,26k,52000,0,,904,Unfurnished,Yes,yes,Yes,no,12 Hours,Y,0,1,1,N,1,yes,0,Sector 56 Metro Station,770m,IILM University,1.03 km,Golf Course Road Offices,5.97km,,0.97 km,3.2,25,Yes,2026-08-08,MagicBricks
PROP_474,2BHK,Fully Furnished 2BHK Apartment in Gurugram Sector 56,Gurugram Sec-56,Gurugram,Gurugram,Family,2,2,0,15,0,29k,"₹59,000",1500,,1003,fully-furnished,Yes,Yes,yes,yes,12 Hours,yes,0,0,no,no,Y,Yes,0,Sector 56 Metro Station,0.92,IILM University,5.39 km,Golf Course Road Offices,13.4km,4.58,5.08km,3.4,47,Y,2026-07-27,99acres
PROP_475,3BHK,Fully Furnished 3BHK Apartment in Mayur Vihar,Mayur Vihar,Delhi,East Delhi,Working Professional,3,2,9,15,13,45k,"₹45,000","₹2,500",2200,1315,unfurnished,Y,1,Y,yes,12 Hours,Yes,1,0,no,0,Yes,Y,Yes,Mayur Vihar 1 Metro Station,,Shaheed Sukhdev College of Business Studies,7.83km,Noida Sector 62 IT Park,4.17km,0.58km,2.8,4.1,39,1,2026-08-09,MagicBricks
PROP_476,2BHK,Fully Furnished 2BHK Apartment in Gurugram Sector 56,GURUGRAM SECTOR 56,Gurugram,Gurugram,Family,2,2,7,8,14,"Rs. 27,500/month",55k,0,2600,1110,unfurnished,Y,no,Y,N,12 Hours,Y,N,0,yes,No,No,1,no,Sector 56 Metro Station,0.77,IILM University,7.82km,Golf Course Road Offices,14.37,4.85 km,2.45km,4.2,34,Yes,2026-07-03,Housing.com
PROP_477,3BHK,Fully Furnished 3BHK Apartment in Kamla Nagar,Kamla Nagar,Delhi,North Delhi,Working Professional,3,2,1,3,8,"₹33,500","₹67,000",,,1203,Furnished,N,yes,0,No,24 Hours,1,1,N,N,No,yes,Y,1,Vishwa Vidyalaya Metro Station,1.98km,Kirori Mal College,,Connaught Place,2.5 km,610m,4.53km,4.4,45,yes,2026-07-14,99acres
PROP_478,1BHK,Fully Furnished 1BHK Apartment in Shakarpur,Shakarpur,Delhi,East Delhi,Student,1,1,22,24,2,"Rs. 8,000/month","Rs. 16,000/month",Rs. 700/month,900,426,Unfurnished,No,1,Yes,Y,4 Hours,Y,Yes,no,Y,N,Yes,Y,yes,Nirman Vihar Metro Station,,Bhim Rao Ambedkar College,3.7km,Noida Sector 62 IT Park,2.67,4.98,4.94km,4.1,81,yes,2026-07-01,Housing.com
PROP_479,3BHK,Fully Furnished 3BHK Apartment in Gurugram Sector 45,Gurugram Sector 45,Gurugram,Gurugram,Family,3,2,3,3,3,"Rs. 77,000/month","₹154,000",0,3100,1953,Unfurnished,1,Y,0,1,4 Hours,Yes,no,1,N,no,N,0,Y,HUDA City Centre Metro Station,4.37km,Ansal University,,Golf Course Road Offices,7.71km,3.66km,3.05km,3.7,63,Yes,2026-07-14,MagicBricks
PROP_480,2BHK,Fully Furnished 2BHK Apartment in Noida Sector 15,Noida Sec-15,Noida,Noida,Family,2,2,14,15,2,25k,75k,,2000,961,unfurnished,1,no,No,no,4 Hours,1,Yes,no,No,0,0,no,1,Noida Sector 15 Metro Station,3.62,Amity University Noida,8.01km,Noida Sector 16 Commercial Hub,10.74km,2.94 km,5.37km,4.1,34,yes,2026-07-01,Housing.com
PROP_481,2BHK,Fully Furnished 2BHK Apartment in Janakpuri,janakpuri,Delhi,West Delhi,Family,2,2,1,3,9,"₹22,500",45k,2k,2200,967,unfurnished,yes,No,no,yes,12 Hours,yes,yes,0,N,N,Y,no,Yes,Janakpuri West Metro Station,4.5km,Bhaskaracharya College,4.78,Janakpuri District Centre,,1.44,4.64km,4.4,29,1,2026-07-12,99acres
PROP_482,1RK,Semi-Furnished 1RK Apartment in Gurugram Sector 56,Gurugram Sec-56,Gurugram,Gurugram,Student,1,1,7,8,4,"Rs. 8,500/month","Rs. 8,500/month",0k,700,404,Semi-Furnished,no,yes,yes,yes,24 Hours,No,Y,yes,No,no,No,yes,yes,Sector 56 Metro Station,3.1km,IILM University,6.43,Golf Course Road Offices,8.29km,4.09km,1.5,3.7,51,Yes,2026-08-05,99acres
PROP_483,3BHK,Fully Furnished 3BHK Apartment in Noida Sector 62,Noida Sec 62,Noida,Noida,Family,3,2,7,8,5,30500,"Rs. 30,500/month","₹4,400",3000,1555,Unfurnished,Yes,yes,1,1,4 Hours,Y,N,no,no,No,1,1,no,Noida Sector 62 Metro Station,3.08km,JSS Academy of Technical Education,1.08km,Noida Sector 62 IT Park,5.9km,1.34km,0.84,4.1,74,1,2026-07-22,99acres
PROP_484,2BHK,Fully Furnished 2BHK Apartment in Vaishali,Vaishali,Ghaziabad,Ghaziabad,Working Bachelor,2,2,5,15,9,18k,"Rs. 36,000/month",,1400,989,unfurnished,1,yes,Y,1,24 Hours,1,1,N,N,Y,Y,1,N,Vaishali Metro Station,0.97km,Inderprastha Dental College,4.86,Noida Sector 62 IT Park,7.95,1.24km,0.61 km,4.5,11,yes,2026-07-15,NoBroker
PROP_485,1RK,Semi-Furnished 1RK Apartment in Noida Sector 15,Noida Sector 15,Noida,Noida,Student,1,1,6,24,4,"Rs. 5,000/month",10000,0,300,226 sq.ft.,semi-furnished,N,0,yes,N,4 Hours,Y,1,No,0,1,Y,Yes,Y,Noida Sector 15 Metro Station,3.41km,Amity University Noida,8.2km,Noida Sector 16 Commercial Hub,10.88km,2.21km,5.78km,4.6,32,no,2026-06-30,NoBroker
PROP_486,2BHK,Fully Furnished 2BHK Apartment in Laxmi Nagar,Laxmi Nagar,Delhi,East Delhi,Family,2,2,5,12,1,16k,33k,0,1400,766,unfurnished,0,yes,1,Y,24 Hours,yes,1,no,no,yes,1,yes,no,Laxmi Nagar Metro Station,3.71 km,Shyam Lal College,6.95km,Noida Sector 62 IT Park,6.14 km,4.15 km,,3.3,66,yes,2026-07-23,99acres
PROP_487,1BHK,Fully Furnished 1BHK Apartment in Karol Bagh,karol bagh,Delhi,Central Delhi,Working Bachelor,1,1,16,20,2,16k,32000,0,1100,549,unfurnished,No,Y,yes,Y,24 Hours,1,0,yes,N,No,Y,0,Yes,Karol Bagh Metro Station,,Sri Guru Nanak Dev Khalsa College,8.8km,Connaught Place,0.95 km,1.08 km,,3.8,59,Yes,2026-07-21,MagicBricks
PROP_488,2BHK,Fully Furnished 2BHK Apartment in Vaishali,Vaishali,Ghaziabad,Ghaziabad,Family,2,2,0,24,0,"Rs. 24,500/month","₹49,000","₹3,500",,1145 sq.ft.,unfurnished,no,yes,Y,Yes,4 Hours,1,yes,no,yes,Y,yes,Y,Yes,Vaishali Metro Station,4.25km,Inderprastha Dental College,8.32 km,Noida Sector 62 IT Park,,3.45 km,5.63,4.0,46,Y,2026-07-20,NoBroker
PROP_489,2BHK,Fully Furnished 2BHK Apartment in Preet Vihar,Preet Vihar,Delhi,East Delhi,Family,2,2,0,4,4,34k,"₹34,000","Rs. 3,400/month",1600,1105,Furnished,no,no,no,Y,12 Hours,1,no,yes,N,N,Yes,0,0,Preet Vihar Metro Station,3.88km,Vivekananda College,,Noida Sector 62 IT Park,4.68 km,0.35,1.23,3.3,6,1,2026-08-13,MagicBricks
PROP_490,1BHK,Fully Furnished 1BHK Apartment in Greater Kailash,Greater Kailash,Delhi,South Delhi,Family,1,1,1,15,13,"₹45,000",90000,,1600,757,unfurnished,0,1,yes,N,4 Hours,Yes,yes,N,yes,No,Y,1,no,Kailash Colony Metro Station,,Lady Shri Ram College (LSR),2.15km,Nehru Place IT Hub,11.54km,2.76 km,2.89,4.5,77,Y,2026-08-01,MagicBricks
PROP_491,3BHK,Semi-Furnished 3BHK Apartment in Mayur Vihar,mayur vihar,Delhi,East Delhi,Working Professional,3,2,0,20,6,40000,"₹80,000",0,3100,1774,semi-furnished,yes,1,1,Yes,24 Hours,1,1,N,Yes,0,no,yes,N,Mayur Vihar 1 Metro Station,,Shaheed Sukhdev College of Business Studies,2.27km,Noida Sector 62 IT Park,2.69 km,,2.52km,3.3,66,Y,2026-07-06,Housing.com
PROP_492,1RK,Fully Furnished 1RK Apartment in Preet Vihar,Preet Vihar,Delhi,East Delhi,Family,1,1,0,4,2,"Rs. 17,000/month",34000,0,1100,447,fully-furnished,N,no,No,N,4 Hours,Yes,Yes,0,N,no,0,0,no,Preet Vihar Metro Station,3.13km,Vivekananda College,3.25km,Noida Sector 62 IT Park,11.47km,660m,950m,4.8,18,yes,2026-07-13,MagicBricks
PROP_493,3BHK,Fully Furnished 3BHK Apartment in Laxmi Nagar,Laxmi Nagar,Delhi,East Delhi,Family,3,2,20,24,4,"₹24,500","₹49,000",3500,2200,1376,Unfurnished,Y,yes,yes,Yes,12 Hours,yes,N,yes,N,yes,1,Y,0,Laxmi Nagar Metro Station,2.01 km,Shyam Lal College,9.18km,Noida Sector 62 IT Park,,,3.38 km,4.8,38,1,2026-08-08,NoBroker
PROP_494,3BHK,Semi-Furnished 3BHK Apartment in Vaishali,VAISHALI,Ghaziabad,Ghaziabad,Working Professional,3,2,2,4,9,28000,"Rs. 56,000/month","Rs. 2,300/month",2800,1374 sq.ft.,Semi-Furnished,1,N,0,yes,24 Hours,1,Yes,N,no,N,0,1,0,Vaishali Metro Station,0.23 km,Inderprastha Dental College,0.54,Noida Sector 62 IT Park,1.16 km,1.19 km,3.91 km,3.6,38,1,2026-07-21,99acres
PROP_495,1BHK,Fully Furnished 1BHK Apartment in Saket,Saket,Delhi,South Delhi,Family,1,1,1,4,5,"₹19,500","₹39,000",0,900,431 sq.ft.,unfurnished,Y,Yes,0,1,24 Hours,Yes,no,0,0,0,1,1,N,Saket Metro Station,1.87km,Gargi College,340m,Saket District Centre,14.52km,2.01 km,4.39,3.5,70,No,2026-08-02,NoBroker
PROP_496,2BHK,Fully Furnished 2BHK Apartment in Pari Chowk,Pari Chowk,Greater Noida,Greater Noida,Family,2,2,1,20,8,"₹18,000",36k,3k,,1319,fully-furnished,yes,yes,Y,Y,4 Hours,Y,No,Y,0,yes,no,1,0,Pari Chowk Metro Station,2.55km,Galgotias University,1.16 km,Greater Noida Industrial Area,11.48km,0.29,3.49,4.4,28,Y,2026-07-04,MagicBricks
PROP_497,1BHK,Semi-Furnished 1BHK Apartment in Patel Nagar,Patel Nagar,Delhi,West Delhi,Student,1,1,5,8,13,11500,"Rs. 23,000/month","₹1,100",800,489 sq.ft.,semi-furnished,Y,Y,No,yes,4 Hours,Y,1,no,No,0,No,Yes,Yes,Patel Nagar Metro Station,,Kalindi College,6.21km,Rajendra Place IT Hub,5.35 km,2.72km,0.3km,3.7,25,Y,2026-07-13,NoBroker
PROP_498,2BHK,Semi-Furnished 2BHK Apartment in Indirapuram,Indirapuram,Ghaziabad,Ghaziabad,Family,2,2,14,20,7,"₹17,000","Rs. 34,000/month",,,937,semi-furnished,yes,0,yes,0,24 Hours,no,No,0,0,N,0,Y,0,Vaishali Metro Station,2.82km,ABES Engineering College,1.82,Noida Sector 62 IT Park,13.21km,,980m,4.4,39,Yes,2026-07-15,Housing.com
PROP_499,1BHK,Fully Furnished 1BHK Apartment in Noida Sector 15,Noida Sec 15,Noida,Noida,Student,1,1,8,20,8,12k,"₹24,000","Rs. 1,200/month",900,445,unfurnished,No,yes,1,0,12 Hours,1,N,0,0,Y,N,No,no,Noida Sector 15 Metro Station,1.31 km,Amity University Noida,4.6km,Noida Sector 16 Commercial Hub,,1.73,0.51,4.3,32,Y,2026-07-29,Housing.com
PROP_500,2BHK,Fully Furnished 2BHK Apartment in Model Town,Model Town,Delhi,North Delhi,Family,2,2,5,5,3,31k,62000,2700,,827,fully-furnished,1,Yes,Y,No,12 Hours,yes,Yes,N,Yes,0,Y,N,yes,Model Town Metro Station,1.89,Miranda House,5.31,Connaught Place,13.11km,2.37 km,3.61 km,3.6,37,0,2026-07-27,Housing.com
PROP_501,3BHK,Fully Furnished 3BHK Apartment in Model Town,Model Town,Delhi,North Delhi,Family,3,2,17,24,3,"Rs. 68,000/month",136k,4k,2700,1507,Furnished,N,Y,N,1,12 Hours,1,yes,No,N,Y,Y,1,no,Model Town Metro Station,3.86km,Miranda House,0.52,Connaught Place,12.22 km,1.85,4.62km,4.3,23,yes,2026-07-15,MagicBricks
PROP_502,2BHK,Fully Furnished 2BHK Apartment in Rohini,ROHINI,Delhi,North Delhi,Family,2,2,3,8,15,"Rs. 17,500/month","Rs. 52,500/month",0,1300,789,unfurnished,1,Yes,Yes,0,4 Hours,Y,Yes,N,Yes,0,Y,Y,no,Rohini West Metro Station,3.64,Delhi Technological University (DTU),2.51km,Netaji Subhash Place,8.0,3.89,2.94km,3.9,42,Yes,2026-07-26,99acres
PROP_503,2BHK,Semi-Furnished 2BHK Apartment in Shakarpur,Shakarpur,Delhi,East Delhi,Family,2,2,0,8,6,"₹8,500","₹17,000",0,1400,632,Semi-Furnished,No,Y,Y,Yes,24 Hours,no,Yes,0,no,No,no,N,0,Nirman Vihar Metro Station,1.65km,Bhim Rao Ambedkar College,,Noida Sector 62 IT Park,,,3.7 km,4.2,45,Yes,2026-08-02,Housing.com
PROP_504,2BHK,Fully Furnished 2BHK Apartment in Model Town,Model Town,Delhi,North Delhi,Family,2,2,1,3,1,"₹40,000","Rs. 80,000/month",0,2200,973,Furnished,N,Y,0,Y,12 Hours,1,no,no,N,N,Yes,Yes,0,Model Town Metro Station,0.74 km,Miranda House,6.88km,Connaught Place,11.59,,2.79km,3.7,16,Yes,2026-07-12,99acres
PROP_505,3BHK,Semi-Furnished 3BHK Apartment in Vaishali,Vaishali,Ghaziabad,Ghaziabad,Family,3,2,8,12,9,27500,"Rs. 27,500/month",,1900,1492,semi-furnished,Yes,N,yes,N,12 Hours,No,Y,1,N,Y,yes,Y,No,Vaishali Metro Station,,Inderprastha Dental College,5.23 km,Noida Sector 62 IT Park,10.82km,3.39km,2.85 km,4.5,38,1,2026-07-04,Housing.com
PROP_506,1BHK,Semi-Furnished 1BHK Apartment in Hauz Khas,hauz khas,Delhi,South Delhi,Family,1,1,11,12,3,30k,"Rs. 60,000/month",1k,1000,579,Semi-Furnished,no,Y,1,Y,12 Hours,N,no,0,No,Yes,no,1,no,Hauz Khas Metro Station,3.64,IIT Delhi,9.44,Okhla Industrial Area,12.35km,4.75 km,4.25,3.5,13,Yes,2026-08-10,99acres
PROP_507,2BHK,Fully Furnished 2BHK Apartment in Noida Sector 15,Noida Sector 15,Noida,Noida,Working Bachelor,2,2,0,4,13,18000,"Rs. 36,000/month",2k,1600,692,unfurnished,No,Yes,0,Y,4 Hours,1,no,1,no,0,Yes,no,0,Noida Sector 15 Metro Station,0.26 km,Amity University Noida,5.88 km,Noida Sector 16 Commercial Hub,14.47 km,2.68km,3.19km,3.8,3,No,2026-07-21,99acres
PROP_508,2BHK,Fully Furnished 2BHK Apartment in Karol Bagh,Karol Bagh,Delhi,Central Delhi,Working Professional,2,2,8,8,9,"Rs. 29,500/month","Rs. 59,000/month",2500,2200,902,Unfurnished,1,1,1,Y,24 Hours,Yes,N,No,yes,0,1,1,No,Karol Bagh Metro Station,1.23km,Sri Guru Nanak Dev Khalsa College,6.59km,Connaught Place,3.31km,3.48,1.25km,4.0,55,1,2026-07-06,99acres
PROP_509,1BHK,Fully Furnished 1BHK Apartment in Rajinder Nagar,rajinder nagar,Delhi,Central Delhi,Family,1,1,18,20,0,"₹18,500",18k,Rs. 800/month,,541,Unfurnished,0,1,Yes,No,4 Hours,yes,no,no,0,Yes,yes,Y,1,Rajendra Place Metro Station,3.07km,Venkateshwara College,0.92km,Rajendra Place IT Hub,7.96km,2.56km,2.01 km,4.7,66,0,2026-07-12,NoBroker
PROP_510,2BHK,Semi-Furnished 2BHK Apartment in Gurugram Sector 45,Gurugram Sec 45,Gurugram,Gurugram,Family,2,2,6,8,7,"₹36,500",73k,"₹2,300",2200,1177,semi-furnished,Yes,Yes,1,Y,12 Hours,Yes,Yes,0,0,No,no,Y,Yes,HUDA City Centre Metro Station,2.62km,Ansal University,5.42km,Golf Course Road Offices,10.22,3.36km,,3.9,80,yes,2026-07-24,99acres
PROP_511,1BHK,Fully Furnished 1BHK Apartment in Janakpuri,janakpuri,Delhi,West Delhi,Student,1,1,0,3,11,"₹13,000","Rs. 26,000/month",800,1300,508,Unfurnished,Yes,Y,0,N,4 Hours,1,Yes,no,no,N,1,Yes,no,Janakpuri West Metro Station,1.49 km,Bhaskaracharya College,9.81 km,Janakpuri District Centre,12.41 km,0.41,5.67 km,3.2,61,Y,2026-08-06,NoBroker
PROP_512,2BHK,Semi-Furnished 2BHK Apartment in Kamla Nagar,Kamla Nagar,Delhi,North Delhi,Family,2,2,6,8,2,14500,"Rs. 29,000/month",,1000,711,semi-furnished,N,Yes,yes,Y,12 Hours,1,yes,no,0,No,Y,Yes,N,Vishwa Vidyalaya Metro Station,4.08 km,Kirori Mal College,8.5 km,Connaught Place,13.8km,4.63 km,3.43 km,3.3,74,1,2026-08-09,MagicBricks
PROP_513,2BHK,Semi-Furnished 2BHK Apartment in Laxmi Nagar,Laxmi Nagar,Delhi,East Delhi,Working Bachelor,2,2,3,12,4,"Rs. 16,500/month","Rs. 33,000/month",,1900,871,semi-furnished,no,Y,Y,Y,4 Hours,N,No,Yes,No,Y,Yes,No,yes,Laxmi Nagar Metro Station,940m,Shyam Lal College,4.1 km,Noida Sector 62 IT Park,5.79 km,1.39 km,5.89,3.5,30,1,2026-06-29,99acres
PROP_514,1RK,Fully Furnished 1RK Apartment in Pari Chowk,PARI CHOWK,Greater Noida,Greater Noida,Student,1,1,3,8,15,6k,13000,1600,1300,496,Unfurnished,Y,Yes,1,Y,4 Hours,Yes,yes,no,Yes,No,N,No,no,Pari Chowk Metro Station,1.19km,Galgotias University,6.61km,Greater Noida Industrial Area,,1.22,5.37km,3.7,63,Y,2026-07-25,MagicBricks
PROP_515,1BHK,Fully Furnished 1BHK Apartment in Vasant Kunj,VASANT KUNJ,Delhi,South Delhi,Family,1,1,4,4,5,32500,"₹65,000",2k,1100,604,Unfurnished,no,0,No,1,4 Hours,Yes,No,no,No,No,Yes,No,No,Chattarpur Metro Station,0.32 km,Jawaharlal Nehru University (JNU),2.2km,Cyber City Gurugram,2.47km,3.51km,,4.1,44,0,2026-07-15,Housing.com
PROP_516,2BHK,Fully Furnished 2BHK Apartment in Hauz Khas,Hauz Khas,Delhi,South Delhi,Family,2,2,0,5,11,"₹76,500",153k,4k,2900,1303,Unfurnished,No,N,1,no,12 Hours,Yes,Y,1,0,0,Yes,Yes,0,Hauz Khas Metro Station,1.25,IIT Delhi,4.66 km,Okhla Industrial Area,14.72 km,2.6 km,3.76km,3.8,78,N,2026-07-03,99acres
PROP_517,2BHK,Semi-Furnished 2BHK Apartment in Vasant Kunj,vasant kunj,Delhi,South Delhi,Family,2,2,17,24,6,"Rs. 59,500/month",119k,0,2100,1432,Semi-Furnished,1,1,yes,Y,24 Hours,no,Y,0,No,yes,yes,Y,yes,Chattarpur Metro Station,2.61km,Jawaharlal Nehru University (JNU),1.9km,Cyber City Gurugram,2.35km,2.98,0.77 km,4.3,65,Yes,2026-07-29,99acres
PROP_518,2BHK,Semi-Furnished 2BHK Apartment in Noida Sector 62,Noida Sec 62,Noida,Noida,Working Bachelor,2,2,5,24,1,17000,34000,2900,2300,1092,Semi-Furnished,No,yes,Y,Y,12 Hours,Y,Yes,0,0,N,1,Y,Y,Noida Sector 62 Metro Station,1.27km,JSS Academy of Technical Education,1.33,Noida Sector 62 IT Park,11.89 km,0.52,2.01 km,4.7,75,yes,2026-07-22,99acres
PROP_519,1BHK,Fully Furnished 1BHK Apartment in Malviya Nagar,Malviya Nagar,Delhi,South Delhi,Family,1,1,4,8,14,21000,"Rs. 21,000/month","₹1,400",900,505,Unfurnished,No,1,yes,Y,12 Hours,Y,yes,yes,no,N,0,yes,yes,Malviya Nagar Metro Station,2.61km,College of Vocational Studies,0.34 km,Okhla Industrial Area,12.63km,,2.84 km,4.3,29,1,2026-08-10,99acres
PROP_520,2BHK,Fully Furnished 2BHK Apartment in Janakpuri,Janakpuri,Delhi,West Delhi,Family,2,2,16,20,1,"₹27,000",54000,"₹2,900",2200,1210,fully-furnished,N,Yes,Y,yes,24 Hours,yes,Y,No,Y,No,1,Y,0,Janakpuri West Metro Station,2.95 km,Bhaskaracharya College,,Janakpuri District Centre,,,,3.3,42,Y,2026-07-07,NoBroker
PROP_521,1BHK,Fully Furnished 1BHK Apartment in Vaishali,Vaishali,Ghaziabad,Ghaziabad,Student,1,1,0,5,3,"Rs. 15,000/month","₹30,000","₹2,000",1300,633,unfurnished,No,Y,yes,Y,4 Hours,Y,1,N,no,0,Yes,1,N,Vaishali Metro Station,4.28km,Inderprastha Dental College,9.53km,Noida Sector 62 IT Park,13.74,1.7km,1.86,4.3,15,N,2026-08-01,NoBroker
PROP_522,3BHK,Semi-Furnished 3BHK Apartment in Pari Chowk,pari chowk,Greater Noida,Greater Noida,Working Professional,3,2,0,5,4,"₹30,500",61000,6500,,2071,semi-furnished,Y,1,Yes,0,12 Hours,yes,no,0,0,0,N,1,no,Pari Chowk Metro Station,0.43,Galgotias University,,Greater Noida Industrial Area,5.4km,4.01 km,5.1km,3.3,30,Yes,2026-07-21,MagicBricks
PROP_523,1BHK,Semi-Furnished 1BHK Apartment in Greater Kailash,Greater Kailash,Delhi,South Delhi,Family,1,1,8,8,10,44k,88k,,1200,622,semi-furnished,no,Yes,yes,no,12 Hours,no,0,0,0,No,yes,1,no,Kailash Colony Metro Station,0.45km,Lady Shri Ram College (LSR),6.26km,Nehru Place IT Hub,5.82km,1.33 km,4.98km,4.4,74,Yes,2026-07-03,NoBroker
PROP_524,1BHK,Fully Furnished 1BHK Apartment in Dwarka,Dwarka,Delhi,Dwarka,Family,1,1,1,4,0,20500,41k,,1300,774,unfurnished,N,Y,N,N,4 Hours,yes,Y,N,yes,No,No,Yes,no,Dwarka Sector 10 Metro Station,3.0km,Netaji Subhas University of Technology (NSUT),,Gurugram Sector 21 IT Park,,3.58,5.53 km,3.2,52,Y,2026-08-07,NoBroker
PROP_525,3BHK,Semi-Furnished 3BHK Apartment in Janakpuri,janakpuri,Delhi,West Delhi,Family,3,2,2,8,6,"Rs. 43,000/month",86000,0,4000,1790,semi-furnished,No,Yes,yes,Y,4 Hours,N,No,yes,N,0,1,no,Y,Janakpuri West Metro Station,2.77,Bhaskaracharya College,,Janakpuri District Centre,3.96 km,4.94km,5.42 km,4.9,64,yes,2026-08-10,Housing.com
PROP_526,1RK,Fully Furnished 1RK Apartment in Model Town,Model Town,Delhi,North Delhi,Family,1,1,6,12,2,"Rs. 14,500/month","Rs. 29,000/month",900,800,385,Unfurnished,0,yes,Yes,1,24 Hours,yes,No,N,N,yes,yes,1,No,Model Town Metro Station,3.64,Miranda House,3.15,Connaught Place,6.23 km,,3.89km,3.4,15,Y,2026-07-23,Housing.com
PROP_527,2BHK,Fully Furnished 2BHK Apartment in Noida Sector 137,Noida Sector 137,Noida,Noida,Family,2,2,23,24,14,"₹21,000","₹63,000",0,,1144,unfurnished,No,1,Yes,yes,4 Hours,Yes,no,no,1,Y,Y,1,No,Noida Sector 137 Metro Station,2.94,Amity University Noida,,Noida Expressway Offices,12.51km,1.27km,,4.1,3,1,2026-07-25,MagicBricks
PROP_528,3BHK,Fully Furnished 3BHK Apartment in Preet Vihar,Preet Vihar,Delhi,East Delhi,Family,3,2,7,20,10,70500,141000,4900,3000,1872,unfurnished,0,Yes,Yes,no,12 Hours,Y,Y,N,no,N,Yes,1,no,Preet Vihar Metro Station,2.94km,Vivekananda College,9.01km,Noida Sector 62 IT Park,2.46km,4.87 km,0.9 km,4.8,4,yes,2026-07-01,MagicBricks
PROP_529,1RK,Fully Furnished 1RK Apartment in Noida Sector 137,Noida Sector 137,Noida,Noida,Student,1,1,1,24,8,8500,"Rs. 25,500/month",800,1100,400,fully-furnished,0,Yes,Yes,1,24 Hours,yes,Y,No,N,Yes,yes,1,0,Noida Sector 137 Metro Station,2.99 km,Amity University Noida,2.79 km,Noida Expressway Offices,12.26 km,3.46 km,,4.3,7,yes,2026-07-12,MagicBricks
PROP_530,1BHK,Semi-Furnished 1BHK Apartment in Saket,Saket,Delhi,South Delhi,Working Bachelor,1,1,1,4,14,13k,40k,"₹1,300",600,433,Semi-Furnished,No,0,No,Y,24 Hours,0,yes,0,0,N,Y,yes,no,Saket Metro Station,1.0,Gargi College,1.01 km,Saket District Centre,5.38km,0.72,0.68km,4.2,3,Yes,2026-07-20,MagicBricks
PROP_531,1BHK,Fully Furnished 1BHK Apartment in Vaishali,VAISHALI,Ghaziabad,Ghaziabad,Family,1,1,4,12,4,11k,11000,"₹1,600",1000,477,Furnished,No,Y,1,N,4 Hours,yes,yes,N,Yes,Y,no,no,Y,Vaishali Metro Station,,Inderprastha Dental College,8.31,Noida Sector 62 IT Park,7.91,3.53km,5.71,4.5,80,yes,2026-07-12,MagicBricks
PROP_532,2BHK,Semi-Furnished 2BHK Apartment in Preet Vihar,PREET VIHAR,Delhi,East Delhi,Working Professional,2,2,12,12,7,"₹33,500","₹67,000",0,2000,1098 sq.ft.,Semi-Furnished,1,Yes,Yes,yes,12 Hours,1,1,N,0,no,N,N,0,Preet Vihar Metro Station,0.19,Vivekananda College,1.28km,Noida Sector 62 IT Park,2.26 km,4.45km,1.75km,4.0,46,Y,2026-08-01,Housing.com
PROP_533,2BHK,Semi-Furnished 2BHK Apartment in Noida Sector 137,Noida Sec 137,Noida,Noida,Family,2,2,3,12,8,17500,"Rs. 17,500/month",,,1225 sq.ft.,Semi-Furnished,no,Y,yes,1,4 Hours,0,N,N,N,N,No,yes,0,Noida Sector 137 Metro Station,3.22 km,Amity University Noida,3.09,Noida Expressway Offices,11.05km,3.36 km,1.12km,4.4,67,yes,2026-07-01,99acres
PROP_534,2BHK,Fully Furnished 2BHK Apartment in Noida Sector 15,Noida Sec 15,Noida,Noida,Family,2,2,4,5,5,"₹15,000","₹45,000",2500,1700,747 sq.ft.,Furnished,Y,Y,yes,no,12 Hours,1,Y,no,N,no,no,0,yes,Noida Sector 15 Metro Station,3.25km,Amity University Noida,5.34km,Noida Sector 16 Commercial Hub,3.63km,2.21 km,4.55km,3.5,44,Yes,2026-08-05,Housing.com
PROP_535,1RK,Fully Furnished 1RK Apartment in Preet Vihar,Preet Vihar,Delhi,East Delhi,Student,1,1,1,15,15,9k,19000,Rs. 700/month,700,306,unfurnished,no,yes,yes,no,12 Hours,Yes,N,yes,0,N,Yes,1,No,Preet Vihar Metro Station,0.1,Vivekananda College,0.87,Noida Sector 62 IT Park,2.69km,330m,4.03km,4.0,20,No,2026-07-11,99acres
PROP_536,1BHK,Fully Furnished 1BHK Apartment in Dwarka,dwarka,Delhi,Dwarka,Working Bachelor,1,1,1,12,14,16k,"₹32,000",0,,524,unfurnished,no,N,yes,No,12 Hours,1,Y,0,N,No,Yes,Yes,1,Dwarka Sector 10 Metro Station,0.87km,Netaji Subhas University of Technology (NSUT),2.71km,Gurugram Sector 21 IT Park,6.48,,2.54km,4.0,64,Y,2026-08-07,MagicBricks
PROP_537,1BHK,Semi-Furnished 1BHK Apartment in Noida Sector 15,NOIDA SECTOR 15,Noida,Noida,Student,1,1,14,20,8,12500,"₹12,500",,1200,555,Semi-Furnished,0,1,Y,1,12 Hours,No,1,no,N,0,1,Y,1,Noida Sector 15 Metro Station,330m,Amity University Noida,,Noida Sector 16 Commercial Hub,4.54km,1.22km,5.11,3.9,34,yes,2026-07-28,NoBroker
PROP_538,3BHK,Fully Furnished 3BHK Apartment in Gurugram Sector 45,Gurugram Sector 45,Gurugram,Gurugram,Family,3,2,3,24,4,58500,"Rs. 117,000/month",,4400,1940,Unfurnished,1,No,yes,Y,12 Hours,Y,No,no,no,1,Yes,Yes,N,HUDA City Centre Metro Station,4.13 km,Ansal University,8.17km,Golf Course Road Offices,3.59,3.34,,4.8,3,Y,2026-08-09,NoBroker
PROP_539,2BHK,Semi-Furnished 2BHK Apartment in Hauz Khas,Hauz Khas,Delhi,South Delhi,Family,2,2,0,3,8,"Rs. 45,000/month","Rs. 45,000/month","Rs. 1,800/month",1900,910,semi-furnished,No,1,N,N,24 Hours,1,1,0,No,N,0,No,N,Hauz Khas Metro Station,4.38 km,IIT Delhi,8.38km,Okhla Industrial Area,,0.79 km,1.15,4.5,63,Y,2026-08-03,Housing.com
PROP_540,3BHK,Semi-Furnished 3BHK Apartment in Vaishali,Vaishali,Ghaziabad,Ghaziabad,Working Professional,3,2,2,8,0,30k,61000,4k,3800,1859,Semi-Furnished,Y,N,Y,1,24 Hours,Y,1,0,N,N,yes,Yes,N,Vaishali Metro Station,1.73,Inderprastha Dental College,,Noida Sector 62 IT Park,7.63km,3.98 km,4.1 km,4.0,51,0,2026-07-17,Housing.com
PROP_541,2BHK,Fully Furnished 2BHK Apartment in Vasant Kunj,Vasant Kunj,Delhi,South Delhi,Working Professional,2,2,1,5,0,76500,"₹153,000",,3000,1402,unfurnished,Y,1,yes,1,4 Hours,yes,0,N,1,0,1,0,Yes,Chattarpur Metro Station,1.18km,Jawaharlal Nehru University (JNU),8.06km,Cyber City Gurugram,,1.39 km,1.41km,4.1,24,no,2026-07-29,MagicBricks
PROP_542,2BHK,Fully Furnished 2BHK Apartment in Janakpuri,JANAKPURI,Delhi,West Delhi,Family,2,2,8,8,14,33k,100500,2k,,1293 sq.ft.,Unfurnished,No,Y,1,0,24 Hours,yes,N,0,No,0,no,1,No,Janakpuri West Metro Station,2.74km,Bhaskaracharya College,7.57,Janakpuri District Centre,14.9km,3.92km,5.52km,3.9,33,N,2026-07-04,Housing.com
PROP_543,3BHK,Semi-Furnished 3BHK Apartment in Model Town,model town,Delhi,North Delhi,Family,3,2,4,15,0,58500,"₹117,000",2k,,1406,semi-furnished,1,yes,Y,No,4 Hours,Y,0,N,N,no,Yes,1,no,Model Town Metro Station,2.75 km,Miranda House,9.86 km,Connaught Place,,2.71 km,1.94km,4.4,49,yes,2026-07-01,MagicBricks
PROP_544,1RK,Fully Furnished 1RK Apartment in Hauz Khas,HAUZ KHAS,Delhi,South Delhi,Family,1,1,0,24,4,"₹34,000",68k,,1200,529,Unfurnished,No,yes,Yes,Yes,4 Hours,yes,Y,no,no,0,yes,Y,0,Hauz Khas Metro Station,1.85km,IIT Delhi,4.54km,Okhla Industrial Area,6.94km,2.48,1.58,3.7,71,N,2026-07-15,MagicBricks
PROP_545,1BHK,Fully Furnished 1BHK Apartment in Civil Lines,CIVIL LINES,Delhi,North Delhi,Family,1,1,5,15,9,44000,44k,2k,1800,797,unfurnished,0,Yes,Yes,Yes,4 Hours,Yes,1,no,N,Yes,no,Yes,no,Civil Lines Metro Station,4.43km,St. Stephen's College,630m,Connaught Place,13.93 km,2.08,,4.3,76,Yes,2026-06-29,99acres
PROP_546,1BHK,Semi-Furnished 1BHK Apartment in Model Town,Model Town,Delhi,North Delhi,Family,1,1,17,24,10,28500,57000,1k,,692,semi-furnished,No,yes,Y,Yes,24 Hours,No,no,no,0,0,N,Y,No,Model Town Metro Station,2.21 km,Miranda House,5.66km,Connaught Place,4.98 km,2.42 km,0.46km,3.7,53,yes,2026-08-02,99acres
PROP_547,1BHK,Semi-Furnished 1BHK Apartment in Vaishali,Vaishali,Ghaziabad,Ghaziabad,Family,1,1,13,15,10,"₹13,500",27k,"₹1,400",1400,656,semi-furnished,No,yes,1,no,24 Hours,0,N,No,yes,yes,Y,1,N,Vaishali Metro Station,3.79 km,Inderprastha Dental College,2.22 km,Noida Sector 62 IT Park,9.8 km,1.3km,2.56 km,3.3,8,1,2026-07-25,NoBroker
PROP_548,4BHK,Fully Furnished 4BHK Apartment in Noida Sector 62,Noida Sec 62,Noida,Noida,Family,4,4,20,20,10,62k,125000,"Rs. 5,100/month",4500,2567,unfurnished,Yes,0,yes,N,12 Hours,1,Yes,1,N,1,0,yes,No,Noida Sector 62 Metro Station,3.09,JSS Academy of Technical Education,5.78,Noida Sector 62 IT Park,,2.69,3.18km,4.7,45,No,2026-07-11,99acres
PROP_549,3BHK,Fully Furnished 3BHK Apartment in Laxmi Nagar,Laxmi Nagar,Delhi,East Delhi,Family,3,2,5,24,6,"Rs. 29,500/month",59000,2k,2900,1402,unfurnished,no,Y,1,Yes,24 Hours,Y,Y,0,Yes,0,1,0,no,Laxmi Nagar Metro Station,1.3km,Shyam Lal College,2.73 km,Noida Sector 62 IT Park,13.46 km,1.42km,410m,3.6,83,Y,2026-08-08,Housing.com
PROP_549,2BHK,Semi-Furnished 2BHK Apartment in Kamla Nagar,Kamla Nagar,Delhi,North Delhi,Family,2,2,0,3,5,"₹18,500","Rs. 37,000/month",0,,872 sq.ft.,semi-furnished,Yes,yes,No,Y,24 Hours,yes,Yes,no,yes,no,0,yes,N,Vishwa Vidyalaya Metro Station,,Kirori Mal College,6.06km,Connaught Place,3.07,1.01 km,0.56km,3.6,70,1,2026-07-14,NoBroker
PROP_551,4BHK,Fully Furnished 4BHK Apartment in Noida Sector 62,Noida Sector 62,Noida,Noida,Family,4,4,4,8,6,"₹46,000","Rs. 92,000/month",4800,,2311,fully-furnished,0,Yes,1,Yes,24 Hours,1,No,0,1,no,yes,N,yes,Noida Sector 62 Metro Station,2.99 km,JSS Academy of Technical Education,7.41km,Noida Sector 62 IT Park,8.04 km,4.33 km,,4.4,36,Yes,2026-08-02,NoBroker
PROP_552,1BHK,Semi-Furnished 1BHK Apartment in DLF Phase 3,dlf phase 3,Gurugram,Gurugram,Family,1,1,2,8,12,"₹12,000",24000,,600,409,semi-furnished,No,Yes,Yes,1,12 Hours,0,No,No,0,N,0,Yes,Yes,Phase 3 Metro Station,2.81 km,Dronacharya College of Engineering,3.2km,DLF Cyber City,7.51km,4.07 km,5.67km,3.6,2,Yes,2026-07-21,NoBroker
PROP_553,2BHK,Fully Furnished 2BHK Apartment in Saket,Saket,Delhi,South Delhi,Family,2,2,0,12,10,"₹42,000","Rs. 84,000/month",0,1700,1006,Unfurnished,no,Yes,yes,1,4 Hours,1,yes,No,yes,Y,yes,yes,1,Saket Metro Station,,Gargi College,,Saket District Centre,8.25km,0.55,3.82,3.3,3,Yes,2026-07-19,99acres
PROP_554,1BHK,Semi-Furnished 1BHK Apartment in Greater Kailash,Greater Kailash,Delhi,South Delhi,Family,1,1,8,12,2,39500,"Rs. 79,000/month",2k,1000,790,Semi-Furnished,No,Yes,Y,N,4 Hours,0,1,N,1,No,yes,0,N,Kailash Colony Metro Station,0.43 km,Lady Shri Ram College (LSR),9.03km,Nehru Place IT Hub,13.12 km,2.44km,4.85 km,3.4,19,Yes,2026-07-28,99acres
PROP_555,2BHK,Fully Furnished 2BHK Apartment in Noida Sector 137,Noida Sec 137,Noida,Noida,Family,2,2,1,3,8,18500,37000,0,2100,971,fully-furnished,yes,1,0,Y,12 Hours,Y,N,1,no,N,0,N,yes,Noida Sector 137 Metro Station,2.75 km,Amity University Noida,5.66 km,Noida Expressway Offices,8.52 km,3.38km,2.61km,4.5,19,Y,2026-07-30,NoBroker
PROP_556,3BHK,Fully Furnished 3BHK Apartment in Shakarpur,SHAKARPUR,Delhi,East Delhi,Working Professional,3,2,2,3,8,14500,"₹29,000",1k,1800,995,unfurnished,Y,No,N,Y,24 Hours,Yes,1,N,N,0,yes,No,N,Nirman Vihar Metro Station,890m,Bhim Rao Ambedkar College,6.37km,Noida Sector 62 IT Park,4.85km,1.34km,0.93km,3.8,20,Yes,2026-07-18,99acres
PROP_557,1BHK,Semi-Furnished 1BHK Apartment in Vasant Kunj,Vasant Kunj,Delhi,South Delhi,Family,1,1,4,8,15,36k,"Rs. 72,000/month",3k,1800,920,Semi-Furnished,no,no,1,no,12 Hours,yes,No,No,1,N,no,0,N,Chattarpur Metro Station,1.0km,Jawaharlal Nehru University (JNU),760m,Cyber City Gurugram,12.36,540m,,3.9,54,1,2026-08-06,MagicBricks
PROP_558,1BHK,Fully Furnished 1BHK Apartment in Kamla Nagar,Kamla Nagar,Delhi,North Delhi,Family,1,1,1,8,13,10k,10k,₹500,900,357,Furnished,Y,no,1,1,4 Hours,yes,No,No,No,N,N,Yes,0,Vishwa Vidyalaya Metro Station,3.46km,Kirori Mal College,6.29km,Connaught Place,12.31km,3.81km,2.88km,4.7,20,Yes,2026-07-03,MagicBricks
PROP_559,2BHK,Semi-Furnished 2BHK Apartment in Dwarka,Dwarka,Delhi,Dwarka,Family,2,2,4,5,7,26k,52000,3k,,1182,semi-furnished,Y,1,yes,1,24 Hours,No,yes,No,N,no,yes,1,no,Dwarka Sector 10 Metro Station,,Netaji Subhas University of Technology (NSUT),,Gurugram Sector 21 IT Park,9.67km,3.17km,5.79 km,3.9,1,0,2026-07-31,99acres
PROP_560,3BHK,Fully Furnished 3BHK Apartment in Civil Lines,Civil Lines,Delhi,North Delhi,Family,3,2,5,8,12,"₹81,000",162k,"₹5,700",3300,1661,unfurnished,Y,Y,1,N,24 Hours,1,0,N,N,0,0,N,N,Civil Lines Metro Station,3.3km,St. Stephen's College,7.57km,Connaught Place,5.29km,1.02km,5.68 km,4.8,70,1,2026-07-15,MagicBricks
PROP_561,3BHK,Fully Furnished 3BHK Apartment in DLF Phase 3,DLF Phase 3,Gurugram,Gurugram,Working Professional,3,2,12,12,2,"₹48,500","₹97,000",2k,1900,1412,fully-furnished,Yes,N,Y,Y,24 Hours,Y,yes,0,no,Y,Y,1,No,Phase 3 Metro Station,1.29km,Dronacharya College of Engineering,,DLF Cyber City,,2.11 km,,3.6,52,1,2026-07-11,Housing.com
PROP_562,1BHK,Fully Furnished 1BHK Apartment in Gurugram Sector 45,Gurugram Sec 45,Gurugram,Gurugram,Family,1,1,3,12,13,26000,"₹52,000","Rs. 1,500/month",1300,710,Unfurnished,0,yes,yes,1,4 Hours,Yes,No,yes,0,0,1,0,1,HUDA City Centre Metro Station,1.61 km,Ansal University,9.56 km,Golf Course Road Offices,5.97km,1.91 km,2.0 km,4.2,7,Yes,2026-07-05,99acres
PROP_563,1BHK,Semi-Furnished 1BHK Apartment in Golf Course Road,Golf Course Road,Gurugram,Gurugram,Family,1,1,0,24,4,"₹69,500","₹208,500",1800,1700,854,Semi-Furnished,No,1,1,Yes,12 Hours,No,N,0,No,0,no,N,0,Sector 42-43 Metro Station,3.17 km,GD Goenka University,8.4 km,Golf Course Road Offices,8.89,1.4,1.29,3.7,55,1,2026-08-03,99acres
PROP_564,1BHK,Semi-Furnished 1BHK Apartment in Noida Sector 137,Noida Sector 137,Noida,Noida,Family,1,1,12,15,9,8500,17000,"₹1,400",900,504,Semi-Furnished,0,Y,Yes,Yes,12 Hours,yes,0,N,0,No,1,N,No,Noida Sector 137 Metro Station,4.03,Amity University Noida,,Noida Expressway Offices,7.05 km,410m,5.62 km,4.4,29,yes,2026-07-03,99acres
PROP_565,1BHK,Fully Furnished 1BHK Apartment in Civil Lines,CIVIL LINES,Delhi,North Delhi,Family,1,1,5,12,15,41k,83k,0,1500,762,fully-furnished,no,Y,yes,0,12 Hours,Y,N,0,0,No,1,Y,0,Civil Lines Metro Station,,St. Stephen's College,1.09 km,Connaught Place,6.61km,2.89 km,3.62,3.7,5,1,2026-07-29,Housing.com
PROP_566,1BHK,Fully Furnished 1BHK Apartment in Green Park,green park,Delhi,South Delhi,Family,1,1,8,12,12,"₹37,500",112500,1400,1400,626,Furnished,N,1,Yes,yes,24 Hours,Y,Yes,no,no,Y,No,yes,Yes,Green Park Metro Station,0.69 km,NIFT Delhi,3.03 km,Bhikaji Cama Place,,3.65km,0.36km,4.0,26,No,2026-07-08,Housing.com
PROP_567,1BHK,Fully Furnished 1BHK Apartment in Hauz Khas,Hauz Khas,Delhi,South Delhi,Family,1,1,0,12,1,"₹37,500","Rs. 75,000/month",,1100,699,unfurnished,no,Yes,yes,yes,4 Hours,1,1,N,yes,0,yes,yes,No,Hauz Khas Metro Station,3.12km,IIT Delhi,4.46km,Okhla Industrial Area,,3.58km,3.62km,4.1,52,No,2026-07-09,99acres
PROP_568,3BHK,Fully Furnished 3BHK Apartment in Mayur Vihar,Mayur Vihar,Delhi,East Delhi,Family,3,2,5,12,0,"Rs. 36,500/month","₹73,000",4700,2400,1382,Furnished,1,yes,Y,No,24 Hours,1,Y,no,No,no,N,1,N,Mayur Vihar 1 Metro Station,1.92 km,Shaheed Sukhdev College of Business Studies,8.36 km,Noida Sector 62 IT Park,8.94km,1.84km,4.94,4.6,31,1,2026-07-12,Housing.com
PROP_569,2BHK,Semi-Furnished 2BHK Apartment in Gurugram Sector 56,gurugram sector 56,Gurugram,Gurugram,Family,2,2,3,4,11,"Rs. 23,000/month","Rs. 46,000/month","Rs. 2,700/month",1500,1037,semi-furnished,Y,yes,no,0,24 Hours,N,No,no,N,N,Y,N,0,Sector 56 Metro Station,3.9,IILM University,1.05km,Golf Course Road Offices,13.28km,4.61,3.36km,3.9,80,Yes,2026-06-29,MagicBricks
PROP_570,2BHK,Fully Furnished 2BHK Apartment in Laxmi Nagar,laxmi nagar,Delhi,East Delhi,Family,2,2,17,24,1,"Rs. 10,500/month",21000,0,1400,608,unfurnished,0,yes,yes,no,4 Hours,Yes,no,1,0,no,Yes,1,Y,Laxmi Nagar Metro Station,,Shyam Lal College,9.87,Noida Sector 62 IT Park,5.94 km,2.22km,,4.3,74,Yes,2026-07-22,Housing.com
PROP_571,1BHK,Fully Furnished 1BHK Apartment in Golf Course Road,Golf Course Road,Gurugram,Gurugram,Family,1,1,2,3,13,"Rs. 87,000/month",174000,,1600,970,Unfurnished,No,N,no,no,4 Hours,yes,1,Y,No,No,Yes,Yes,0,Sector 42-43 Metro Station,640m,GD Goenka University,3.36 km,Golf Course Road Offices,11.92km,3.89km,,3.2,74,Yes,2026-07-16,NoBroker
PROP_572,1BHK,Fully Furnished 1BHK Apartment in Dwarka,DWARKA,Delhi,Dwarka,Family,1,1,2,3,9,17500,"₹35,000","Rs. 1,300/month",1200,706 sq.ft.,unfurnished,Y,yes,N,No,24 Hours,Yes,Y,No,no,N,yes,1,No,Dwarka Sector 10 Metro Station,,Netaji Subhas University of Technology (NSUT),2.51,Gurugram Sector 21 IT Park,11.69km,1.39,3.39 km,4.0,53,0,2026-07-17,MagicBricks
PROP_573,2BHK,Fully Furnished 2BHK Apartment in Malviya Nagar,MALVIYA NAGAR,Delhi,South Delhi,Family,2,2,7,8,0,"Rs. 30,000/month",60000,1600,2100,929,Furnished,1,yes,1,Y,4 Hours,Yes,No,No,1,0,1,0,0,Malviya Nagar Metro Station,0.41,College of Vocational Studies,1.62,Okhla Industrial Area,10.71 km,4.39km,,4.1,17,yes,2026-08-10,NoBroker
PROP_574,1BHK,Fully Furnished 1BHK Apartment in DLF Phase 3,DLF Phase 3,Gurugram,Gurugram,Family,1,1,9,20,13,20k,41k,0,900,494,fully-furnished,N,Yes,Y,1,12 Hours,yes,Y,N,no,N,1,Yes,N,Phase 3 Metro Station,4.27,Dronacharya College of Engineering,,DLF Cyber City,1.99 km,0.74,4.49 km,4.0,31,Y,2026-08-09,99acres
PROP_575,1RK,Semi-Furnished 1RK Apartment in Saket,Saket,Delhi,South Delhi,Student,1,1,12,15,6,13k,13500,0,700,401,semi-furnished,no,no,Y,Y,12 Hours,Yes,Y,no,No,no,N,no,0,Saket Metro Station,580m,Gargi College,5.4km,Saket District Centre,10.24km,3.91km,,4.4,80,1,2026-07-28,Housing.com
PROP_576,1RK,Fully Furnished 1RK Apartment in DLF Phase 3,DLF PHASE 3,Gurugram,Gurugram,Student,1,1,2,8,0,"Rs. 11,500/month",34500,"₹1,000",,334,unfurnished,0,yes,Y,No,4 Hours,Y,Y,no,no,No,Yes,yes,no,Phase 3 Metro Station,0.22km,Dronacharya College of Engineering,,DLF Cyber City,,920m,3.01 km,3.8,38,No,2026-07-25,Housing.com
PROP_577,2BHK,Fully Furnished 2BHK Apartment in Greater Kailash,Greater Kailash,Delhi,South Delhi,Family,2,2,1,5,0,"Rs. 99,000/month",198000,"Rs. 3,500/month",2400,1239 sq.ft.,fully-furnished,Y,yes,Y,yes,12 Hours,yes,yes,N,No,0,1,no,No,Kailash Colony Metro Station,,Lady Shri Ram College (LSR),2.31 km,Nehru Place IT Hub,13.41 km,1.7km,0.58,4.6,36,1,2026-07-26,MagicBricks
PROP_578,1BHK,Fully Furnished 1BHK Apartment in Rohini,Rohini,Delhi,North Delhi,Student,1,1,4,20,5,7k,"Rs. 15,000/month",1100,,431,Furnished,N,Yes,Y,Yes,24 Hours,1,0,No,1,N,Yes,1,Y,Rohini West Metro Station,0.98,Delhi Technological University (DTU),8.34 km,Netaji Subhash Place,9.55km,4.56 km,4.4 km,4.7,17,N,2026-08-09,MagicBricks
PROP_579,3BHK,Fully Furnished 3BHK Apartment in Janakpuri,Janakpuri,Delhi,West Delhi,Working Professional,3,2,0,15,5,33500,"Rs. 67,000/month",3500,2200,1450,Furnished,Yes,No,1,Y,4 Hours,Y,yes,No,No,Y,Yes,yes,yes,Janakpuri West Metro Station,0.79 km,Bhaskaracharya College,8.26 km,Janakpuri District Centre,3.11,,5.43km,3.3,83,Y,2026-08-05,MagicBricks
PROP_580,1BHK,Fully Furnished 1BHK Apartment in Rajinder Nagar,Rajinder Nagar,Delhi,Central Delhi,Student,1,1,9,12,12,14k,29k,1100,800,372,Unfurnished,no,Y,yes,1,12 Hours,Y,Y,N,No,Yes,Y,N,no,Rajendra Place Metro Station,,Venkateshwara College,,Rajendra Place IT Hub,1.18 km,1.73 km,,4.9,34,0,2026-07-02,MagicBricks
PROP_581,2BHK,Fully Furnished 2BHK Apartment in Kamla Nagar,Kamla Nagar,Delhi,North Delhi,Family,2,2,8,12,12,21000,"₹42,000",1600,1600,712 sq.ft.,Furnished,1,0,Y,1,12 Hours,Yes,yes,No,0,yes,Yes,yes,no,Vishwa Vidyalaya Metro Station,2.3km,Kirori Mal College,1.79km,Connaught Place,12.68,0.84km,3.34km,4.8,80,Y,2026-07-31,NoBroker
PROP_582,1BHK,Fully Furnished 1BHK Apartment in Green Park,green park,Delhi,South Delhi,Family,1,1,3,8,0,35k,71k,,,581,Furnished,N,Y,1,Y,24 Hours,yes,0,N,No,No,1,N,N,Green Park Metro Station,1.3 km,NIFT Delhi,5.05km,Bhikaji Cama Place,,3.34km,,3.3,75,No,2026-07-08,Housing.com
PROP_583,3BHK,Fully Furnished 3BHK Apartment in Hauz Khas,HAUZ KHAS,Delhi,South Delhi,Family,3,2,3,4,10,130k,"₹130,000",0,2500,1829,unfurnished,Y,No,0,no,24 Hours,1,No,0,No,0,1,1,Yes,Hauz Khas Metro Station,0.62 km,IIT Delhi,2.86km,Okhla Industrial Area,12.96km,2.31km,3.47,4.4,57,No,2026-08-04,Housing.com
PROP_584,3BHK,Fully Furnished 3BHK Apartment in Vasant Kunj,vasant kunj,Delhi,South Delhi,Working Professional,3,2,6,15,14,97500,"₹195,000","Rs. 6,300/month",3900,1823,Furnished,No,Y,1,Y,12 Hours,1,No,No,N,Yes,Y,Yes,N,Chattarpur Metro Station,260m,Jawaharlal Nehru University (JNU),4.61 km,Cyber City Gurugram,6.45km,920m,4.71,4.9,6,Y,2026-08-11,Housing.com
PROP_585,3BHK,Fully Furnished 3BHK Apartment in Dwarka,dwarka,Delhi,Dwarka,Family,3,2,8,15,14,"₹49,000",98000,3k,3300,1649,unfurnished,N,1,yes,0,24 Hours,Yes,N,no,No,0,Y,1,Yes,Dwarka Sector 10 Metro Station,2.19,Netaji Subhas University of Technology (NSUT),9.31,Gurugram Sector 21 IT Park,10.66km,1.43km,,3.5,48,No,2026-08-11,99acres
PROP_586,4BHK,Semi-Furnished 4BHK Apartment in Saket,SAKET,Delhi,South Delhi,Family,4,4,2,3,6,73k,146k,"₹3,200",,1807,Semi-Furnished,Yes,1,0,yes,12 Hours,Y,Yes,no,N,N,N,no,No,Saket Metro Station,,Gargi College,4.02,Saket District Centre,7.28,4.48km,,4.3,26,Yes,2026-07-19,MagicBricks
PROP_587,1BHK,Semi-Furnished 1BHK Apartment in Vaishali,Vaishali,Ghaziabad,Ghaziabad,Student,1,1,5,5,3,12000,24000,1600,800,559,Semi-Furnished,0,N,yes,0,24 Hours,No,Yes,No,0,no,yes,1,0,Vaishali Metro Station,1.41km,Inderprastha Dental College,3.52 km,Noida Sector 62 IT Park,5.9,2.16,2.1km,3.3,1,N,2026-07-02,99acres
PROP_588,3BHK,Fully Furnished 3BHK Apartment in Saket,Saket,Delhi,South Delhi,Family,3,2,2,5,11,"₹55,500","Rs. 111,000/month",0,2000,1390,fully-furnished,Yes,1,Y,yes,12 Hours,Y,no,yes,no,N,N,N,No,Saket Metro Station,,Gargi College,6.36 km,Saket District Centre,7.64km,3.5km,0.94 km,4.8,53,1,2026-07-27,Housing.com
PROP_589,1RK,Fully Furnished 1RK Apartment in Janakpuri,Janakpuri,Delhi,West Delhi,Student,1,1,3,12,14,11500,"₹23,000","₹1,300",1000,439,unfurnished,N,Yes,1,1,4 Hours,yes,Yes,No,No,Yes,Y,yes,Yes,Janakpuri West Metro Station,1.6km,Bhaskaracharya College,0.62 km,Janakpuri District Centre,,0.74 km,4.41 km,3.3,48,no,2026-07-23,Housing.com
PROP_590,3BHK,Fully Furnished 3BHK Apartment in Saket,Saket,Delhi,South Delhi,Family,3,2,6,8,5,61000,61000,"₹4,900",3200,1665,Furnished,Y,Y,Y,yes,12 Hours,Yes,no,yes,Y,0,Y,Yes,0,Saket Metro Station,1.66,Gargi College,8.55km,Saket District Centre,13.83km,,,3.7,73,Yes,2026-07-25,NoBroker
PROP_591,4BHK,Fully Furnished 4BHK Apartment in Rajinder Nagar,rajinder nagar,Delhi,Central Delhi,Family,4,4,1,4,11,96000,288000,"₹3,900",3500,2335,unfurnished,N,Y,0,Yes,4 Hours,Y,no,N,No,no,Y,0,N,Rajendra Place Metro Station,,Venkateshwara College,9.3km,Rajendra Place IT Hub,2.31 km,1.03km,2.77,3.9,48,yes,2026-07-21,Housing.com
PROP_592,4BHK,Fully Furnished 4BHK Apartment in Golf Course Road,Golf Course Road,Gurugram,Gurugram,Family,4,4,4,5,0,"Rs. 322,000/month",644000,,8100,3702,Furnished,1,Yes,Y,Yes,24 Hours,1,N,no,no,N,Y,Yes,yes,Sector 42-43 Metro Station,0.92km,GD Goenka University,,Golf Course Road Offices,10.65 km,,2.76 km,4.3,54,No,2026-07-17,Housing.com
PROP_593,2BHK,Fully Furnished 2BHK Apartment in Pari Chowk,Pari Chowk,Greater Noida,Greater Noida,Family,2,2,7,15,6,"Rs. 17,000/month",34k,,2200,1065,Unfurnished,N,Y,yes,no,24 Hours,Y,1,no,N,Y,Yes,Y,Yes,Pari Chowk Metro Station,4.22,Galgotias University,3.04,Greater Noida Industrial Area,4.98 km,4.98km,1.6km,3.8,67,1,2026-06-29,Housing.com
PROP_594,2BHK,Fully Furnished 2BHK Apartment in Model Town,Model Town,Delhi,North Delhi,Family,2,2,1,3,10,"₹54,000","₹108,000",2k,2400,1191,Unfurnished,Yes,0,N,1,4 Hours,1,No,0,0,No,N,Y,N,Model Town Metro Station,4.4km,Miranda House,5.98km,Connaught Place,10.71km,510m,4.36 km,3.8,56,Y,2026-07-04,MagicBricks
PROP_595,2BHK,Fully Furnished 2BHK Apartment in Hauz Khas,Hauz Khas,Delhi,South Delhi,Family,2,2,0,3,8,86k,"₹86,500",,1900,1240,Furnished,1,Yes,0,Yes,12 Hours,1,Y,Yes,0,0,Yes,Yes,Y,Hauz Khas Metro Station,2.88km,IIT Delhi,3.72km,Okhla Industrial Area,10.57km,4.52 km,1.86 km,4.3,61,N,2026-06-30,Housing.com
PROP_596,1BHK,Semi-Furnished 1BHK Apartment in Golf Course Road,GOLF COURSE ROAD,Gurugram,Gurugram,Family,1,1,3,5,10,47k,"Rs. 94,000/month",1400,1700,762,semi-furnished,0,yes,Yes,1,4 Hours,Yes,1,yes,No,0,Yes,Y,0,Sector 42-43 Metro Station,4.0km,GD Goenka University,9.8,Golf Course Road Offices,9.26 km,2.59km,4.11,4.0,11,yes,2026-07-26,NoBroker
PROP_597,2BHK,Fully Furnished 2BHK Apartment in Hauz Khas,HAUZ KHAS,Delhi,South Delhi,Family,2,2,12,12,14,70000,"Rs. 140,000/month","₹2,000",2300,1099,Furnished,N,0,Yes,1,24 Hours,Y,no,no,1,1,Y,Yes,No,Hauz Khas Metro Station,2.87,IIT Delhi,8.42 km,Okhla Industrial Area,6.2,,1.54km,3.2,83,1,2026-08-04,MagicBricks
PROP_598,3BHK,Semi-Furnished 3BHK Apartment in Knowledge Park,Knowledge Park,Greater Noida,Greater Noida,Family,3,2,11,20,5,"₹23,500",47000,0,3500,1896,semi-furnished,yes,N,1,1,4 Hours,Y,Yes,no,0,No,yes,0,yes,Knowledge Park II Metro Station,2.63km,Sharda University,2.4,Greater Noida Industrial Area,10.58 km,700m,5.89km,3.9,73,Y,2026-07-18,MagicBricks
PROP_599,2BHK,Semi-Furnished 2BHK Apartment in Saket,Saket,Delhi,South Delhi,Family,2,2,5,5,10,"₹40,000",80000,0,1600,983,Semi-Furnished,Yes,0,yes,no,4 Hours,no,yes,0,0,No,yes,1,no,Saket Metro Station,1.91,Gargi College,6.74km,Saket District Centre,12.83,2.59 km,2.65km,4.3,41,yes,2026-07-11,NoBroker
PROP_600,2BHK,Fully Furnished 2BHK Apartment in Noida Sector 62,noida sector 62,Noida,Noida,Family,2,2,4,12,15,18500,37000,2k,1800,866,Unfurnished,yes,1,1,N,12 Hours,Y,yes,0,0,no,no,1,no,Noida Sector 62 Metro Station,2.31 km,JSS Academy of Technical Education,6.28km,Noida Sector 62 IT Park,1.58km,200m,1.55,3.7,70,0,2026-07-29,99acres
PROP_601,4BHK,Fully Furnished 4BHK Apartment in Hauz Khas,Hauz Khas,Delhi,South Delhi,Family,4,4,3,4,9,"₹128,500",257k,,4800,2553 sq.ft.,unfurnished,yes,Y,no,N,4 Hours,1,N,N,no,No,N,N,0,Hauz Khas Metro Station,,IIT Delhi,4.52km,Okhla Industrial Area,12.74km,1.74km,2.23km,3.6,61,yes,2026-07-16,NoBroker
PROP_602,1BHK,Fully Furnished 1BHK Apartment in Noida Sector 15,Noida Sec-15,Noida,Noida,Family,1,1,3,4,7,12000,"₹36,000",Rs. 700/month,,493,Furnished,N,Y,No,Y,12 Hours,yes,yes,0,yes,no,yes,No,0,Noida Sector 15 Metro Station,1.58km,Amity University Noida,2.26km,Noida Sector 16 Commercial Hub,13.22km,1.13km,4.37km,4.2,60,Yes,2026-07-08,Housing.com
PROP_603,1RK,Fully Furnished 1RK Apartment in Golf Course Road,Golf Course Road,Gurugram,Gurugram,Family,1,1,13,20,0,47k,95k,"Rs. 1,300/month",1300,654,unfurnished,0,Y,Yes,No,4 Hours,Y,Y,0,0,Yes,No,no,no,Sector 42-43 Metro Station,1.88 km,GD Goenka University,1.73km,Golf Course Road Offices,,1.86km,2.5km,3.2,79,Yes,2026-07-22,Housing.com
PROP_604,2BHK,Fully Furnished 2BHK Apartment in Model Town,Model Town,Delhi,North Delhi,Family,2,2,6,8,10,38500,"₹77,000",2k,1400,942,Unfurnished,0,yes,Y,1,4 Hours,Yes,yes,0,0,no,yes,Y,no,Model Town Metro Station,2.53km,Miranda House,7.88,Connaught Place,12.51km,,5.23km,4.1,42,yes,2026-08-06,99acres
PROP_605,3BHK,Fully Furnished 3BHK Apartment in Green Park,GREEN PARK,Delhi,South Delhi,Family,3,2,1,20,12,"₹132,500",265000,5k,3600,2083,Furnished,Y,N,1,N,12 Hours,Yes,N,0,no,Yes,yes,Yes,Y,Green Park Metro Station,3.65,NIFT Delhi,5.43 km,Bhikaji Cama Place,2.69 km,1.84km,3.17 km,4.5,60,Yes,2026-07-11,MagicBricks
PROP_606,2BHK,Fully Furnished 2BHK Apartment in Shakarpur,Shakarpur,Delhi,East Delhi,Family,2,2,1,15,1,"Rs. 11,500/month",23k,0,1600,816,Unfurnished,Y,Y,yes,1,24 Hours,1,No,0,N,N,Y,No,no,Nirman Vihar Metro Station,3.57 km,Bhim Rao Ambedkar College,4.12,Noida Sector 62 IT Park,8.66,2.14km,3.08 km,4.7,38,Yes,2026-07-13,MagicBricks
PROP_607,1BHK,Fully Furnished 1BHK Apartment in Model Town,Model Town,Delhi,North Delhi,Family,1,1,15,20,5,"₹23,000",46k,"₹1,700",1300,498,Unfurnished,No,1,1,1,24 Hours,Yes,Yes,No,0,No,Yes,Y,No,Model Town Metro Station,3.09km,Miranda House,5.63km,Connaught Place,5.79km,0.69km,1.74km,3.6,52,yes,2026-07-21,Housing.com
PROP_608,2BHK,Fully Furnished 2BHK Apartment in Janakpuri,Janakpuri,Delhi,West Delhi,Family,2,2,2,4,15,"Rs. 33,500/month","Rs. 67,000/month",,2400,1164,unfurnished,1,Y,no,Yes,12 Hours,Y,1,N,No,N,Y,Y,no,Janakpuri West Metro Station,2.74km,Bhaskaracharya College,7.98,Janakpuri District Centre,11.21km,1.57km,5.92km,3.6,84,Yes,2026-07-30,Housing.com
PROP_609,2BHK,Semi-Furnished 2BHK Apartment in Hauz Khas,HAUZ KHAS,Delhi,South Delhi,Family,2,2,4,8,4,"₹51,000","₹51,000","Rs. 2,900/month",1500,1030,Semi-Furnished,Y,yes,1,No,24 Hours,No,N,No,N,N,N,0,N,Hauz Khas Metro Station,1.87 km,IIT Delhi,5.55 km,Okhla Industrial Area,9.76km,2.65,,4.7,22,1,2026-08-03,Housing.com
PROP_610,2BHK,Semi-Furnished 2BHK Apartment in Malviya Nagar,Malviya Nagar,Delhi,South Delhi,Family,2,2,12,12,12,30500,"Rs. 91,500/month",,1700,809 sq.ft.,Semi-Furnished,1,1,yes,N,12 Hours,no,no,N,0,1,Y,No,N,Malviya Nagar Metro Station,1.11km,College of Vocational Studies,6.6 km,Okhla Industrial Area,13.51,3.3km,1.49 km,3.5,24,Yes,2026-06-29,NoBroker
PROP_611,3BHK,Fully Furnished 3BHK Apartment in Mayur Vihar,MAYUR VIHAR,Delhi,East Delhi,Working Professional,3,2,6,15,2,"Rs. 37,500/month","Rs. 37,500/month",0,,1294,unfurnished,Y,no,Yes,yes,12 Hours,Yes,No,1,No,no,1,Y,no,Mayur Vihar 1 Metro Station,1.91 km,Shaheed Sukhdev College of Business Studies,,Noida Sector 62 IT Park,3.03 km,0.89 km,5.22km,4.0,81,yes,2026-07-23,MagicBricks
PROP_612,2BHK,Fully Furnished 2BHK Apartment in Dwarka,Dwarka,Delhi,Dwarka,Family,2,2,20,24,11,"₹32,500","Rs. 65,000/month",2k,,1271,Unfurnished,1,1,Yes,no,12 Hours,Yes,no,Yes,no,no,1,Y,No,Dwarka Sector 10 Metro Station,960m,Netaji Subhas University of Technology (NSUT),400m,Gurugram Sector 21 IT Park,13.46 km,940m,5.51,3.8,85,1,2026-08-11,Housing.com
PROP_613,3BHK,Fully Furnished 3BHK Apartment in Rohini,Rohini,Delhi,North Delhi,Family,3,2,0,3,9,"Rs. 25,500/month",51k,,2000,1173,Unfurnished,yes,Y,0,N,12 Hours,yes,0,N,0,No,yes,N,no,Rohini West Metro Station,1.86km,Delhi Technological University (DTU),,Netaji Subhash Place,12.62km,,5.1 km,3.8,81,Yes,2026-07-27,99acres
PROP_614,4BHK,Fully Furnished 4BHK Apartment in Rajinder Nagar,Rajinder Nagar,Delhi,Central Delhi,Family,4,4,8,20,0,"₹63,500","Rs. 127,000/month",6k,,2128,fully-furnished,Yes,Yes,yes,no,12 Hours,yes,1,no,0,yes,1,no,0,Rajendra Place Metro Station,3.79 km,Venkateshwara College,2.5km,Rajendra Place IT Hub,,,0.6 km,4.1,19,Yes,2026-08-09,Housing.com
PROP_615,3BHK,Fully Furnished 3BHK Apartment in Vaishali,Vaishali,Ghaziabad,Ghaziabad,Working Professional,3,2,2,15,15,"₹33,000",66000,3k,,1592,fully-furnished,no,Y,Yes,yes,4 Hours,1,Yes,1,0,Y,yes,1,N,Vaishali Metro Station,0.46,Inderprastha Dental College,3.22km,Noida Sector 62 IT Park,1.14km,2.46 km,3.14km,3.5,16,1,2026-06-30,99acres
PROP_616,1RK,Fully Furnished 1RK Apartment in Golf Course Road,golf course road,Gurugram,Gurugram,Family,1,1,9,15,13,"Rs. 27,500/month","Rs. 55,000/month",0,,423,fully-furnished,No,no,1,N,24 Hours,Yes,0,N,N,N,Yes,Yes,No,Sector 42-43 Metro Station,4.21,GD Goenka University,4.21km,Golf Course Road Offices,13.64,2.42 km,,3.6,4,yes,2026-07-16,NoBroker
PROP_617,3BHK,Semi-Furnished 3BHK Apartment in Kamla Nagar,Kamla Nagar,Delhi,North Delhi,Family,3,2,17,24,4,"₹41,500",83000,,2900,1494,Semi-Furnished,No,Y,yes,Yes,24 Hours,1,Y,0,yes,Yes,Y,Yes,0,Vishwa Vidyalaya Metro Station,4.15 km,Kirori Mal College,2.84 km,Connaught Place,1.29 km,2.69,5.71km,4.2,44,Y,2026-07-05,NoBroker
PROP_618,1BHK,Fully Furnished 1BHK Apartment in Saket,saket,Delhi,South Delhi,Working Bachelor,1,1,4,8,13,21500,"₹43,000",2100,1400,605 sq.ft.,Unfurnished,no,Yes,Yes,0,4 Hours,Y,1,yes,N,No,N,Y,0,Saket Metro Station,1.45 km,Gargi College,5.13km,Saket District Centre,3.95km,3.57 km,2.42km,4.3,83,0,2026-07-29,Housing.com
PROP_619,1RK,Fully Furnished 1RK Apartment in Kamla Nagar,Kamla Nagar,Delhi,North Delhi,Student,1,1,4,5,0,7k,"₹14,000",400,,268,unfurnished,N,Y,yes,Y,12 Hours,yes,Yes,no,no,N,Yes,Y,No,Vishwa Vidyalaya Metro Station,3.67km,Kirori Mal College,7.29 km,Connaught Place,13.87 km,3.25 km,5.6km,3.8,62,Yes,2026-07-12,MagicBricks
PROP_620,3BHK,Semi-Furnished 3BHK Apartment in Rohini,Rohini,Delhi,North Delhi,Family,3,2,5,5,14,24500,73500,0,2000,1462,Semi-Furnished,N,Y,1,0,24 Hours,Y,no,N,Yes,N,No,yes,yes,Rohini West Metro Station,4.04,Delhi Technological University (DTU),2.83km,Netaji Subhash Place,5.86,2.64km,0.67,4.4,36,Yes,2026-07-02,99acres
PROP_621,1BHK,Semi-Furnished 1BHK Apartment in Dwarka,DWARKA,Delhi,Dwarka,Family,1,1,3,4,2,18000,36k,0,1500,774,semi-furnished,yes,Y,No,Yes,24 Hours,No,1,N,No,no,0,N,N,Dwarka Sector 10 Metro Station,3.23,Netaji Subhas University of Technology (NSUT),8.81 km,Gurugram Sector 21 IT Park,2.97km,0.87,4.46km,3.5,21,0,2026-07-29,99acres
PROP_622,4BHK,Fully Furnished 4BHK Apartment in Civil Lines,CIVIL LINES,Delhi,North Delhi,Family,4,4,7,8,2,"Rs. 171,000/month","₹342,000",4k,3600,2781,unfurnished,yes,1,Y,yes,4 Hours,Yes,Y,0,no,No,yes,Y,0,Civil Lines Metro Station,0.84 km,St. Stephen's College,8.47 km,Connaught Place,5.04 km,0.35 km,5.18km,4.7,1,yes,2026-07-22,99acres
PROP_623,2BHK,Semi-Furnished 2BHK Apartment in Greater Kailash,GREATER KAILASH,Delhi,South Delhi,Family,2,2,2,4,13,"Rs. 100,000/month",200000,,,1527,Semi-Furnished,No,yes,no,0,24 Hours,1,0,1,no,No,Yes,No,N,Kailash Colony Metro Station,1.58 km,Lady Shri Ram College (LSR),2.44,Nehru Place IT Hub,9.13,2.55 km,4.44km,4.6,32,yes,2026-07-13,Housing.com
PROP_624,3BHK,Semi-Furnished 3BHK Apartment in Model Town,Model Town,Delhi,North Delhi,Family,3,2,7,24,4,62k,187500,3300,2800,1578,semi-furnished,Y,1,yes,Yes,12 Hours,no,1,No,1,No,1,Yes,N,Model Town Metro Station,,Miranda House,7.11 km,Connaught Place,0.66 km,4.9 km,860m,4.2,53,Y,2026-07-27,99acres
PROP_625,3BHK,Semi-Furnished 3BHK Apartment in Kamla Nagar,Kamla Nagar,Delhi,North Delhi,Working Professional,3,2,0,5,3,38k,76k,0,,1490,semi-furnished,0,no,Yes,Y,4 Hours,Yes,Yes,0,Yes,N,N,N,N,Vishwa Vidyalaya Metro Station,0.12 km,Kirori Mal College,780m,Connaught Place,1.08,1.61 km,0.43 km,4.4,32,Y,2026-07-05,Housing.com
PROP_626,1RK,Fully Furnished 1RK Apartment in Golf Course Road,GOLF COURSE ROAD,Gurugram,Gurugram,Family,1,1,11,20,5,"₹35,000",35k,0k,1300,516,Furnished,N,Yes,Y,N,24 Hours,Yes,Yes,No,N,1,0,0,0,Sector 42-43 Metro Station,3.96 km,GD Goenka University,8.24km,Golf Course Road Offices,12.58,0.69,0.53km,4.8,29,yes,2026-06-30,NoBroker
PROP_627,2BHK,Fully Furnished 2BHK Apartment in Kamla Nagar,Kamla Nagar,Delhi,North Delhi,Family,2,2,20,24,4,21500,"Rs. 43,000/month",0,1600,692,Furnished,Y,no,1,N,4 Hours,Yes,N,N,N,Yes,Y,Y,no,Vishwa Vidyalaya Metro Station,3.98km,Kirori Mal College,8.02km,Connaught Place,2.74 km,,,4.6,64,Yes,2026-07-03,Housing.com
PROP_628,2BHK,Fully Furnished 2BHK Apartment in Civil Lines,Civil Lines,Delhi,North Delhi,Family,2,2,1,20,2,69k,139000,"₹3,600",,1167,unfurnished,yes,no,Y,yes,24 Hours,1,1,No,N,0,Yes,Y,0,Civil Lines Metro Station,3.33,St. Stephen's College,,Connaught Place,13.42,,,4.9,62,Y,2026-07-27,Housing.com
PROP_629,1BHK,Fully Furnished 1BHK Apartment in Preet Vihar,Preet Vihar,Delhi,East Delhi,Family,1,1,4,15,11,20500,"Rs. 41,000/month",0,1100,564,unfurnished,no,Y,Y,Y,4 Hours,1,1,N,no,Y,Y,No,no,Preet Vihar Metro Station,2.17,Vivekananda College,7.42km,Noida Sector 62 IT Park,2.4 km,3.2km,4.26km,3.4,49,1,2026-08-10,99acres
PROP_630,4BHK,Fully Furnished 4BHK Apartment in Noida Sector 62,Noida Sector 62,Noida,Noida,Family,4,4,7,15,15,"₹43,000","Rs. 129,000/month",0,3100,2152 sq.ft.,Furnished,1,Y,1,Y,4 Hours,Yes,0,0,No,0,N,Y,1,Noida Sector 62 Metro Station,2.77 km,JSS Academy of Technical Education,3.68km,Noida Sector 62 IT Park,9.39 km,2.74km,,4.1,26,Yes,2026-08-12,MagicBricks
PROP_631,1BHK,Fully Furnished 1BHK Apartment in Mukherjee Nagar,mukherjee nagar,Delhi,North Delhi,Student,1,1,6,12,8,10k,20k,"Rs. 1,200/month",1000,435,unfurnished,Yes,no,Yes,Y,4 Hours,Y,Yes,No,no,No,0,0,N,GTB Nagar Metro Station,0.78,SGTB Khalsa College,5.87,Connaught Place,13.94 km,4.17,3.48,3.6,61,Y,2026-08-03,99acres
PROP_632,1RK,Fully Furnished 1RK Apartment in Mayur Vihar,MAYUR VIHAR,Delhi,East Delhi,Student,1,1,10,12,7,11k,"Rs. 23,000/month",0k,1100,418,fully-furnished,no,1,1,yes,4 Hours,Y,No,0,0,0,0,No,Yes,Mayur Vihar 1 Metro Station,,Shaheed Sukhdev College of Business Studies,7.14km,Noida Sector 62 IT Park,,0.99 km,2.45 km,4.3,48,Y,2026-08-07,99acres
PROP_633,1BHK,Fully Furnished 1BHK Apartment in Model Town,Model Town,Delhi,North Delhi,Working Bachelor,1,1,4,4,6,"₹22,000",44000,"Rs. 1,600/month",1100,540,Furnished,No,Yes,No,N,12 Hours,1,yes,No,0,No,No,0,yes,Model Town Metro Station,0.51 km,Miranda House,9.53 km,Connaught Place,5.71 km,4.77,4.87 km,4.9,0,Yes,2026-06-29,Housing.com
PROP_634,2BHK,Fully Furnished 2BHK Apartment in DLF Phase 3,DLF PHASE 3,Gurugram,Gurugram,Working Professional,2,2,12,20,1,31k,62k,2100,1700,957,Furnished,Y,N,Yes,0,24 Hours,Yes,No,No,N,Y,No,N,0,Phase 3 Metro Station,0.36,Dronacharya College of Engineering,9.65km,DLF Cyber City,7.49km,3.08,1.39km,4.7,35,1,2026-07-13,Housing.com
PROP_635,3BHK,Semi-Furnished 3BHK Apartment in Saket,Saket,Delhi,South Delhi,Family,3,2,3,24,3,"Rs. 57,000/month","₹114,000",0,2300,1656,Semi-Furnished,Yes,Y,No,0,4 Hours,N,1,yes,0,N,N,Y,Y,Saket Metro Station,4.09,Gargi College,3.01km,Saket District Centre,2.49km,4.87 km,,3.4,51,Yes,2026-07-11,MagicBricks
PROP_636,2BHK,Fully Furnished 2BHK Apartment in Kamla Nagar,Kamla Nagar,Delhi,North Delhi,Family,2,2,0,3,13,20000,40k,2k,1500,787,Furnished,Y,Y,0,yes,4 Hours,1,Yes,N,0,No,Yes,0,1,Vishwa Vidyalaya Metro Station,1.63km,Kirori Mal College,9.63km,Connaught Place,10.8,2.78 km,0.33 km,4.7,60,yes,2026-07-12,99acres
PROP_637,2BHK,Fully Furnished 2BHK Apartment in Patel Nagar,patel nagar,Delhi,West Delhi,Family,2,2,3,8,13,24000,"₹48,000","Rs. 2,000/month",1800,925,fully-furnished,0,N,Yes,No,24 Hours,Yes,Y,0,0,No,yes,1,No,Patel Nagar Metro Station,2.44km,Kalindi College,4.32,Rajendra Place IT Hub,,,3.38km,3.5,62,Yes,2026-08-09,Housing.com
PROP_638,2BHK,Semi-Furnished 2BHK Apartment in Kamla Nagar,Kamla Nagar,Delhi,North Delhi,Family,2,2,1,3,11,21500,43k,"Rs. 3,000/month",1300,929,Semi-Furnished,1,yes,no,no,24 Hours,Y,Yes,N,1,0,0,no,N,Vishwa Vidyalaya Metro Station,4.02km,Kirori Mal College,7.62,Connaught Place,14.74,3.27km,2.79 km,3.7,37,yes,2026-06-29,NoBroker
PROP_639,1RK,Fully Furnished 1RK Apartment in Preet Vihar,Preet Vihar,Delhi,East Delhi,Student,1,1,0,8,8,"₹14,000","₹28,000",0,1000,367,Furnished,no,Yes,1,Y,24 Hours,yes,Yes,No,No,N,N,yes,No,Preet Vihar Metro Station,2.48 km,Vivekananda College,2.05 km,Noida Sector 62 IT Park,,2.04km,3.21km,4.1,0,Y,2026-07-24,NoBroker
PROP_640,2BHK,Fully Furnished 2BHK Apartment in Knowledge Park,Knowledge Park,Greater Noida,Greater Noida,Family,2,2,2,3,2,14k,28k,"₹2,200",1500,872,unfurnished,No,Yes,0,Yes,12 Hours,Y,1,no,no,0,yes,0,N,Knowledge Park II Metro Station,2.07 km,Sharda University,5.26km,Greater Noida Industrial Area,12.64 km,1.17km,3.53km,3.5,47,yes,2026-07-06,MagicBricks
PROP_641,2BHK,Fully Furnished 2BHK Apartment in Gurugram Sector 45,Gurugram Sector 45,Gurugram,Gurugram,Working Professional,2,2,8,15,11,"₹29,500",59000,1k,2000,904,Unfurnished,No,Y,N,yes,4 Hours,Yes,0,no,No,Yes,yes,yes,no,HUDA City Centre Metro Station,0.56,Ansal University,5.83km,Golf Course Road Offices,560m,900m,450m,4.4,84,Yes,2026-07-28,MagicBricks
PROP_642,1BHK,Fully Furnished 1BHK Apartment in Saket,Saket,Delhi,South Delhi,Family,1,1,3,8,1,26k,26k,1k,1600,642 sq.ft.,unfurnished,No,yes,1,1,12 Hours,Yes,0,Yes,0,no,yes,Yes,0,Saket Metro Station,0.15km,Gargi College,3.97km,Saket District Centre,13.32 km,2.11km,4.82km,4.4,67,yes,2026-07-13,MagicBricks
PROP_643,1RK,Fully Furnished 1RK Apartment in Mukherjee Nagar,MUKHERJEE NAGAR,Delhi,North Delhi,Student,1,1,4,12,14,5000,"Rs. 10,000/month",0,600,209 sq.ft.,unfurnished,No,N,yes,1,12 Hours,1,0,no,no,Yes,No,1,0,GTB Nagar Metro Station,1.41 km,SGTB Khalsa College,3.41,Connaught Place,9.78km,4.44,3.02,4.4,28,1,2026-07-09,MagicBricks
PROP_644,2BHK,Fully Furnished 2BHK Apartment in Hauz Khas,Hauz Khas,Delhi,South Delhi,Family,2,2,21,24,10,"Rs. 68,000/month",136k,,2400,998,fully-furnished,yes,Y,N,Yes,12 Hours,yes,Yes,0,no,Y,0,1,Yes,Hauz Khas Metro Station,3.46 km,IIT Delhi,3.52km,Okhla Industrial Area,7.01 km,2.15km,2.5 km,3.4,78,Y,2026-07-17,99acres
PROP_645,1BHK,Fully Furnished 1BHK Apartment in Noida Sector 15,noida sector 15,Noida,Noida,Student,1,1,17,20,6,"₹11,000",22000,0,1400,534,unfurnished,no,0,Y,N,12 Hours,1,1,No,Y,0,Yes,Y,Yes,Noida Sector 15 Metro Station,3.21 km,Amity University Noida,8.37 km,Noida Sector 16 Commercial Hub,8.9 km,,,4.3,0,Yes,2026-08-10,MagicBricks
PROP_646,2BHK,Semi-Furnished 2BHK Apartment in Mayur Vihar,Mayur Vihar,Delhi,East Delhi,Family,2,2,6,12,4,"₹26,000","₹78,000",1k,1800,1055,Semi-Furnished,0,yes,Yes,N,24 Hours,no,1,no,yes,1,N,0,No,Mayur Vihar 1 Metro Station,0.3km,Shaheed Sukhdev College of Business Studies,4.64,Noida Sector 62 IT Park,9.59km,3.46 km,2.6km,4.7,15,Yes,2026-07-31,99acres
PROP_647,1BHK,Semi-Furnished 1BHK Apartment in Preet Vihar,preet vihar,Delhi,East Delhi,Family,1,1,4,5,11,16k,33k,,900,537,semi-furnished,N,1,1,no,24 Hours,Yes,N,no,No,No,Y,No,no,Preet Vihar Metro Station,2.86 km,Vivekananda College,9.96km,Noida Sector 62 IT Park,9.24 km,2.58km,4.32km,3.7,36,yes,2026-07-07,99acres
PROP_648,3BHK,Semi-Furnished 3BHK Apartment in Rohini,Rohini,Delhi,North Delhi,Working Professional,3,2,0,4,1,"Rs. 25,000/month",25k,0,2500,1514 sq.ft.,Semi-Furnished,1,Y,no,no,4 Hours,No,Y,yes,0,N,1,No,no,Rohini West Metro Station,1.35 km,Delhi Technological University (DTU),6.04 km,Netaji Subhash Place,0.53km,3.29 km,2.98 km,4.2,11,Y,2026-07-30,99acres
PROP_649,2BHK,Semi-Furnished 2BHK Apartment in Golf Course Road,Golf Course Road,Gurugram,Gurugram,Family,2,2,0,15,15,"₹85,000","₹255,000",,3100,1445,Semi-Furnished,Yes,yes,Yes,no,12 Hours,yes,Yes,N,no,0,Yes,Yes,N,Sector 42-43 Metro Station,4.27km,GD Goenka University,7.3km,Golf Course Road Offices,9.76 km,4.68km,2.49km,3.6,56,Y,2026-06-29,NoBroker
PROP_650,2BHK,Semi-Furnished 2BHK Apartment in Noida Sector 137,Noida Sec 137,Noida,Noida,Family,2,2,1,12,7,"Rs. 20,000/month",40k,"₹2,700",,1082,semi-furnished,N,yes,1,No,24 Hours,N,Y,N,0,N,yes,yes,1,Noida Sector 137 Metro Station,2.63 km,Amity University Noida,7.81km,Noida Expressway Offices,1.53km,3.39,3.95km,4.6,42,No,2026-07-05,Housing.com
PROP_651,2BHK,Fully Furnished 2BHK Apartment in Gurugram Sector 45,Gurugram Sec-45,Gurugram,Gurugram,Family,2,2,2,3,6,36000,"Rs. 36,000/month",2700,1800,1187,Unfurnished,0,no,no,0,4 Hours,yes,0,0,no,0,0,Yes,Y,HUDA City Centre Metro Station,0.82 km,Ansal University,2.82km,Golf Course Road Offices,12.0km,2.79km,1.06km,4.3,56,yes,2026-08-07,99acres
PROP_652,3BHK,Semi-Furnished 3BHK Apartment in Mukherjee Nagar,Mukherjee Nagar,Delhi,North Delhi,Family,3,2,6,8,10,24500,49k,"Rs. 4,100/month",2200,1303,semi-furnished,1,Yes,yes,Yes,24 Hours,No,0,No,No,N,Y,Yes,0,GTB Nagar Metro Station,3.3km,SGTB Khalsa College,6.96km,Connaught Place,12.04 km,,4.4km,3.3,34,Yes,2026-08-08,MagicBricks
PROP_653,1RK,Fully Furnished 1RK Apartment in Laxmi Nagar,laxmi nagar,Delhi,East Delhi,Student,1,1,3,8,1,5000,5000,,600,200,unfurnished,N,0,yes,1,4 Hours,Yes,No,N,0,no,No,Y,Yes,Laxmi Nagar Metro Station,,Shyam Lal College,7.18,Noida Sector 62 IT Park,,4.48 km,,4.2,7,0,2026-08-06,99acres
PROP_654,2BHK,Fully Furnished 2BHK Apartment in Noida Sector 15,Noida Sector 15,Noida,Noida,Family,2,2,1,20,14,17k,"Rs. 34,000/month","₹1,900",,810,unfurnished,1,no,yes,1,4 Hours,Y,0,no,no,0,0,1,0,Noida Sector 15 Metro Station,4.44 km,Amity University Noida,9.23 km,Noida Sector 16 Commercial Hub,3.22 km,3.54km,0.37,4.5,4,1,2026-08-09,99acres
PROP_655,1BHK,Semi-Furnished 1BHK Apartment in Janakpuri,janakpuri,Delhi,West Delhi,Working Bachelor,1,1,1,4,14,18k,"₹36,000","₹2,000",1300,640,semi-furnished,Y,Y,no,no,4 Hours,1,0,No,No,No,Yes,0,No,Janakpuri West Metro Station,0.22km,Bhaskaracharya College,9.06km,Janakpuri District Centre,9.12km,1.66km,,3.7,33,Y,2026-07-01,MagicBricks
PROP_656,2BHK,Fully Furnished 2BHK Apartment in Green Park,Green Park,Delhi,South Delhi,Family,2,2,3,4,13,75k,75k,0,2100,1234,unfurnished,0,1,0,N,24 Hours,Yes,1,Yes,N,no,Yes,1,N,Green Park Metro Station,3.19km,NIFT Delhi,2.01,Bhikaji Cama Place,14.98km,0.36,0.63 km,3.3,8,1,2026-08-08,Housing.com
PROP_657,2BHK,Semi-Furnished 2BHK Apartment in Preet Vihar,preet vihar,Delhi,East Delhi,Family,2,2,3,5,15,"₹25,500",51000,"₹2,500",1300,934,semi-furnished,0,Y,yes,yes,24 Hours,N,N,N,no,No,Yes,Y,N,Preet Vihar Metro Station,2.2km,Vivekananda College,6.14,Noida Sector 62 IT Park,,3.43 km,2.41 km,4.9,26,Y,2026-07-21,NoBroker
PROP_658,1BHK,Fully Furnished 1BHK Apartment in Rohini,rohini,Delhi,North Delhi,Family,1,1,6,24,7,"Rs. 10,000/month","₹20,000","₹1,000",1000,438,unfurnished,No,Y,Y,No,12 Hours,yes,N,yes,no,Y,yes,1,1,Rohini West Metro Station,3.96km,Delhi Technological University (DTU),1.83 km,Netaji Subhash Place,9.78,4.37km,,4.4,48,Yes,2026-07-21,99acres
PROP_659,1BHK,Semi-Furnished 1BHK Apartment in Knowledge Park,KNOWLEDGE PARK,Greater Noida,Greater Noida,Working Bachelor,1,1,6,20,15,6000,18000,"Rs. 1,500/month",1000,466,Semi-Furnished,1,0,Yes,N,24 Hours,No,no,no,0,N,Y,0,0,Knowledge Park II Metro Station,1.29km,Sharda University,3.1,Greater Noida Industrial Area,2.15,3.21km,5.58km,3.5,21,yes,2026-07-27,Housing.com
PROP_659,1RK,Fully Furnished 1RK Apartment in Janakpuri,Janakpuri,Delhi,West Delhi,Family,1,1,0,20,9,"₹12,000",24k,Rs. 600/month,,392,fully-furnished,0,1,Yes,no,12 Hours,yes,N,N,0,N,1,Yes,Y,Janakpuri West Metro Station,0.84 km,Bhaskaracharya College,5.43km,Janakpuri District Centre,9.41km,3.44km,4.99km,4.4,70,0,2026-08-12,MagicBricks
PROP_661,2BHK,Fully Furnished 2BHK Apartment in Patel Nagar,Patel Nagar,Delhi,West Delhi,Family,2,2,13,24,6,"₹30,500","Rs. 61,000/month",,2000,920,fully-furnished,no,No,Yes,No,12 Hours,yes,N,No,0,0,1,Y,Yes,Patel Nagar Metro Station,,Kalindi College,9.62 km,Rajendra Place IT Hub,1.45 km,2.72 km,4.56 km,3.7,21,yes,2026-08-07,MagicBricks
PROP_662,1BHK,Fully Furnished 1BHK Apartment in Rohini,Rohini,Delhi,North Delhi,Student,1,1,2,3,3,"₹8,500",17000,0k,,482,Furnished,no,no,0,Yes,24 Hours,Y,Yes,Yes,no,N,1,no,Yes,Rohini West Metro Station,0.43,Delhi Technological University (DTU),6.73,Netaji Subhash Place,14.35km,1.05 km,5.15,4.3,71,No,2026-07-06,99acres
PROP_663,3BHK,Semi-Furnished 3BHK Apartment in Mukherjee Nagar,Mukherjee Nagar,Delhi,North Delhi,Working Professional,3,2,3,4,5,"₹24,500","Rs. 49,000/month",0,,1058,Semi-Furnished,Y,No,N,N,12 Hours,0,Y,N,yes,no,1,Yes,no,GTB Nagar Metro Station,1.39km,SGTB Khalsa College,0.3,Connaught Place,,,1.45 km,4.2,53,yes,2026-07-29,MagicBricks
PROP_664,1BHK,Semi-Furnished 1BHK Apartment in Mayur Vihar,mayur vihar,Delhi,East Delhi,Student,1,1,0,3,7,"Rs. 11,000/month",22k,0k,800,490,Semi-Furnished,N,N,N,Y,4 Hours,Yes,No,yes,1,N,Yes,Yes,No,Mayur Vihar 1 Metro Station,3.85km,Shaheed Sukhdev College of Business Studies,7.73,Noida Sector 62 IT Park,0.97km,4.85km,0.98km,4.9,74,0,2026-07-15,Housing.com
PROP_665,2BHK,Fully Furnished 2BHK Apartment in Vaishali,Vaishali,Ghaziabad,Ghaziabad,Working Bachelor,2,2,2,24,0,"₹20,500","₹41,000",,2300,1193,Furnished,0,N,1,Y,24 Hours,Y,yes,0,1,N,Y,Y,No,Vaishali Metro Station,0.32km,Inderprastha Dental College,6.39,Noida Sector 62 IT Park,13.52 km,4.9 km,4.4 km,3.8,60,Y,2026-07-17,99acres
PROP_666,1BHK,Semi-Furnished 1BHK Apartment in Model Town,MODEL TOWN,Delhi,North Delhi,Student,1,1,10,15,6,15k,15000,800,700,441,semi-furnished,No,Yes,yes,No,4 Hours,Yes,Y,No,0,N,N,Yes,no,Model Town Metro Station,1.03,Miranda House,8.52 km,Connaught Place,11.27km,3.17,5.45,3.2,69,1,2026-07-03,99acres
PROP_667,1RK,Semi-Furnished 1RK Apartment in Model Town,Model Town,Delhi,North Delhi,Family,1,1,2,5,14,18500,"Rs. 37,000/month",0,1100,465 sq.ft.,Semi-Furnished,no,Yes,Y,No,12 Hours,yes,Y,yes,1,N,No,Yes,No,Model Town Metro Station,3.53 km,Miranda House,2.1km,Connaught Place,12.92km,4.08,4.7km,4.7,43,1,2026-07-13,NoBroker
PROP_668,1RK,Semi-Furnished 1RK Apartment in Pari Chowk,pari chowk,Greater Noida,Greater Noida,Student,1,1,5,12,8,5k,5000,1000,1000,417,semi-furnished,1,Yes,yes,1,12 Hours,Y,Y,N,0,0,1,1,1,Pari Chowk Metro Station,1.06,Galgotias University,9.64km,Greater Noida Industrial Area,14.24,2.55km,540m,4.3,81,Yes,2026-07-24,Housing.com
PROP_669,3BHK,Semi-Furnished 3BHK Apartment in Noida Sector 62,Noida Sector 62,Noida,Noida,Family,3,2,7,20,14,33000,66000,"Rs. 3,500/month",3600,1733,semi-furnished,yes,Yes,Yes,Y,24 Hours,yes,1,0,no,No,Y,yes,yes,Noida Sector 62 Metro Station,1.22 km,JSS Academy of Technical Education,5.53km,Noida Sector 62 IT Park,13.34 km,3.8km,4.48 km,3.7,35,Y,2026-07-22,Housing.com
PROP_670,1BHK,Fully Furnished 1BHK Apartment in Patel Nagar,patel nagar,Delhi,West Delhi,Working Bachelor,1,1,2,3,2,15k,"₹45,000","Rs. 1,100/month",1100,510,Unfurnished,No,no,N,1,4 Hours,yes,no,0,0,No,0,1,No,Patel Nagar Metro Station,1.25km,Kalindi College,2.19km,Rajendra Place IT Hub,1.86 km,610m,2.87km,3.4,19,yes,2026-07-11,MagicBricks
PROP_671,1BHK,Fully Furnished 1BHK Apartment in Civil Lines,CIVIL LINES,Delhi,North Delhi,Family,1,1,2,4,11,"Rs. 42,000/month","₹84,000","₹2,100",1600,756,Unfurnished,no,yes,No,No,24 Hours,1,1,yes,N,No,0,0,no,Civil Lines Metro Station,2.35km,St. Stephen's College,3.3km,Connaught Place,14.91km,2.47,2.66,4.4,32,Yes,2026-08-13,99acres
PROP_672,1BHK,Fully Furnished 1BHK Apartment in Golf Course Road,Golf Course Road,Gurugram,Gurugram,Family,1,1,18,20,4,70500,"Rs. 141,000/month",1k,1400,768,Furnished,no,yes,1,Yes,12 Hours,1,no,No,0,No,Y,Yes,N,Sector 42-43 Metro Station,3.2,GD Goenka University,1.05 km,Golf Course Road Offices,2.68,,0.3,3.7,13,no,2026-08-11,NoBroker
PROP_673,4BHK,Fully Furnished 4BHK Apartment in Mukherjee Nagar,Mukherjee Nagar,Delhi,North Delhi,Family,4,4,3,3,11,44k,89000,"Rs. 3,000/month",,1560,Unfurnished,N,1,N,0,12 Hours,yes,0,N,No,N,Y,1,N,GTB Nagar Metro Station,,SGTB Khalsa College,6.97 km,Connaught Place,4.51,1.83 km,,3.3,65,no,2026-07-16,99acres
PROP_674,1BHK,Fully Furnished 1BHK Apartment in Hauz Khas,Hauz Khas,Delhi,South Delhi,Family,1,1,1,3,14,"₹42,500","₹85,000",1300,1000,579,unfurnished,no,N,No,Yes,12 Hours,yes,Yes,0,No,0,Yes,1,No,Hauz Khas Metro Station,2.8 km,IIT Delhi,6.06km,Okhla Industrial Area,13.81km,210m,3.13km,4.4,64,yes,2026-07-01,MagicBricks
PROP_675,2BHK,Semi-Furnished 2BHK Apartment in Mukherjee Nagar,Mukherjee Nagar,Delhi,North Delhi,Family,2,2,15,15,6,19000,38k,,1300,787,Semi-Furnished,Y,1,Yes,0,24 Hours,No,no,0,No,no,Y,1,No,GTB Nagar Metro Station,2.35km,SGTB Khalsa College,3.15 km,Connaught Place,3.84 km,3.51km,5.31km,3.9,79,N,2026-07-15,99acres
PROP_676,1RK,Fully Furnished 1RK Apartment in Mayur Vihar,Mayur Vihar,Delhi,East Delhi,Student,1,1,2,3,3,"₹13,000",26000,0,800,390,Unfurnished,No,yes,N,Y,12 Hours,Yes,1,yes,No,no,yes,N,Yes,Mayur Vihar 1 Metro Station,3.12 km,Shaheed Sukhdev College of Business Studies,1.12km,Noida Sector 62 IT Park,3.36 km,4.97km,4.36,3.8,56,Yes,2026-08-11,Housing.com
PROP_677,1BHK,Semi-Furnished 1BHK Apartment in Model Town,MODEL TOWN,Delhi,North Delhi,Family,1,1,2,8,4,"Rs. 20,500/month",61500,"₹1,700",,573 sq.ft.,semi-furnished,0,1,1,Y,12 Hours,No,No,N,No,no,Y,no,no,Model Town Metro Station,1.76km,Miranda House,6.0km,Connaught Place,6.35,1.54 km,0.99 km,4.3,49,1,2026-07-12,Housing.com
PROP_678,2BHK,Semi-Furnished 2BHK Apartment in Malviya Nagar,MALVIYA NAGAR,Delhi,South Delhi,Family,2,2,8,15,14,28000,"₹56,000",2200,1100,863,Semi-Furnished,no,Y,1,Yes,4 Hours,Yes,0,no,no,No,1,Yes,No,Malviya Nagar Metro Station,2.56,College of Vocational Studies,6.57km,Okhla Industrial Area,8.26km,2.51km,300m,4.4,45,yes,2026-07-08,NoBroker
PROP_679,2BHK,Fully Furnished 2BHK Apartment in Green Park,Green Park,Delhi,South Delhi,Working Professional,2,2,6,20,3,"Rs. 79,000/month",158000,"Rs. 2,400/month",,1257,unfurnished,yes,1,1,Y,12 Hours,1,Y,0,Y,Y,yes,N,yes,Green Park Metro Station,580m,NIFT Delhi,4.81km,Bhikaji Cama Place,2.97km,4.54 km,,4.6,22,no,2026-07-28,NoBroker
PROP_680,1BHK,Semi-Furnished 1BHK Apartment in Karol Bagh,Karol Bagh,Delhi,Central Delhi,Working Bachelor,1,1,10,24,8,"₹13,500",13k,1700,,506,Semi-Furnished,no,1,No,no,12 Hours,no,no,N,N,No,Y,Y,0,Karol Bagh Metro Station,0.47km,Sri Guru Nanak Dev Khalsa College,8.73 km,Connaught Place,10.9,4.73,5.34km,4.6,46,1,2026-07-26,MagicBricks
PROP_681,2BHK,Fully Furnished 2BHK Apartment in Kamla Nagar,kamla nagar,Delhi,North Delhi,Family,2,2,3,5,8,19k,"₹39,000",0,1300,655,unfurnished,Yes,yes,Yes,no,12 Hours,yes,Y,N,0,no,0,No,No,Vishwa Vidyalaya Metro Station,3.78,Kirori Mal College,,Connaught Place,14.38km,2.63km,5.82km,4.0,42,yes,2026-07-28,MagicBricks
PROP_682,2BHK,Semi-Furnished 2BHK Apartment in Kamla Nagar,kamla nagar,Delhi,North Delhi,Family,2,2,6,24,14,16000,"₹16,000","₹1,900",1000,644,semi-furnished,yes,no,Y,yes,4 Hours,N,no,N,No,yes,no,Y,No,Vishwa Vidyalaya Metro Station,4.31km,Kirori Mal College,5.73km,Connaught Place,4.02 km,4.43km,2.25km,3.5,3,yes,2026-07-27,NoBroker
PROP_683,2BHK,Fully Furnished 2BHK Apartment in Pari Chowk,Pari Chowk,Greater Noida,Greater Noida,Family,2,2,2,3,2,17k,34k,"Rs. 3,000/month",1600,992,fully-furnished,N,0,no,No,4 Hours,Y,yes,no,Yes,0,N,Yes,N,Pari Chowk Metro Station,1.6,Galgotias University,4.37 km,Greater Noida Industrial Area,10.21km,3.46 km,2.45 km,4.0,26,0,2026-08-07,Housing.com
PROP_684,1BHK,Semi-Furnished 1BHK Apartment in Vasant Kunj,vasant kunj,Delhi,South Delhi,Family,1,1,12,12,8,"Rs. 32,500/month","Rs. 97,500/month",0,1000,697,semi-furnished,1,Yes,Yes,No,24 Hours,Yes,0,no,No,N,0,1,0,Chattarpur Metro Station,1.31 km,Jawaharlal Nehru University (JNU),0.94 km,Cyber City Gurugram,,3.53km,,3.5,43,yes,2026-06-30,MagicBricks
PROP_685,1BHK,Semi-Furnished 1BHK Apartment in Vaishali,Vaishali,Ghaziabad,Ghaziabad,Working Bachelor,1,1,2,3,4,"Rs. 11,500/month",23k,2200,1200,662,semi-furnished,no,1,no,Y,12 Hours,N,0,1,1,No,yes,1,no,Vaishali Metro Station,0.42km,Inderprastha Dental College,1.49km,Noida Sector 62 IT Park,2.21km,,1.22km,4.2,64,1,2026-07-05,MagicBricks
PROP_686,3BHK,Fully Furnished 3BHK Apartment in Mayur Vihar,Mayur Vihar,Delhi,East Delhi,Working Professional,3,2,0,4,6,"Rs. 42,500/month","₹127,500",0,3200,1392 sq.ft.,Unfurnished,0,1,N,Yes,4 Hours,Yes,yes,no,yes,No,No,yes,0,Mayur Vihar 1 Metro Station,1.64 km,Shaheed Sukhdev College of Business Studies,2.84km,Noida Sector 62 IT Park,,4.1 km,4.72 km,3.9,37,Yes,2026-07-17,NoBroker
PROP_687,2BHK,Fully Furnished 2BHK Apartment in Rajinder Nagar,Rajinder Nagar,Delhi,Central Delhi,Family,2,2,3,3,2,38k,114k,3k,2200,960,Unfurnished,Y,Y,N,no,24 Hours,1,0,no,yes,0,1,Yes,No,Rajendra Place Metro Station,4.34km,Venkateshwara College,8.56,Rajendra Place IT Hub,13.15 km,5.0 km,5.43,4.9,47,Y,2026-08-04,Housing.com
PROP_688,1BHK,Fully Furnished 1BHK Apartment in Saket,Saket,Delhi,South Delhi,Family,1,1,22,24,15,21k,43000,"Rs. 1,300/month",1100,558,fully-furnished,no,Y,1,yes,4 Hours,yes,No,Yes,N,No,No,Yes,0,Saket Metro Station,3.3,Gargi College,6.42 km,Saket District Centre,3.73,1.27,4.01,4.0,62,1,2026-08-09,MagicBricks
PROP_689,1BHK,Semi-Furnished 1BHK Apartment in Knowledge Park,knowledge park,Greater Noida,Greater Noida,Student,1,1,0,8,1,"Rs. 7,000/month","Rs. 14,000/month",,1100,642,Semi-Furnished,No,yes,yes,yes,12 Hours,1,0,no,no,N,N,1,no,Knowledge Park II Metro Station,520m,Sharda University,5.51 km,Greater Noida Industrial Area,11.31 km,1.36 km,3.82km,3.7,38,yes,2026-08-05,Housing.com
PROP_690,1BHK,Semi-Furnished 1BHK Apartment in Malviya Nagar,Malviya Nagar,Delhi,South Delhi,Working Bachelor,1,1,12,24,12,15k,31k,"Rs. 1,200/month",900,404,Semi-Furnished,No,Yes,Y,1,12 Hours,yes,no,0,N,No,yes,Y,Yes,Malviya Nagar Metro Station,1.19km,College of Vocational Studies,6.97 km,Okhla Industrial Area,2.58 km,2.86 km,2.17 km,4.3,3,Y,2026-08-13,MagicBricks
PROP_691,2BHK,Fully Furnished 2BHK Apartment in Preet Vihar,Preet Vihar,Delhi,East Delhi,Family,2,2,3,4,0,45000,135000,2400,2800,1167,fully-furnished,N,N,No,Y,12 Hours,1,Y,Yes,Yes,N,0,No,no,Preet Vihar Metro Station,4.24,Vivekananda College,3.34,Noida Sector 62 IT Park,,2.89 km,5.4,3.2,12,1,2026-08-09,NoBroker
PROP_692,1RK,Fully Furnished 1RK Apartment in Mukherjee Nagar,Mukherjee Nagar,Delhi,North Delhi,Family,1,1,8,20,3,6k,"Rs. 12,000/month",0k,500,230,unfurnished,0,Y,yes,Y,12 Hours,yes,N,no,no,1,yes,No,No,GTB Nagar Metro Station,1.71km,SGTB Khalsa College,5.57 km,Connaught Place,10.2,,,4.1,1,yes,2026-08-13,MagicBricks
PROP_693,3BHK,Fully Furnished 3BHK Apartment in DLF Phase 3,DLF Phase 3,Gurugram,Gurugram,Family,3,2,5,20,3,57000,114000,,,1309,fully-furnished,Yes,Yes,No,yes,12 Hours,yes,no,N,no,0,yes,yes,0,Phase 3 Metro Station,0.98,Dronacharya College of Engineering,5.95km,DLF Cyber City,13.49km,4.14,,4.3,78,Yes,2026-08-10,NoBroker
PROP_694,2BHK,Fully Furnished 2BHK Apartment in Saket,saket,Delhi,South Delhi,Family,2,2,2,20,8,40500,"₹81,000","₹2,500",1400,872,unfurnished,No,N,1,yes,4 Hours,Yes,Yes,N,No,No,yes,Y,N,Saket Metro Station,2.46 km,Gargi College,4.99km,Saket District Centre,9.01,0.41,0.55km,4.7,53,1,2026-07-22,MagicBricks
PROP_695,1BHK,Semi-Furnished 1BHK Apartment in Noida Sector 15,Noida Sec 15,Noida,Noida,Working Bachelor,1,1,6,12,0,12k,24000,0,1100,544,Semi-Furnished,Y,Yes,yes,yes,12 Hours,N,N,No,Y,Yes,1,N,0,Noida Sector 15 Metro Station,,Amity University Noida,9.41 km,Noida Sector 16 Commercial Hub,12.23,2.47 km,3.06km,3.5,36,1,2026-07-26,Housing.com
PROP_696,1BHK,Fully Furnished 1BHK Apartment in Janakpuri,Janakpuri,Delhi,West Delhi,Family,1,1,1,5,6,"₹16,500",33k,0,1200,711,Furnished,1,0,1,no,4 Hours,1,1,N,N,0,1,N,1,Janakpuri West Metro Station,3.45km,Bhaskaracharya College,2.89km,Janakpuri District Centre,14.53,2.49km,1.26 km,3.9,65,yes,2026-08-11,MagicBricks
PROP_697,2BHK,Semi-Furnished 2BHK Apartment in Noida Sector 137,Noida Sec 137,Noida,Noida,Family,2,2,4,4,3,19000,"Rs. 19,000/month",2300,1400,1061,semi-furnished,Yes,1,N,N,12 Hours,no,Yes,no,no,N,1,0,No,Noida Sector 137 Metro Station,2.39km,Amity University Noida,8.65 km,Noida Expressway Offices,10.85km,2.01,4.27 km,4.0,24,Y,2026-07-10,MagicBricks
PROP_698,1BHK,Fully Furnished 1BHK Apartment in Green Park,Green Park,Delhi,South Delhi,Family,1,1,1,15,9,"₹45,500","₹91,000",0,1400,730,unfurnished,1,yes,1,No,4 Hours,Yes,no,no,No,1,yes,N,N,Green Park Metro Station,2.47km,NIFT Delhi,9.69 km,Bhikaji Cama Place,6.91km,2.95km,2.43 km,4.7,12,1,2026-07-11,MagicBricks
PROP_699,2BHK,Semi-Furnished 2BHK Apartment in Indirapuram,Indirapuram,Ghaziabad,Ghaziabad,Working Bachelor,2,2,5,5,14,18k,37k,4300,2600,1305,Semi-Furnished,yes,Y,1,1,4 Hours,yes,Y,No,Yes,No,No,0,N,Vaishali Metro Station,1.3km,ABES Engineering College,,Noida Sector 62 IT Park,10.36,0.21km,4.0,4.8,48,no,2026-07-29,99acres
PROP_700,2BHK,Fully Furnished 2BHK Apartment in DLF Phase 3,DLF Phase 3,Gurugram,Gurugram,Family,2,2,5,15,12,37k,"₹74,000","Rs. 2,600/month",1900,879,unfurnished,yes,no,1,yes,12 Hours,Yes,N,no,1,No,No,Y,no,Phase 3 Metro Station,2.18 km,Dronacharya College of Engineering,8.5km,DLF Cyber City,2.89km,1.49 km,3.19km,3.3,47,yes,2026-07-30,99acres
PROP_701,3BHK,Fully Furnished 3BHK Apartment in Noida Sector 137,Noida Sector 137,Noida,Noida,Working Professional,3,2,0,12,9,28k,"Rs. 84,000/month",3200,2800,1442,Unfurnished,Y,1,Yes,1,12 Hours,Y,No,N,0,0,no,yes,Yes,Noida Sector 137 Metro Station,1.21,Amity University Noida,0.48 km,Noida Expressway Offices,6.29 km,,3.57km,4.7,54,0,2026-08-07,NoBroker
PROP_702,3BHK,Fully Furnished 3BHK Apartment in DLF Phase 3,DLF Phase 3,Gurugram,Gurugram,Family,3,2,2,5,4,52500,105000,0,,1225,fully-furnished,yes,yes,Yes,Yes,24 Hours,yes,yes,no,no,N,1,yes,no,Phase 3 Metro Station,2.76km,Dronacharya College of Engineering,9.74 km,DLF Cyber City,,4.72km,,3.5,35,N,2026-07-18,Housing.com
PROP_703,1RK,Semi-Furnished 1RK Apartment in Malviya Nagar,malviya nagar,Delhi,South Delhi,Student,1,1,13,15,15,"Rs. 11,000/month","₹11,000",500,,284,semi-furnished,no,1,yes,yes,12 Hours,1,0,no,no,no,1,yes,yes,Malviya Nagar Metro Station,4.26,College of Vocational Studies,8.59km,Okhla Industrial Area,3.35 km,3.66km,770m,4.1,41,yes,2026-07-31,99acres
PROP_704,1BHK,Fully Furnished 1BHK Apartment in Rohini,ROHINI,Delhi,North Delhi,Student,1,1,1,15,8,"₹8,000","Rs. 16,000/month",,900,459,Unfurnished,no,yes,1,Y,24 Hours,Y,no,0,N,No,No,Yes,N,Rohini West Metro Station,1.6 km,Delhi Technological University (DTU),4.98 km,Netaji Subhash Place,8.77km,0.48km,4.29 km,3.5,61,yes,2026-06-30,NoBroker
PROP_705,1BHK,Semi-Furnished 1BHK Apartment in Preet Vihar,Preet Vihar,Delhi,East Delhi,Family,1,1,1,3,10,"₹18,000",36000,"₹1,000",1300,588,semi-furnished,N,N,No,No,12 Hours,1,Y,no,0,0,Yes,N,N,Preet Vihar Metro Station,2.6 km,Vivekananda College,,Noida Sector 62 IT Park,1.01,1.16,4.98km,3.5,36,Y,2026-08-01,NoBroker
PROP_706,3BHK,Fully Furnished 3BHK Apartment in Gurugram Sector 45,Gurugram Sec 45,Gurugram,Gurugram,Family,3,2,7,15,2,"₹38,000",76k,"₹2,600",3100,1348,Unfurnished,no,Y,1,1,12 Hours,1,No,0,no,no,Yes,Yes,No,HUDA City Centre Metro Station,3.33km,Ansal University,1.36 km,Golf Course Road Offices,4.77 km,,1.95 km,4.5,47,Y,2026-08-05,MagicBricks
PROP_707,1RK,Fully Furnished 1RK Apartment in Vasant Kunj,VASANT KUNJ,Delhi,South Delhi,Family,1,1,0,4,14,"₹25,500",76k,1k,1000,545,Unfurnished,Y,yes,No,Y,12 Hours,Yes,Y,0,No,0,1,Y,N,Chattarpur Metro Station,,Jawaharlal Nehru University (JNU),5.37km,Cyber City Gurugram,5.51km,,2.6km,4.2,15,yes,2026-07-15,Housing.com
PROP_708,1RK,Semi-Furnished 1RK Apartment in Patel Nagar,PATEL NAGAR,Delhi,West Delhi,Student,1,1,11,15,6,7000,7k,700,500,243,Semi-Furnished,Yes,1,yes,1,24 Hours,Yes,N,no,No,0,No,0,no,Patel Nagar Metro Station,1.5km,Kalindi College,9.47,Rajendra Place IT Hub,,2.16 km,0.87km,3.2,74,yes,2026-08-09,MagicBricks
PROP_709,2BHK,Semi-Furnished 2BHK Apartment in Karol Bagh,Karol Bagh,Delhi,Central Delhi,Working Professional,2,2,2,5,8,"₹27,500","Rs. 55,000/month",,,904,Semi-Furnished,N,Yes,1,yes,12 Hours,1,0,N,No,No,yes,yes,0,Karol Bagh Metro Station,0.75km,Sri Guru Nanak Dev Khalsa College,,Connaught Place,0.78,2.25km,2.98km,4.2,29,1,2026-07-15,MagicBricks
PROP_710,1BHK,Fully Furnished 1BHK Apartment in Karol Bagh,karol bagh,Delhi,Central Delhi,Student,1,1,4,5,10,"Rs. 12,000/month",24k,Rs. 700/month,800,392,Furnished,no,1,1,0,24 Hours,Yes,No,No,No,no,0,1,1,Karol Bagh Metro Station,,Sri Guru Nanak Dev Khalsa College,,Connaught Place,3.81 km,4.06km,,4.2,82,No,2026-07-19,Housing.com
PROP_711,2BHK,Fully Furnished 2BHK Apartment in Noida Sector 62,Noida Sec 62,Noida,Noida,Working Bachelor,2,2,9,20,9,22k,44000,0,1900,1052,Furnished,N,no,1,Yes,12 Hours,Yes,No,No,No,N,yes,Y,no,Noida Sector 62 Metro Station,690m,JSS Academy of Technical Education,9.47km,Noida Sector 62 IT Park,,1.54km,5.05,4.4,15,1,2026-07-16,99acres
PROP_712,1BHK,Fully Furnished 1BHK Apartment in Gurugram Sector 45,GURUGRAM SECTOR 45,Gurugram,Gurugram,Working Bachelor,1,1,1,3,13,19000,"Rs. 38,000/month",0,1600,636,unfurnished,0,Y,0,Y,24 Hours,Y,N,0,no,0,Yes,1,No,HUDA City Centre Metro Station,1.01km,Ansal University,5.54 km,Golf Course Road Offices,12.92 km,,1.72 km,3.4,0,yes,2026-07-28,MagicBricks
PROP_713,1RK,Fully Furnished 1RK Apartment in Janakpuri,Janakpuri,Delhi,West Delhi,Student,1,1,3,4,4,10000,20000,0,800,353,Unfurnished,yes,0,no,Yes,12 Hours,Y,No,0,yes,N,0,Y,No,Janakpuri West Metro Station,3.21km,Bhaskaracharya College,6.0km,Janakpuri District Centre,6.05 km,2.63,2.58km,3.6,79,yes,2026-08-01,Housing.com
PROP_714,3BHK,Fully Furnished 3BHK Apartment in Gurugram Sector 45,GURUGRAM SECTOR 45,Gurugram,Gurugram,Family,3,2,7,12,12,"Rs. 61,500/month",123k,"Rs. 3,300/month",3600,1746,Furnished,No,yes,yes,No,24 Hours,yes,yes,N,yes,Yes,yes,1,No,HUDA City Centre Metro Station,3.71 km,Ansal University,9.33 km,Golf Course Road Offices,6.43km,0.63 km,2.46km,4.7,40,1,2026-07-12,NoBroker
PROP_715,3BHK,Semi-Furnished 3BHK Apartment in Mayur Vihar,MAYUR VIHAR,Delhi,East Delhi,Family,3,2,1,20,4,31500,"₹63,000","Rs. 2,200/month",2000,1319,semi-furnished,0,no,yes,N,4 Hours,No,1,No,N,0,Yes,Yes,no,Mayur Vihar 1 Metro Station,4.11km,Shaheed Sukhdev College of Business Studies,2.62 km,Noida Sector 62 IT Park,14.95km,4.08 km,700m,4.2,19,Y,2026-07-22,99acres
PROP_716,2BHK,Semi-Furnished 2BHK Apartment in Vaishali,Vaishali,Ghaziabad,Ghaziabad,Family,2,2,2,3,6,"₹20,500","Rs. 41,000/month",0,1800,1133,semi-furnished,N,1,No,0,12 Hours,1,yes,0,N,No,no,Y,No,Vaishali Metro Station,,Inderprastha Dental College,5.23 km,Noida Sector 62 IT Park,11.66 km,4.02 km,,4.4,83,Y,2026-07-10,99acres
PROP_717,3BHK,Fully Furnished 3BHK Apartment in Mayur Vihar,Mayur Vihar,Delhi,East Delhi,Family,3,2,13,15,4,"₹41,000","Rs. 82,000/month",0,,1236,unfurnished,yes,1,1,Yes,24 Hours,yes,1,N,no,No,no,Y,0,Mayur Vihar 1 Metro Station,4.34km,Shaheed Sukhdev College of Business Studies,2.05km,Noida Sector 62 IT Park,3.73,3.4 km,3.03km,3.9,58,Y,2026-07-23,99acres
PROP_718,1BHK,Fully Furnished 1BHK Apartment in Shakarpur,SHAKARPUR,Delhi,East Delhi,Family,1,1,0,3,14,7k,"Rs. 14,000/month",1500,1100,462 sq.ft.,Unfurnished,no,No,N,N,4 Hours,yes,0,Y,no,N,N,yes,0,Nirman Vihar Metro Station,4.05 km,Bhim Rao Ambedkar College,2.63km,Noida Sector 62 IT Park,5.11,1.5 km,5.13km,4.6,7,Y,2026-07-10,MagicBricks
PROP_719,1BHK,Fully Furnished 1BHK Apartment in Malviya Nagar,malviya nagar,Delhi,South Delhi,Family,1,1,5,20,2,17k,17500,0,900,510 sq.ft.,unfurnished,no,1,yes,0,24 Hours,Yes,yes,No,0,No,Y,0,0,Malviya Nagar Metro Station,2.21km,College of Vocational Studies,9.25km,Okhla Industrial Area,3.0km,3.74 km,3.16km,3.5,59,yes,2026-08-05,99acres
PROP_720,1BHK,Fully Furnished 1BHK Apartment in Karol Bagh,KAROL BAGH,Delhi,Central Delhi,Family,1,1,7,24,8,"₹12,000","₹24,000",1k,800,372 sq.ft.,Furnished,no,0,Yes,N,12 Hours,yes,No,N,Yes,No,Yes,1,no,Karol Bagh Metro Station,3.74,Sri Guru Nanak Dev Khalsa College,1.43 km,Connaught Place,,4.27 km,5.44km,3.7,31,yes,2026-07-19,99acres
PROP_721,1BHK,Fully Furnished 1BHK Apartment in DLF Phase 3,DLF Phase 3,Gurugram,Gurugram,Family,1,1,1,8,15,"Rs. 20,000/month",40k,0,1100,492,unfurnished,1,yes,yes,Yes,12 Hours,yes,Y,no,0,no,1,Y,N,Phase 3 Metro Station,3.27 km,Dronacharya College of Engineering,9.01,DLF Cyber City,7.86 km,0.76 km,4.07 km,4.8,24,1,2026-07-16,NoBroker
PROP_722,1BHK,Fully Furnished 1BHK Apartment in Knowledge Park,Knowledge Park,Greater Noida,Greater Noida,Student,1,1,4,24,3,"₹7,500","₹15,000",1k,1000,558,unfurnished,Yes,yes,yes,Yes,24 Hours,Y,N,N,0,Yes,0,yes,Yes,Knowledge Park II Metro Station,,Sharda University,9.73km,Greater Noida Industrial Area,10.39km,3.55km,,4.1,10,yes,2026-08-06,99acres
PROP_723,2BHK,Semi-Furnished 2BHK Apartment in Kamla Nagar,Kamla Nagar,Delhi,North Delhi,Family,2,2,0,3,7,"Rs. 17,500/month",35k,,1600,856,semi-furnished,Yes,1,N,no,24 Hours,N,N,no,No,No,No,Yes,Yes,Vishwa Vidyalaya Metro Station,,Kirori Mal College,,Connaught Place,10.09 km,4.95,,4.3,37,Y,2026-07-21,NoBroker
PROP_724,3BHK,Semi-Furnished 3BHK Apartment in Rajinder Nagar,RAJINDER NAGAR,Delhi,Central Delhi,Family,3,2,2,3,15,55000,110000,,2800,1601 sq.ft.,Semi-Furnished,1,Y,N,Yes,4 Hours,no,Y,Y,0,N,yes,Yes,no,Rajendra Place Metro Station,2.36km,Venkateshwara College,7.83,Rajendra Place IT Hub,1.57 km,,4.68km,4.0,3,Y,2026-08-04,MagicBricks
PROP_725,3BHK,Semi-Furnished 3BHK Apartment in Noida Sector 15,Noida Sec-15,Noida,Noida,Family,3,2,1,3,15,29500,59k,"₹4,000",,1371 sq.ft.,semi-furnished,1,Yes,no,1,4 Hours,N,no,0,0,No,N,N,No,Noida Sector 15 Metro Station,,Amity University Noida,0.44 km,Noida Sector 16 Commercial Hub,1.33 km,0.55 km,880m,4.4,49,Yes,2026-08-13,MagicBricks
PROP_726,2BHK,Semi-Furnished 2BHK Apartment in Gurugram Sector 45,GURUGRAM SECTOR 45,Gurugram,Gurugram,Working Professional,2,2,1,24,2,"Rs. 29,000/month","Rs. 29,000/month",2k,,881,semi-furnished,No,yes,yes,Yes,12 Hours,No,Y,no,Yes,N,no,0,no,HUDA City Centre Metro Station,0.64,Ansal University,8.23,Golf Course Road Offices,6.49km,3.63,2.0km,3.3,81,Yes,2026-08-09,NoBroker
PROP_727,1BHK,Fully Furnished 1BHK Apartment in Civil Lines,CIVIL LINES,Delhi,North Delhi,Family,1,1,6,15,0,"Rs. 30,000/month","₹30,000","₹1,800",1400,647,unfurnished,N,Y,Yes,yes,12 Hours,yes,1,No,1,Y,No,N,N,Civil Lines Metro Station,3.36 km,St. Stephen's College,9.08 km,Connaught Place,8.8,3.79km,,3.3,43,Y,2026-07-07,99acres
PROP_728,1BHK,Fully Furnished 1BHK Apartment in Karol Bagh,karol bagh,Delhi,Central Delhi,Working Bachelor,1,1,4,8,4,"Rs. 13,000/month",26000,,900,356,fully-furnished,Y,No,no,Y,12 Hours,yes,no,Yes,N,No,Yes,yes,1,Karol Bagh Metro Station,1.43km,Sri Guru Nanak Dev Khalsa College,3.28,Connaught Place,1.71km,1.39,3.96km,4.1,3,N,2026-07-23,NoBroker
PROP_729,1RK,Fully Furnished 1RK Apartment in Noida Sector 15,Noida Sec-15,Noida,Noida,Student,1,1,22,24,12,7k,15000,700,700,287,Unfurnished,1,Yes,Yes,N,12 Hours,Y,Y,no,Yes,1,No,no,Y,Noida Sector 15 Metro Station,4.2km,Amity University Noida,7.33,Noida Sector 16 Commercial Hub,3.91 km,,1.09km,4.5,10,yes,2026-07-31,MagicBricks
PROP_730,1RK,Fully Furnished 1RK Apartment in Noida Sector 137,Noida Sector 137,Noida,Noida,Student,1,1,12,15,0,"₹9,000","₹18,000",₹700,800,418 sq.ft.,fully-furnished,Y,1,Y,Y,4 Hours,1,no,N,0,Yes,Yes,1,No,Noida Sector 137 Metro Station,4.01km,Amity University Noida,8.25,Noida Expressway Offices,7.72 km,1.44km,2.05km,3.3,19,Y,2026-07-12,99acres
PROP_731,3BHK,Semi-Furnished 3BHK Apartment in Noida Sector 137,Noida Sec 137,Noida,Noida,Family,3,2,3,5,7,"₹30,000",90000,0,2800,1773,semi-furnished,no,Yes,Yes,1,12 Hours,No,N,N,0,0,Yes,No,0,Noida Sector 137 Metro Station,2.92km,Amity University Noida,8.37 km,Noida Expressway Offices,,1.99km,5.82 km,3.2,2,yes,2026-08-07,99acres
PROP_732,2BHK,Semi-Furnished 2BHK Apartment in DLF Phase 3,DLF Phase 3,Gurugram,Gurugram,Family,2,2,5,5,8,27000,"Rs. 54,000/month",,1300,765,semi-furnished,Y,yes,Yes,Yes,12 Hours,1,1,yes,no,No,No,0,0,Phase 3 Metro Station,2.09,Dronacharya College of Engineering,,DLF Cyber City,2.97,360m,3.57km,4.9,15,Y,2026-07-20,NoBroker
PROP_733,2BHK,Fully Furnished 2BHK Apartment in Patel Nagar,Patel Nagar,Delhi,West Delhi,Working Bachelor,2,2,15,20,12,19k,19500,2k,1300,758,Unfurnished,N,1,yes,Y,24 Hours,1,1,no,0,1,Yes,no,yes,Patel Nagar Metro Station,0.89,Kalindi College,5.1km,Rajendra Place IT Hub,,1.58km,0.75km,4.4,58,yes,2026-08-04,Housing.com
PROP_734,2BHK,Fully Furnished 2BHK Apartment in Noida Sector 15,Noida Sec-15,Noida,Noida,Family,2,2,1,5,7,19000,19k,"Rs. 2,600/month",1600,950,Furnished,yes,1,Yes,Yes,12 Hours,yes,N,0,0,No,Yes,no,0,Noida Sector 15 Metro Station,3.29km,Amity University Noida,,Noida Sector 16 Commercial Hub,9.65,0.82km,3.64 km,3.5,75,Yes,2026-08-05,MagicBricks
PROP_735,1RK,Semi-Furnished 1RK Apartment in Kamla Nagar,Kamla Nagar,Delhi,North Delhi,Student,1,1,2,3,0,"₹7,000",14000,Rs. 900/month,,347,semi-furnished,0,no,no,no,12 Hours,Y,0,Y,No,No,N,no,yes,Vishwa Vidyalaya Metro Station,,Kirori Mal College,5.01 km,Connaught Place,1.53km,,4.94km,4.1,14,yes,2026-07-01,Housing.com
PROP_736,1BHK,Semi-Furnished 1BHK Apartment in Hauz Khas,Hauz Khas,Delhi,South Delhi,Family,1,1,6,8,13,32k,"Rs. 65,000/month","₹2,000",1400,626,semi-furnished,yes,Y,yes,no,12 Hours,0,No,no,0,0,Yes,Yes,N,Hauz Khas Metro Station,1.94km,IIT Delhi,2.61km,Okhla Industrial Area,0.87 km,1.09 km,1.12 km,4.9,1,1,2026-07-02,MagicBricks
PROP_737,2BHK,Semi-Furnished 2BHK Apartment in Saket,Saket,Delhi,South Delhi,Family,2,2,3,8,12,"₹39,000","₹78,000",2k,2100,967,Semi-Furnished,no,Y,1,Yes,4 Hours,No,0,No,No,No,yes,yes,N,Saket Metro Station,,Gargi College,3.49km,Saket District Centre,2.34 km,2.52km,3.73 km,3.4,62,yes,2026-06-30,Housing.com
PROP_738,3BHK,Fully Furnished 3BHK Apartment in Noida Sector 15,Noida Sector 15,Noida,Noida,Family,3,2,1,4,6,31000,62000,"Rs. 3,500/month",2200,1307,fully-furnished,1,No,N,N,24 Hours,1,Y,0,Yes,No,yes,1,Yes,Noida Sector 15 Metro Station,2.66km,Amity University Noida,1.15 km,Noida Sector 16 Commercial Hub,4.31km,2.12km,5.58km,4.7,52,0,2026-07-07,99acres
PROP_739,1BHK,Semi-Furnished 1BHK Apartment in Rohini,ROHINI,Delhi,North Delhi,Student,1,1,2,3,6,8k,"₹17,000",0,700,428,Semi-Furnished,N,N,No,no,12 Hours,1,Y,N,yes,No,N,Yes,0,Rohini West Metro Station,940m,Delhi Technological University (DTU),5.28 km,Netaji Subhash Place,,4.39 km,4.19 km,3.2,29,yes,2026-08-07,Housing.com
PROP_740,2BHK,Semi-Furnished 2BHK Apartment in Patel Nagar,Patel Nagar,Delhi,West Delhi,Working Professional,2,2,3,4,7,20500,"Rs. 61,500/month","Rs. 1,700/month",1000,738,Semi-Furnished,no,N,0,N,12 Hours,no,yes,No,0,no,no,yes,N,Patel Nagar Metro Station,1.6 km,Kalindi College,5.65 km,Rajendra Place IT Hub,1.1 km,4.66km,5.61km,3.8,15,1,2026-07-08,MagicBricks
PROP_741,1BHK,Semi-Furnished 1BHK Apartment in Saket,Saket,Delhi,South Delhi,Working Bachelor,1,1,3,3,7,"Rs. 17,500/month",35k,0,900,496,semi-furnished,No,Y,0,Y,24 Hours,no,Y,0,0,no,0,yes,N,Saket Metro Station,0.49 km,Gargi College,,Saket District Centre,9.39km,,4.61 km,3.4,48,0,2026-07-24,Housing.com
PROP_742,1BHK,Semi-Furnished 1BHK Apartment in Civil Lines,CIVIL LINES,Delhi,North Delhi,Family,1,1,10,24,9,42000,"₹42,000",1900,1700,794,Semi-Furnished,0,No,Yes,Y,4 Hours,N,1,No,N,no,yes,yes,1,Civil Lines Metro Station,,St. Stephen's College,2.4km,Connaught Place,12.43 km,1.68 km,5.62km,4.1,85,Yes,2026-07-06,Housing.com
PROP_743,3BHK,Fully Furnished 3BHK Apartment in Civil Lines,civil lines,Delhi,North Delhi,Working Professional,3,2,4,8,11,120k,360000,6k,3800,2312 sq.ft.,fully-furnished,0,Y,yes,0,24 Hours,Yes,0,N,N,No,yes,N,No,Civil Lines Metro Station,1.47km,St. Stephen's College,5.79km,Connaught Place,2.22,,0.71,3.6,4,1,2026-07-20,NoBroker
PROP_744,3BHK,Semi-Furnished 3BHK Apartment in Saket,Saket,Delhi,South Delhi,Family,3,2,10,24,2,52k,105000,"Rs. 4,000/month",3400,1688 sq.ft.,semi-furnished,No,1,Y,No,4 Hours,No,yes,0,Yes,Yes,yes,yes,yes,Saket Metro Station,3.72 km,Gargi College,1.15km,Saket District Centre,,3.17,0.32km,4.2,45,Yes,2026-07-25,Housing.com
PROP_745,3BHK,Semi-Furnished 3BHK Apartment in Laxmi Nagar,Laxmi Nagar,Delhi,East Delhi,Family,3,2,11,12,13,"₹15,000","₹30,000",0,2200,1095,semi-furnished,Yes,Y,Yes,Y,24 Hours,Yes,Yes,N,N,No,yes,N,No,Laxmi Nagar Metro Station,4.35 km,Shyam Lal College,6.92 km,Noida Sector 62 IT Park,11.22 km,3.2km,1.41km,3.7,83,Yes,2026-06-29,Housing.com
PROP_746,2BHK,Fully Furnished 2BHK Apartment in Civil Lines,Civil Lines,Delhi,North Delhi,Family,2,2,6,8,15,"₹72,500","Rs. 145,000/month",0,3100,1349,Furnished,no,N,Y,Y,12 Hours,Y,Yes,no,0,no,yes,1,Yes,Civil Lines Metro Station,3.02km,St. Stephen's College,2.55 km,Connaught Place,10.68km,4.85,1.12 km,3.6,60,Yes,2026-07-28,99acres
PROP_747,1BHK,Semi-Furnished 1BHK Apartment in DLF Phase 3,DLF Phase 3,Gurugram,Gurugram,Student,1,1,8,12,1,14k,"₹28,000",,900,407,semi-furnished,N,1,yes,Y,4 Hours,Y,No,Yes,N,N,N,yes,Y,Phase 3 Metro Station,0.35,Dronacharya College of Engineering,1.32 km,DLF Cyber City,11.05 km,,5.18km,4.0,24,yes,2026-08-07,Housing.com
PROP_748,1RK,Fully Furnished 1RK Apartment in Rajinder Nagar,Rajinder Nagar,Delhi,Central Delhi,Student,1,1,14,15,10,11k,33000,0,800,362,fully-furnished,No,yes,Yes,1,4 Hours,yes,Yes,no,0,1,no,yes,0,Rajendra Place Metro Station,,Venkateshwara College,8.58km,Rajendra Place IT Hub,3.6 km,1.95km,5.38km,3.8,22,Y,2026-07-19,99acres
PROP_749,2BHK,Fully Furnished 2BHK Apartment in DLF Phase 3,DLF PHASE 3,Gurugram,Gurugram,Working Professional,2,2,9,20,15,36500,73k,0,1700,850,fully-furnished,Y,N,1,N,24 Hours,1,No,0,N,Y,Yes,yes,N,Phase 3 Metro Station,1.92,Dronacharya College of Engineering,4.73km,DLF Cyber City,5.0 km,,1.8 km,4.8,63,Yes,2026-07-10,MagicBricks
PROP_750,1BHK,Semi-Furnished 1BHK Apartment in Indirapuram,Indirapuram,Ghaziabad,Ghaziabad,Student,1,1,1,3,9,"₹9,000",18000,"Rs. 2,000/month",1000,671,Semi-Furnished,0,no,0,Y,4 Hours,Y,N,0,N,No,Y,yes,N,Vaishali Metro Station,1.08km,ABES Engineering College,,Noida Sector 62 IT Park,13.05km,,5.22km,3.7,77,Yes,2026-07-17,99acres
PROP_751,2BHK,Semi-Furnished 2BHK Apartment in Laxmi Nagar,Laxmi Nagar,Delhi,East Delhi,Family,2,2,0,4,10,"Rs. 11,000/month","Rs. 22,000/month",1k,1700,814,Semi-Furnished,N,Y,0,No,4 Hours,N,Y,N,no,N,N,Y,Yes,Laxmi Nagar Metro Station,3.25,Shyam Lal College,1.88km,Noida Sector 62 IT Park,10.3,4.54,4.94,4.7,23,1,2026-07-24,99acres
PROP_752,4BHK,Fully Furnished 4BHK Apartment in Vaishali,Vaishali,Ghaziabad,Ghaziabad,Family,4,4,1,12,6,"Rs. 45,000/month","Rs. 90,000/month",0,4400,2558,Unfurnished,No,Y,yes,Y,12 Hours,Y,no,No,no,0,Yes,0,N,Vaishali Metro Station,2.73km,Inderprastha Dental College,4.52km,Noida Sector 62 IT Park,0.8 km,2.71 km,1.32km,3.9,2,yes,2026-07-22,MagicBricks
PROP_753,2BHK,Fully Furnished 2BHK Apartment in Saket,SAKET,Delhi,South Delhi,Family,2,2,22,24,15,"₹39,000","Rs. 78,000/month",1800,1900,948,Unfurnished,No,Yes,Yes,yes,24 Hours,1,no,No,no,1,1,No,1,Saket Metro Station,3.5km,Gargi College,4.34 km,Saket District Centre,4.06km,2.65 km,4.63km,4.2,5,Yes,2026-08-01,NoBroker
PROP_754,3BHK,Fully Furnished 3BHK Apartment in Hauz Khas,hauz khas,Delhi,South Delhi,Family,3,2,1,3,9,"Rs. 149,500/month",299000,,3900,2016,Unfurnished,Y,0,No,no,4 Hours,Yes,1,no,no,No,0,Y,No,Hauz Khas Metro Station,2.29km,IIT Delhi,2.46 km,Okhla Industrial Area,,,,4.1,20,Y,2026-08-04,Housing.com
PROP_755,3BHK,Fully Furnished 3BHK Apartment in Mukherjee Nagar,Mukherjee Nagar,Delhi,North Delhi,Family,3,2,0,5,7,26k,"Rs. 52,000/month",0,1800,1141,Unfurnished,N,Yes,Y,1,4 Hours,Y,yes,No,N,N,Y,0,Y,GTB Nagar Metro Station,2.15km,SGTB Khalsa College,1.72km,Connaught Place,13.54 km,460m,3.09km,4.5,39,No,2026-07-16,99acres
PROP_756,2BHK,Semi-Furnished 2BHK Apartment in Green Park,Green Park,Delhi,South Delhi,Family,2,2,2,3,7,60k,121000,0,,1286,Semi-Furnished,0,N,no,Yes,24 Hours,0,yes,0,no,0,N,yes,Yes,Green Park Metro Station,0.82 km,NIFT Delhi,3.38 km,Bhikaji Cama Place,11.56,,4.38 km,4.6,26,Yes,2026-08-02,99acres
PROP_757,2BHK,Semi-Furnished 2BHK Apartment in Dwarka,Dwarka,Delhi,Dwarka,Family,2,2,2,3,6,30500,91k,"Rs. 4,300/month",1800,1277,semi-furnished,0,yes,0,no,24 Hours,N,N,No,N,No,Yes,N,Yes,Dwarka Sector 10 Metro Station,2.29 km,Netaji Subhas University of Technology (NSUT),8.92,Gurugram Sector 21 IT Park,8.62 km,1.57 km,4.75km,3.2,32,Y,2026-07-23,NoBroker
PROP_758,1RK,Fully Furnished 1RK Apartment in Knowledge Park,Knowledge Park,Greater Noida,Greater Noida,Family,1,1,6,20,7,5k,"Rs. 10,000/month",,600,280 sq.ft.,Unfurnished,yes,1,yes,1,4 Hours,yes,No,No,No,no,1,No,Y,Knowledge Park II Metro Station,3.85 km,Sharda University,5.82km,Greater Noida Industrial Area,7.8km,4.11km,1.32,4.5,35,Y,2026-08-02,MagicBricks
PROP_759,1BHK,Semi-Furnished 1BHK Apartment in Gurugram Sector 45,Gurugram Sec 45,Gurugram,Gurugram,Family,1,1,3,4,4,"₹22,500",45000,,1000,707,semi-furnished,0,Yes,No,1,12 Hours,N,Y,0,no,N,0,No,N,HUDA City Centre Metro Station,3.63,Ansal University,3.85 km,Golf Course Road Offices,1.58 km,2.06 km,5.21km,4.8,13,Yes,2026-07-10,NoBroker
PROP_760,2BHK,Fully Furnished 2BHK Apartment in Mayur Vihar,Mayur Vihar,Delhi,East Delhi,Family,2,2,2,5,9,"Rs. 32,000/month",64k,0,,944,Unfurnished,0,Y,yes,0,4 Hours,Yes,Y,No,N,no,Y,yes,N,Mayur Vihar 1 Metro Station,2.02km,Shaheed Sukhdev College of Business Studies,4.68km,Noida Sector 62 IT Park,6.07 km,4.26km,1.25km,4.7,61,1,2026-07-25,Housing.com
PROP_761,2BHK,Fully Furnished 2BHK Apartment in Mayur Vihar,MAYUR VIHAR,Delhi,East Delhi,Family,2,2,7,24,2,33k,99k,2k,1700,966,Unfurnished,Yes,1,yes,N,24 Hours,Yes,Y,no,No,Y,1,Yes,0,Mayur Vihar 1 Metro Station,3.79 km,Shaheed Sukhdev College of Business Studies,0.56,Noida Sector 62 IT Park,12.17km,,3.31km,4.5,45,no,2026-07-17,99acres
PROP_762,3BHK,Fully Furnished 3BHK Apartment in Mayur Vihar,Mayur Vihar,Delhi,East Delhi,Family,3,2,3,3,13,"₹42,000",126000,0,2700,1395,unfurnished,0,N,no,Yes,12 Hours,Yes,0,N,No,no,no,0,no,Mayur Vihar 1 Metro Station,2.14 km,Shaheed Sukhdev College of Business Studies,1.96 km,Noida Sector 62 IT Park,,0.71 km,5.3,4.4,79,N,2026-07-05,Housing.com
PROP_763,1RK,Fully Furnished 1RK Apartment in Janakpuri,Janakpuri,Delhi,West Delhi,Student,1,1,15,20,10,12500,"₹25,000",Rs. 800/month,900,529,unfurnished,No,yes,Y,Yes,12 Hours,Yes,No,0,1,Y,1,1,no,Janakpuri West Metro Station,2.19 km,Bhaskaracharya College,9.72 km,Janakpuri District Centre,2.03 km,2.2km,3.56km,3.4,44,1,2026-07-25,Housing.com
PROP_764,1BHK,Fully Furnished 1BHK Apartment in Kamla Nagar,Kamla Nagar,Delhi,North Delhi,Student,1,1,0,4,4,10500,21000,,900,340,fully-furnished,no,yes,0,yes,4 Hours,Yes,Yes,Yes,No,0,Y,No,1,Vishwa Vidyalaya Metro Station,4.13 km,Kirori Mal College,4.53km,Connaught Place,8.01,2.49km,670m,4.6,14,Y,2026-08-08,MagicBricks
PROP_765,3BHK,Fully Furnished 3BHK Apartment in Rohini,rohini,Delhi,North Delhi,Family,3,2,10,20,10,"₹32,000","Rs. 64,000/month","Rs. 2,800/month",3000,1341,fully-furnished,yes,yes,Yes,no,12 Hours,Y,No,0,N,yes,Y,yes,no,Rohini West Metro Station,4.35km,Delhi Technological University (DTU),2.04km,Netaji Subhash Place,2.17km,2.42 km,2.13km,4.1,63,no,2026-08-04,MagicBricks
PROP_766,2BHK,Semi-Furnished 2BHK Apartment in Hauz Khas,Hauz Khas,Delhi,South Delhi,Family,2,2,12,20,14,"Rs. 57,000/month","Rs. 114,000/month",2600,2000,918,Semi-Furnished,0,1,yes,0,4 Hours,Yes,No,0,1,Y,N,Y,0,Hauz Khas Metro Station,1.61km,IIT Delhi,4.78km,Okhla Industrial Area,14.23km,1.38km,4.95km,4.3,14,Y,2026-08-03,Housing.com
PROP_767,3BHK,Semi-Furnished 3BHK Apartment in Laxmi Nagar,Laxmi Nagar,Delhi,East Delhi,Family,3,2,0,3,4,17k,35000,"₹1,700",2300,1099,Semi-Furnished,N,1,N,N,12 Hours,no,no,no,yes,N,N,no,0,Laxmi Nagar Metro Station,2.36km,Shyam Lal College,,Noida Sector 62 IT Park,2.42km,3.85 km,3.71,4.4,53,1,2026-07-02,99acres
PROP_768,1BHK,Semi-Furnished 1BHK Apartment in Noida Sector 15,Noida Sec-15,Noida,Noida,Student,1,1,1,8,11,"Rs. 9,000/month","Rs. 18,000/month",0,800,380,Semi-Furnished,N,Yes,1,0,12 Hours,Yes,1,N,1,no,Y,Yes,Y,Noida Sector 15 Metro Station,1.4km,Amity University Noida,0.45km,Noida Sector 16 Commercial Hub,2.52 km,2.54 km,,3.2,48,Y,2026-08-04,Housing.com
PROP_769,2BHK,Semi-Furnished 2BHK Apartment in Shakarpur,SHAKARPUR,Delhi,East Delhi,Working Bachelor,2,2,3,5,9,13k,39000,"Rs. 1,600/month",1800,789 sq.ft.,semi-furnished,yes,1,Y,No,12 Hours,no,No,N,no,N,No,Y,N,Nirman Vihar Metro Station,1.18km,Bhim Rao Ambedkar College,7.97km,Noida Sector 62 IT Park,4.75 km,,,4.1,75,yes,2026-07-03,99acres
PROP_769,1RK,Fully Furnished 1RK Apartment in Noida Sector 62,Noida Sec 62,Noida,Noida,Student,1,1,2,3,14,"₹9,500",19000,0k,1100,457,unfurnished,0,yes,0,yes,24 Hours,Y,No,yes,N,no,yes,N,no,Noida Sector 62 Metro Station,2.1 km,JSS Academy of Technical Education,,Noida Sector 62 IT Park,10.19km,1.25km,1.3km,3.8,39,1,2026-08-11,MagicBricks
PROP_771,2BHK,Fully Furnished 2BHK Apartment in Laxmi Nagar,LAXMI NAGAR,Delhi,East Delhi,Family,2,2,5,8,2,"Rs. 11,500/month","₹23,000",0,,753,Furnished,N,N,yes,yes,4 Hours,1,1,no,no,No,yes,yes,0,Laxmi Nagar Metro Station,3.01,Shyam Lal College,6.71km,Noida Sector 62 IT Park,10.7km,2.88km,1.17km,4.4,61,Y,2026-07-30,Housing.com
PROP_772,3BHK,Fully Furnished 3BHK Apartment in Green Park,Green Park,Delhi,South Delhi,Family,3,2,20,20,10,"Rs. 96,500/month",193000,5600,2500,1718,unfurnished,Yes,yes,Yes,Yes,4 Hours,yes,0,no,No,no,Yes,Y,no,Green Park Metro Station,3.16km,NIFT Delhi,0.9,Bhikaji Cama Place,6.88km,4.1 km,4.86,4.1,56,Y,2026-07-12,99acres
PROP_773,3BHK,Fully Furnished 3BHK Apartment in Vaishali,Vaishali,Ghaziabad,Ghaziabad,Working Professional,3,2,3,8,13,28000,28k,4k,3500,1548,fully-furnished,Y,Y,1,Yes,12 Hours,Yes,Y,1,No,0,Y,Y,0,Vaishali Metro Station,460m,Inderprastha Dental College,0.76,Noida Sector 62 IT Park,7.94km,2.17 km,2.27km,4.6,26,Y,2026-07-13,99acres
PROP_774,3BHK,Fully Furnished 3BHK Apartment in Noida Sector 15,NOIDA SECTOR 15,Noida,Noida,Family,3,2,3,5,2,30500,61000,3k,2800,1343,fully-furnished,yes,Yes,0,no,24 Hours,1,Yes,No,N,0,Yes,Yes,0,Noida Sector 15 Metro Station,3.24 km,Amity University Noida,6.93,Noida Sector 16 Commercial Hub,5.13km,0.8 km,2.65 km,3.7,11,yes,2026-08-03,MagicBricks
PROP_775,2BHK,Semi-Furnished 2BHK Apartment in Indirapuram,Indirapuram,Ghaziabad,Ghaziabad,Working Professional,2,2,0,4,4,15k,"Rs. 30,000/month","₹2,600",,1079,Semi-Furnished,1,Y,No,Yes,12 Hours,Yes,N,no,No,no,yes,No,Y,Vaishali Metro Station,1.87km,ABES Engineering College,7.22 km,Noida Sector 62 IT Park,5.01,3.05km,5.12,4.8,56,Y,2026-07-03,99acres
PROP_776,3BHK,Fully Furnished 3BHK Apartment in Janakpuri,Janakpuri,Delhi,West Delhi,Family,3,2,3,3,10,"Rs. 41,500/month",83000,5100,2900,1692,Furnished,0,yes,0,N,12 Hours,1,Y,Y,no,N,No,Y,no,Janakpuri West Metro Station,2.79km,Bhaskaracharya College,,Janakpuri District Centre,14.63,4.73 km,2.7,3.9,53,Yes,2026-07-18,Housing.com
PROP_777,1RK,Fully Furnished 1RK Apartment in Pari Chowk,Pari Chowk,Greater Noida,Greater Noida,Student,1,1,5,8,5,"₹5,000","Rs. 10,000/month",,,344,Furnished,No,0,yes,No,24 Hours,Yes,0,N,N,No,N,1,0,Pari Chowk Metro Station,2.41km,Galgotias University,5.27,Greater Noida Industrial Area,4.92,4.3 km,3.87,4.4,79,Y,2026-07-15,Housing.com
PROP_778,3BHK,Fully Furnished 3BHK Apartment in Civil Lines,civil lines,Delhi,North Delhi,Family,3,2,12,20,13,132000,396000,0,4800,2310,Unfurnished,Y,Yes,1,N,24 Hours,yes,N,N,Y,No,0,Yes,no,Civil Lines Metro Station,1.05km,St. Stephen's College,2.02km,Connaught Place,8.66km,3.08 km,3.02km,3.3,80,1,2026-06-30,MagicBricks
PROP_779,1BHK,Fully Furnished 1BHK Apartment in Saket,Saket,Delhi,South Delhi,Family,1,1,11,12,7,29k,"Rs. 59,000/month","Rs. 1,400/month",,637,fully-furnished,No,yes,yes,N,4 Hours,Y,Yes,No,Y,No,Yes,N,1,Saket Metro Station,0.24,Gargi College,4.22km,Saket District Centre,4.15,4.45km,4.85km,4.4,27,Y,2026-07-04,NoBroker
PROP_780,2BHK,Semi-Furnished 2BHK Apartment in Golf Course Road,Golf Course Road,Gurugram,Gurugram,Working Professional,2,2,0,5,10,89k,89500,,2100,1176 sq.ft.,semi-furnished,0,No,1,0,24 Hours,yes,Yes,N,No,0,N,1,0,Sector 42-43 Metro Station,,GD Goenka University,,Golf Course Road Offices,1.25,2.24km,5.58 km,4.1,55,1,2026-08-03,NoBroker
PROP_781,2BHK,Semi-Furnished 2BHK Apartment in Mayur Vihar,Mayur Vihar,Delhi,East Delhi,Family,2,2,5,20,8,"Rs. 28,000/month",56000,"₹1,800",1700,983,semi-furnished,yes,Y,Yes,No,24 Hours,0,No,N,N,N,No,1,N,Mayur Vihar 1 Metro Station,2.74,Shaheed Sukhdev College of Business Studies,5.26km,Noida Sector 62 IT Park,10.61 km,3.09km,1.4km,3.5,26,yes,2026-08-03,Housing.com
PROP_782,1BHK,Fully Furnished 1BHK Apartment in Mukherjee Nagar,Mukherjee Nagar,Delhi,North Delhi,Student,1,1,11,24,0,"₹11,500",34500,Rs. 800/month,1000,510,Furnished,no,1,yes,N,4 Hours,Yes,N,0,N,no,0,yes,N,GTB Nagar Metro Station,2.26km,SGTB Khalsa College,4.46,Connaught Place,3.42km,2.87km,4.89 km,4.8,7,Yes,2026-08-10,MagicBricks
PROP_783,1BHK,Fully Furnished 1BHK Apartment in Indirapuram,Indirapuram,Ghaziabad,Ghaziabad,Student,1,1,16,20,4,12k,24000,"Rs. 1,500/month",1400,631,unfurnished,No,no,1,No,12 Hours,Y,yes,No,no,0,Y,Yes,N,Vaishali Metro Station,4.16km,ABES Engineering College,6.09km,Noida Sector 62 IT Park,0.94km,1.15,1.49 km,3.7,76,N,2026-08-10,Housing.com
PROP_784,2BHK,Semi-Furnished 2BHK Apartment in Dwarka,Dwarka,Delhi,Dwarka,Working Bachelor,2,2,3,8,1,24500,"Rs. 49,000/month",3k,1800,1005,Semi-Furnished,1,1,Y,Yes,24 Hours,no,1,0,N,No,1,No,Y,Dwarka Sector 10 Metro Station,0.19 km,Netaji Subhas University of Technology (NSUT),2.61km,Gurugram Sector 21 IT Park,5.78,,1.81,3.9,26,Y,2026-07-14,NoBroker
PROP_785,2BHK,Semi-Furnished 2BHK Apartment in Gurugram Sector 56,Gurugram Sector 56,Gurugram,Gurugram,Working Bachelor,2,2,2,3,2,"₹25,000",50k,,1500,967,Semi-Furnished,No,1,no,1,12 Hours,Y,N,0,0,No,0,1,no,Sector 56 Metro Station,0.81,IILM University,7.07km,Golf Course Road Offices,4.96km,4.56 km,4.46 km,3.3,41,no,2026-08-11,MagicBricks
PROP_786,1BHK,Fully Furnished 1BHK Apartment in Shakarpur,shakarpur,Delhi,East Delhi,Student,1,1,1,4,1,"Rs. 7,000/month",14000,"₹1,000",1200,463,unfurnished,No,1,No,N,4 Hours,Y,no,no,N,N,1,yes,Yes,Nirman Vihar Metro Station,1.44km,Bhim Rao Ambedkar College,9.73km,Noida Sector 62 IT Park,14.79km,1.68 km,4.67,3.5,73,Yes,2026-07-16,Housing.com
PROP_787,2BHK,Semi-Furnished 2BHK Apartment in Saket,Saket,Delhi,South Delhi,Family,2,2,0,4,14,"Rs. 24,500/month","Rs. 49,000/month",,,772,semi-furnished,No,yes,no,Y,24 Hours,0,yes,yes,No,N,Y,1,no,Saket Metro Station,3.37,Gargi College,5.84km,Saket District Centre,2.67 km,2.16,1.8,4.4,45,1,2026-07-24,99acres
PROP_788,2BHK,Semi-Furnished 2BHK Apartment in Noida Sector 15,Noida Sec 15,Noida,Noida,Family,2,2,2,3,12,15000,30k,2700,,841,semi-furnished,N,1,No,Yes,24 Hours,no,No,N,0,No,N,Y,N,Noida Sector 15 Metro Station,2.93,Amity University Noida,,Noida Sector 16 Commercial Hub,6.71km,2.53,5.38 km,3.6,60,yes,2026-07-07,MagicBricks
PROP_789,2BHK,Fully Furnished 2BHK Apartment in Civil Lines,civil lines,Delhi,North Delhi,Family,2,2,10,12,7,67k,"Rs. 202,500/month",0,,1387,Furnished,Yes,Yes,1,no,24 Hours,1,Yes,no,yes,Y,yes,Yes,1,Civil Lines Metro Station,,St. Stephen's College,2.2km,Connaught Place,13.29,2.67 km,,3.5,46,1,2026-07-09,Housing.com
PROP_790,3BHK,Semi-Furnished 3BHK Apartment in Hauz Khas,Hauz Khas,Delhi,South Delhi,Family,3,2,14,15,3,"₹68,000","Rs. 136,000/month",5100,2900,1478,Semi-Furnished,Yes,0,Y,No,12 Hours,No,Yes,N,No,N,1,Yes,0,Hauz Khas Metro Station,4.14,IIT Delhi,4.33 km,Okhla Industrial Area,2.55 km,2.1km,2.74,4.1,37,N,2026-07-02,99acres
PROP_791,1BHK,Fully Furnished 1BHK Apartment in Civil Lines,Civil Lines,Delhi,North Delhi,Family,1,1,2,4,12,"₹39,500",79000,1100,1400,643,unfurnished,no,Y,No,no,24 Hours,Yes,No,No,no,N,Yes,No,Y,Civil Lines Metro Station,2.19km,St. Stephen's College,3.18,Connaught Place,7.12 km,4.19km,4.8km,4.0,22,Yes,2026-07-14,Housing.com
PROP_792,2BHK,Semi-Furnished 2BHK Apartment in Laxmi Nagar,laxmi nagar,Delhi,East Delhi,Family,2,2,11,24,13,"₹9,500","Rs. 19,000/month","₹1,900",1200,725,semi-furnished,1,Yes,yes,N,24 Hours,Yes,N,N,yes,Y,0,Y,1,Laxmi Nagar Metro Station,3.82 km,Shyam Lal College,1.15 km,Noida Sector 62 IT Park,7.05 km,,4.01 km,3.8,77,N,2026-07-25,99acres
PROP_793,4BHK,Fully Furnished 4BHK Apartment in Hauz Khas,Hauz Khas,Delhi,South Delhi,Family,4,4,3,3,3,164500,329000,"₹6,000",3300,2419,Furnished,1,Y,N,Y,24 Hours,Y,N,no,no,0,1,1,No,Hauz Khas Metro Station,3.82km,IIT Delhi,5.32km,Okhla Industrial Area,8.26 km,,,4.7,48,Y,2026-07-11,NoBroker
PROP_794,1BHK,Fully Furnished 1BHK Apartment in Noida Sector 15,noida sector 15,Noida,Noida,Family,1,1,0,3,5,13000,13000,"Rs. 1,300/month",1000,522,unfurnished,0,yes,0,yes,12 Hours,yes,N,yes,1,No,Yes,yes,N,Noida Sector 15 Metro Station,3.81 km,Amity University Noida,,Noida Sector 16 Commercial Hub,11.49 km,,2.39km,4.2,6,N,2026-07-31,Housing.com
PROP_795,3BHK,Fully Furnished 3BHK Apartment in Karol Bagh,Karol Bagh,Delhi,Central Delhi,Family,3,2,4,4,2,39k,"₹78,000",4k,2300,1377,Unfurnished,0,Y,No,no,4 Hours,Y,no,No,no,no,Y,1,no,Karol Bagh Metro Station,,Sri Guru Nanak Dev Khalsa College,6.09km,Connaught Place,13.9,1.64,5.29 km,4.2,21,Yes,2026-07-03,Housing.com
PROP_796,1BHK,Fully Furnished 1BHK Apartment in Hauz Khas,Hauz Khas,Delhi,South Delhi,Family,1,1,11,24,6,34000,34000,0,1100,616,Unfurnished,N,Y,yes,N,12 Hours,Y,0,no,no,no,Y,no,yes,Hauz Khas Metro Station,4.23 km,IIT Delhi,6.99km,Okhla Industrial Area,14.01km,1.83,,3.8,62,Y,2026-07-20,Housing.com
PROP_797,1RK,Fully Furnished 1RK Apartment in Model Town,Model Town,Delhi,North Delhi,Family,1,1,3,15,5,"Rs. 20,000/month","₹40,000",Rs. 800/month,1100,451 sq.ft.,fully-furnished,1,yes,yes,Y,24 Hours,Y,no,no,0,no,Y,1,Yes,Model Town Metro Station,1.27km,Miranda House,1.51km,Connaught Place,9.46km,2.54km,5.21km,4.0,64,Yes,2026-07-01,MagicBricks
PROP_798,3BHK,Fully Furnished 3BHK Apartment in Patel Nagar,patel nagar,Delhi,West Delhi,Family,3,2,5,12,10,"₹45,000","Rs. 90,000/month","Rs. 4,400/month",2300,1540,unfurnished,1,yes,Yes,no,12 Hours,1,yes,1,No,N,1,1,no,Patel Nagar Metro Station,3.04 km,Kalindi College,9.52km,Rajendra Place IT Hub,14.98,4.99,1.0 km,4.7,72,1,2026-07-27,Housing.com
PROP_799,1RK,Fully Furnished 1RK Apartment in Karol Bagh,Karol Bagh,Delhi,Central Delhi,Student,1,1,8,15,6,"Rs. 10,500/month",21000,0,800,298,unfurnished,1,Yes,1,Yes,12 Hours,Y,no,0,N,No,Y,Yes,no,Karol Bagh Metro Station,3.09 km,Sri Guru Nanak Dev Khalsa College,9.98km,Connaught Place,11.7 km,2.41,3.57km,3.3,80,Y,2026-07-09,Housing.com
PROP_800,4BHK,Fully Furnished 4BHK Apartment in Saket,saket,Delhi,South Delhi,Family,4,4,2,4,3,"₹77,000",77000,3600,3600,1803,unfurnished,N,Y,No,Yes,4 Hours,Y,Yes,N,N,no,0,0,yes,Saket Metro Station,860m,Gargi College,4.3 km,Saket District Centre,7.06 km,1.74km,1.82,3.6,73,yes,2026-07-26,99acres
PROP_801,3BHK,Semi-Furnished 3BHK Apartment in Green Park,Green Park,Delhi,South Delhi,Family,3,2,1,4,4,"₹92,500","₹185,000",4300,2900,1639,semi-furnished,1,Y,no,No,4 Hours,No,1,No,no,N,No,N,No,Green Park Metro Station,2.16km,NIFT Delhi,6.6 km,Bhikaji Cama Place,,2.31 km,,4.6,26,1,2026-08-13,Housing.com
PROP_802,1BHK,Semi-Furnished 1BHK Apartment in Gurugram Sector 56,Gurugram Sec 56,Gurugram,Gurugram,Family,1,1,1,8,3,"₹17,500","₹35,000",,1000,753,semi-furnished,0,Y,N,1,4 Hours,No,yes,Yes,N,No,Y,N,1,Sector 56 Metro Station,2.0km,IILM University,1.15,Golf Course Road Offices,6.31km,2.21km,5.47km,3.5,10,Y,2026-07-24,NoBroker
PROP_803,2BHK,Fully Furnished 2BHK Apartment in Malviya Nagar,Malviya Nagar,Delhi,South Delhi,Family,2,2,0,12,13,36500,36500,1500,2200,1044,fully-furnished,yes,Yes,Yes,Y,12 Hours,yes,1,No,yes,Yes,N,Y,Yes,Malviya Nagar Metro Station,3.07,College of Vocational Studies,1.52,Okhla Industrial Area,14.25km,3.22,1.45km,4.8,38,yes,2026-08-09,NoBroker
PROP_804,1RK,Fully Furnished 1RK Apartment in Saket,Saket,Delhi,South Delhi,Family,1,1,0,5,14,17500,"Rs. 35,000/month","₹1,200",,407,fully-furnished,1,1,1,Y,4 Hours,Yes,N,1,No,0,no,Y,no,Saket Metro Station,1.85 km,Gargi College,8.25,Saket District Centre,7.97km,1.08km,1.2 km,4.1,72,1,2026-08-09,99acres
PROP_805,1RK,Semi-Furnished 1RK Apartment in Vasant Kunj,vasant kunj,Delhi,South Delhi,Family,1,1,0,4,5,"Rs. 30,000/month","Rs. 60,000/month",,,586,Semi-Furnished,1,yes,no,N,4 Hours,N,No,no,no,No,yes,yes,yes,Chattarpur Metro Station,1.08km,Jawaharlal Nehru University (JNU),5.89km,Cyber City Gurugram,9.45km,1.92km,0.9,3.4,30,1,2026-07-14,NoBroker
PROP_806,1BHK,Fully Furnished 1BHK Apartment in DLF Phase 3,DLF Phase 3,Gurugram,Gurugram,Family,1,1,0,5,12,"Rs. 18,000/month",36000,800,1100,428,unfurnished,N,Y,Yes,1,24 Hours,Yes,Yes,Yes,N,no,no,Y,No,Phase 3 Metro Station,3.42 km,Dronacharya College of Engineering,1.03km,DLF Cyber City,,2.3 km,2.64 km,4.7,2,Yes,2026-07-15,99acres
PROP_807,3BHK,Fully Furnished 3BHK Apartment in Gurugram Sector 56,gurugram sector 56,Gurugram,Gurugram,Family,3,2,0,12,10,39k,"Rs. 117,000/month",,3300,1502,fully-furnished,No,0,yes,yes,12 Hours,Yes,N,N,yes,no,Y,Yes,no,Sector 56 Metro Station,,IILM University,8.81km,Golf Course Road Offices,8.24km,,,3.9,40,Yes,2026-08-06,Housing.com
PROP_808,2BHK,Fully Furnished 2BHK Apartment in Karol Bagh,Karol Bagh,Delhi,Central Delhi,Working Professional,2,2,0,4,1,29500,59000,2900,1900,917,Unfurnished,1,yes,N,Y,4 Hours,1,No,Y,No,no,N,Yes,0,Karol Bagh Metro Station,1.84km,Sri Guru Nanak Dev Khalsa College,1.69 km,Connaught Place,1.88km,2.89km,1.33,4.1,81,Y,2026-07-15,Housing.com
PROP_809,4BHK,Fully Furnished 4BHK Apartment in Greater Kailash,greater kailash,Delhi,South Delhi,Family,4,4,2,4,7,149k,"Rs. 298,000/month",8k,4000,2704,Furnished,Y,1,N,Y,4 Hours,1,Yes,No,0,no,Y,Y,Y,Kailash Colony Metro Station,0.49km,Lady Shri Ram College (LSR),1.14,Nehru Place IT Hub,9.63 km,1.23km,2.83 km,3.9,49,Yes,2026-07-20,MagicBricks
PROP_809,2BHK,Semi-Furnished 2BHK Apartment in Civil Lines,Civil Lines,Delhi,North Delhi,Family,2,2,7,12,14,"Rs. 52,500/month",105000,2600,2100,1249,Semi-Furnished,yes,0,1,Yes,12 Hours,Y,N,0,no,No,No,Yes,0,Civil Lines Metro Station,1.96km,St. Stephen's College,8.29,Connaught Place,13.86,1.37,2.8,3.4,69,yes,2026-07-22,99acres
PROP_811,2BHK,Fully Furnished 2BHK Apartment in Janakpuri,janakpuri,Delhi,West Delhi,Family,2,2,0,4,4,28000,"₹56,000",0,2500,1065,Furnished,1,Yes,N,no,12 Hours,1,yes,0,Y,no,1,Yes,no,Janakpuri West Metro Station,930m,Bhaskaracharya College,8.76 km,Janakpuri District Centre,9.31km,,3.98 km,4.1,66,1,2026-07-01,NoBroker
PROP_812,3BHK,Fully Furnished 3BHK Apartment in Vasant Kunj,Vasant Kunj,Delhi,South Delhi,Family,3,2,11,12,0,"Rs. 79,500/month",79k,0,3200,1808,Furnished,Y,Y,Yes,Y,12 Hours,1,Yes,No,1,No,yes,Yes,No,Chattarpur Metro Station,2.37km,Jawaharlal Nehru University (JNU),2.17km,Cyber City Gurugram,8.06,4.43km,3.32km,4.1,48,1,2026-08-08,Housing.com
PROP_813,2BHK,Fully Furnished 2BHK Apartment in Janakpuri,Janakpuri,Delhi,West Delhi,Family,2,2,5,15,14,"₹30,500",30500,"Rs. 1,800/month",1700,1094,Unfurnished,0,Yes,1,Y,24 Hours,Y,Y,No,0,N,No,Yes,no,Janakpuri West Metro Station,2.41 km,Bhaskaracharya College,900m,Janakpuri District Centre,13.85km,4.22km,0.76km,4.7,2,Y,2026-07-05,99acres
PROP_814,1BHK,Fully Furnished 1BHK Apartment in Patel Nagar,Patel Nagar,Delhi,West Delhi,Student,1,1,6,12,9,"Rs. 15,000/month","₹30,000",0,1400,566,unfurnished,no,no,Yes,N,12 Hours,1,No,no,1,No,Yes,Y,0,Patel Nagar Metro Station,0.4km,Kalindi College,0.49,Rajendra Place IT Hub,8.83 km,0.77km,4.59 km,3.6,44,yes,2026-07-24,Housing.com
PROP_815,3BHK,Semi-Furnished 3BHK Apartment in Saket,Saket,Delhi,South Delhi,Family,3,2,4,20,5,47500,95000,,,1429,Semi-Furnished,Yes,yes,yes,Yes,12 Hours,Yes,yes,0,No,0,yes,Y,no,Saket Metro Station,3.76km,Gargi College,1.67km,Saket District Centre,9.9km,4.48km,3.05km,3.8,62,Y,2026-07-20,Housing.com
PROP_816,1BHK,Fully Furnished 1BHK Apartment in Laxmi Nagar,Laxmi Nagar,Delhi,East Delhi,Family,1,1,2,5,4,"Rs. 7,500/month",15000,0,,387,unfurnished,no,yes,Y,Y,24 Hours,yes,0,no,No,0,1,Yes,1,Laxmi Nagar Metro Station,3.03,Shyam Lal College,4.58,Noida Sector 62 IT Park,6.95km,2.16km,1.42km,4.0,9,No,2026-08-01,MagicBricks
PROP_817,4BHK,Fully Furnished 4BHK Apartment in Pari Chowk,Pari Chowk,Greater Noida,Greater Noida,Family,4,4,1,5,2,"Rs. 38,500/month","₹77,000",0,4000,2477,Unfurnished,Y,N,1,No,12 Hours,yes,Yes,No,no,no,1,1,0,Pari Chowk Metro Station,1.49km,Galgotias University,1.35 km,Greater Noida Industrial Area,9.77,2.3km,2.64km,3.3,13,Y,2026-07-08,NoBroker
PROP_818,3BHK,Fully Furnished 3BHK Apartment in Noida Sector 137,Noida Sector 137,Noida,Noida,Family,3,2,22,24,3,"Rs. 33,000/month","Rs. 66,000/month","₹6,500",3100,2102,unfurnished,Yes,Yes,Y,No,24 Hours,Y,Y,N,0,yes,yes,Yes,Yes,Noida Sector 137 Metro Station,2.52km,Amity University Noida,8.29km,Noida Expressway Offices,4.0,2.07 km,,4.9,79,Y,2026-07-07,MagicBricks
PROP_819,3BHK,Fully Furnished 3BHK Apartment in Gurugram Sector 56,GURUGRAM SECTOR 56,Gurugram,Gurugram,Family,3,2,12,20,0,"₹47,000",141000,,3500,1818 sq.ft.,unfurnished,1,Yes,yes,0,12 Hours,1,N,0,Y,Y,yes,Y,No,Sector 56 Metro Station,2.65km,IILM University,,Golf Course Road Offices,4.93 km,1.38,3.53km,3.3,66,Yes,2026-08-04,NoBroker
PROP_820,2BHK,Semi-Furnished 2BHK Apartment in Karol Bagh,Karol Bagh,Delhi,Central Delhi,Family,2,2,2,8,5,"Rs. 18,000/month","Rs. 36,000/month","₹1,700",,637,semi-furnished,0,yes,1,Y,24 Hours,1,N,no,Yes,no,yes,Y,no,Karol Bagh Metro Station,2.06 km,Sri Guru Nanak Dev Khalsa College,4.52km,Connaught Place,13.4km,1.33km,4.56 km,4.1,68,1,2026-07-27,99acres
PROP_821,1RK,Semi-Furnished 1RK Apartment in Greater Kailash,greater kailash,Delhi,South Delhi,Family,1,1,2,5,8,"Rs. 39,500/month",39k,"Rs. 2,000/month",1100,608,semi-furnished,N,1,1,yes,24 Hours,1,0,No,yes,0,N,1,N,Kailash Colony Metro Station,4.35km,Lady Shri Ram College (LSR),5.42km,Nehru Place IT Hub,5.88km,1.23km,0.87 km,3.2,73,Y,2026-07-09,99acres
PROP_822,3BHK,Semi-Furnished 3BHK Apartment in DLF Phase 3,DLF Phase 3,Gurugram,Gurugram,Family,3,2,9,12,15,"Rs. 34,500/month",103500,,2100,1096,semi-furnished,Y,Yes,Yes,1,4 Hours,N,yes,no,Y,no,Yes,0,Yes,Phase 3 Metro Station,4.33 km,Dronacharya College of Engineering,0.69,DLF Cyber City,,,5.93km,3.8,16,Yes,2026-07-10,NoBroker
PROP_823,3BHK,Fully Furnished 3BHK Apartment in Janakpuri,Janakpuri,Delhi,West Delhi,Family,3,2,3,3,13,"Rs. 59,500/month",119000,0,3200,2085,Furnished,1,Y,0,No,24 Hours,1,no,Yes,N,No,Y,N,yes,Janakpuri West Metro Station,660m,Bhaskaracharya College,4.79km,Janakpuri District Centre,12.61km,0.49,,4.3,19,Y,2026-08-08,Housing.com
PROP_824,1BHK,Fully Furnished 1BHK Apartment in Karol Bagh,Karol Bagh,Delhi,Central Delhi,Family,1,1,3,12,14,12500,25000,1000,1000,343,Furnished,0,Yes,yes,yes,24 Hours,yes,yes,0,no,no,no,N,No,Karol Bagh Metro Station,1.61km,Sri Guru Nanak Dev Khalsa College,1.45km,Connaught Place,7.66km,1.97 km,,3.9,55,Yes,2026-08-11,MagicBricks
PROP_825,2BHK,Fully Furnished 2BHK Apartment in Mayur Vihar,Mayur Vihar,Delhi,East Delhi,Family,2,2,0,3,15,30k,30000,0,1900,886,fully-furnished,Y,Yes,no,yes,4 Hours,yes,0,Y,0,N,yes,Yes,Y,Mayur Vihar 1 Metro Station,3.25 km,Shaheed Sukhdev College of Business Studies,,Noida Sector 62 IT Park,4.83km,0.72km,5.66km,3.5,28,1,2026-07-27,99acres
PROP_826,1BHK,Semi-Furnished 1BHK Apartment in Karol Bagh,Karol Bagh,Delhi,Central Delhi,Working Bachelor,1,1,3,3,0,13500,"Rs. 27,000/month",1k,800,473,semi-furnished,0,1,No,N,12 Hours,No,yes,no,No,0,1,Y,no,Karol Bagh Metro Station,0.2,Sri Guru Nanak Dev Khalsa College,5.08km,Connaught Place,3.74,1.15 km,,3.4,33,yes,2026-07-12,Housing.com
PROP_827,2BHK,Semi-Furnished 2BHK Apartment in Indirapuram,Indirapuram,Ghaziabad,Ghaziabad,Family,2,2,1,15,14,"₹20,500",41000,"₹2,400",1500,1219,Semi-Furnished,yes,Y,Yes,Y,24 Hours,yes,no,no,0,no,1,yes,Yes,Vaishali Metro Station,4.23,ABES Engineering College,,Noida Sector 62 IT Park,10.1 km,610m,,4.0,12,yes,2026-07-26,MagicBricks
PROP_828,1RK,Fully Furnished 1RK Apartment in Model Town,model town,Delhi,North Delhi,Family,1,1,2,3,0,17000,34000,Rs. 800/month,900,456,Furnished,yes,no,No,Yes,4 Hours,yes,1,N,0,0,N,Y,No,Model Town Metro Station,1.74 km,Miranda House,6.98km,Connaught Place,8.41,4.18 km,1.48 km,3.9,42,1,2026-07-25,Housing.com
PROP_829,2BHK,Fully Furnished 2BHK Apartment in Pari Chowk,Pari Chowk,Greater Noida,Greater Noida,Working Bachelor,2,2,13,20,3,16k,"Rs. 33,000/month",0,1800,1137,unfurnished,yes,1,Yes,0,4 Hours,1,Y,0,0,N,1,1,Yes,Pari Chowk Metro Station,270m,Galgotias University,4.78 km,Greater Noida Industrial Area,0.99,4.11km,3.29 km,3.5,31,yes,2026-07-30,NoBroker
PROP_830,1BHK,Fully Furnished 1BHK Apartment in Pari Chowk,Pari Chowk,Greater Noida,Greater Noida,Working Bachelor,1,1,21,24,5,13k,13k,1k,1400,771,fully-furnished,No,no,Y,1,12 Hours,yes,yes,No,No,No,yes,Yes,N,Pari Chowk Metro Station,1.09 km,Galgotias University,3.27km,Greater Noida Industrial Area,9.56km,,3.1 km,4.7,58,Y,2026-07-10,Housing.com
PROP_831,2BHK,Semi-Furnished 2BHK Apartment in Gurugram Sector 56,gurugram sector 56,Gurugram,Gurugram,Working Professional,2,2,1,24,2,27500,55k,3200,1700,1191,semi-furnished,no,Yes,1,Yes,24 Hours,No,No,No,N,no,No,Yes,No,Sector 56 Metro Station,0.76 km,IILM University,1.06km,Golf Course Road Offices,2.02 km,2.87,3.99,3.3,4,Y,2026-07-20,MagicBricks
PROP_832,1RK,Fully Furnished 1RK Apartment in Shakarpur,Shakarpur,Delhi,East Delhi,Student,1,1,6,8,6,5k,"Rs. 11,000/month",700,700,306,Unfurnished,0,1,Yes,Y,12 Hours,yes,Y,No,Yes,0,1,Yes,0,Nirman Vihar Metro Station,2.8,Bhim Rao Ambedkar College,8.49km,Noida Sector 62 IT Park,9.57km,3.46,3.07,4.3,26,Y,2026-07-23,NoBroker
PROP_833,2BHK,Fully Furnished 2BHK Apartment in Mayur Vihar,Mayur Vihar,Delhi,East Delhi,Family,2,2,2,24,1,26000,"Rs. 52,000/month",3100,1500,960,Unfurnished,Yes,0,Y,no,4 Hours,Y,No,No,no,N,Yes,no,yes,Mayur Vihar 1 Metro Station,3.0,Shaheed Sukhdev College of Business Studies,8.24,Noida Sector 62 IT Park,12.11,0.81 km,3.62,3.6,70,1,2026-08-06,MagicBricks
PROP_834,1RK,Semi-Furnished 1RK Apartment in Noida Sector 62,Noida Sec 62,Noida,Noida,Student,1,1,0,4,15,6k,"₹12,000",,500,383,semi-furnished,yes,Y,No,yes,12 Hours,Y,1,0,N,N,No,No,No,Noida Sector 62 Metro Station,,JSS Academy of Technical Education,4.63,Noida Sector 62 IT Park,7.7,3.83,2.75km,3.5,85,yes,2026-08-09,NoBroker
PROP_835,2BHK,Fully Furnished 2BHK Apartment in Rajinder Nagar,rajinder nagar,Delhi,Central Delhi,Family,2,2,6,8,2,"Rs. 23,500/month",47k,,1300,743,fully-furnished,Y,Y,0,N,12 Hours,Y,N,N,0,0,Y,Yes,N,Rajendra Place Metro Station,3.04 km,Venkateshwara College,0.63km,Rajendra Place IT Hub,10.53km,1.08km,2.29km,3.5,31,Y,2026-07-25,99acres
PROP_836,2BHK,Semi-Furnished 2BHK Apartment in Pari Chowk,Pari Chowk,Greater Noida,Greater Noida,Family,2,2,0,5,9,15k,"₹31,000","Rs. 3,700/month",2800,1282,Semi-Furnished,1,Yes,Y,1,24 Hours,Y,no,N,yes,No,1,Yes,No,Pari Chowk Metro Station,2.34 km,Galgotias University,0.51 km,Greater Noida Industrial Area,7.37km,2.61 km,320m,4.1,23,Yes,2026-07-07,NoBroker
PROP_837,1RK,Fully Furnished 1RK Apartment in Karol Bagh,Karol Bagh,Delhi,Central Delhi,Student,1,1,18,24,7,"₹12,500",25000,1000,1000,347,fully-furnished,N,no,Yes,yes,12 Hours,Yes,0,No,1,No,Y,1,no,Karol Bagh Metro Station,,Sri Guru Nanak Dev Khalsa College,430m,Connaught Place,7.9,4.99 km,,3.8,73,Yes,2026-07-10,99acres
PROP_838,1BHK,Semi-Furnished 1BHK Apartment in Knowledge Park,Knowledge Park,Greater Noida,Greater Noida,Family,1,1,7,8,4,"Rs. 5,000/month",10000,,1200,600,semi-furnished,No,no,1,yes,12 Hours,no,0,0,No,N,yes,N,N,Knowledge Park II Metro Station,3.63km,Sharda University,,Greater Noida Industrial Area,8.93km,2.31 km,5.26km,4.0,5,Yes,2026-07-06,MagicBricks
PROP_839,4BHK,Semi-Furnished 4BHK Apartment in Preet Vihar,Preet Vihar,Delhi,East Delhi,Family,4,4,10,12,7,97500,"₹195,000",,4100,3053,semi-furnished,Yes,Yes,yes,No,24 Hours,N,No,0,N,yes,1,Yes,Yes,Preet Vihar Metro Station,1.06 km,Vivekananda College,4.67,Noida Sector 62 IT Park,4.33km,4.96km,,4.4,72,Yes,2026-08-07,MagicBricks
PROP_840,2BHK,Semi-Furnished 2BHK Apartment in Vasant Kunj,Vasant Kunj,Delhi,South Delhi,Family,2,2,1,3,8,56k,"Rs. 113,000/month",4k,2100,1298,semi-furnished,Y,yes,No,N,4 Hours,Yes,No,Yes,N,0,Yes,yes,yes,Chattarpur Metro Station,0.48 km,Jawaharlal Nehru University (JNU),4.87km,Cyber City Gurugram,14.41 km,1.01,4.86,3.7,30,1,2026-07-22,MagicBricks
PROP_841,1BHK,Semi-Furnished 1BHK Apartment in Mukherjee Nagar,Mukherjee Nagar,Delhi,North Delhi,Working Bachelor,1,1,4,4,11,"₹9,000",18k,0,900,464,Semi-Furnished,0,Y,N,no,12 Hours,No,0,No,1,no,Yes,Yes,no,GTB Nagar Metro Station,0.2 km,SGTB Khalsa College,,Connaught Place,8.12km,2.43,,3.6,22,Yes,2026-08-08,MagicBricks
PROP_842,1RK,Semi-Furnished 1RK Apartment in DLF Phase 3,DLF Phase 3,Gurugram,Gurugram,Family,1,1,9,15,14,14k,29000,₹800,,401,semi-furnished,N,1,Yes,No,4 Hours,No,No,N,0,Y,Yes,yes,0,Phase 3 Metro Station,3.69km,Dronacharya College of Engineering,9.52km,DLF Cyber City,,4.01km,5.86 km,4.5,6,1,2026-07-20,Housing.com
PROP_843,3BHK,Fully Furnished 3BHK Apartment in Rohini,ROHINI,Delhi,North Delhi,Family,3,2,0,3,4,"Rs. 31,000/month","Rs. 62,000/month",,3000,1509 sq.ft.,fully-furnished,0,1,0,yes,12 Hours,yes,No,1,1,N,Yes,no,1,Rohini West Metro Station,0.53 km,Delhi Technological University (DTU),3.55km,Netaji Subhash Place,12.02km,4.7 km,5.0,4.8,0,yes,2026-07-31,NoBroker
PROP_844,1BHK,Semi-Furnished 1BHK Apartment in Indirapuram,Indirapuram,Ghaziabad,Ghaziabad,Student,1,1,10,24,6,"₹10,500","Rs. 21,000/month",0,1000,708,Semi-Furnished,N,yes,Y,Yes,12 Hours,1,1,0,no,no,no,Yes,No,Vaishali Metro Station,,ABES Engineering College,8.73 km,Noida Sector 62 IT Park,1.71 km,3.56km,5.42km,4.6,43,Yes,2026-08-05,99acres
PROP_845,3BHK,Semi-Furnished 3BHK Apartment in Saket,Saket,Delhi,South Delhi,Family,3,2,0,5,7,57500,115k,0,2800,1653,Semi-Furnished,Y,1,Yes,0,12 Hours,yes,Yes,yes,yes,no,1,1,no,Saket Metro Station,3.01,Gargi College,2.17km,Saket District Centre,12.09km,4.79km,,3.3,76,1,2026-07-04,NoBroker
PROP_846,3BHK,Fully Furnished 3BHK Apartment in Noida Sector 62,Noida Sec-62,Noida,Noida,Family,3,2,0,4,8,"Rs. 38,000/month",76k,2600,2300,1649,Unfurnished,Yes,no,No,Y,12 Hours,1,0,No,Y,no,yes,yes,no,Noida Sector 62 Metro Station,3.35km,JSS Academy of Technical Education,380m,Noida Sector 62 IT Park,5.44 km,,2.05km,4.1,69,No,2026-07-13,Housing.com
PROP_847,1BHK,Fully Furnished 1BHK Apartment in Shakarpur,Shakarpur,Delhi,East Delhi,Student,1,1,17,24,3,"₹6,000","₹18,000",1k,800,349 sq.ft.,Furnished,no,Y,Y,Y,4 Hours,Y,0,N,N,Y,Y,Yes,1,Nirman Vihar Metro Station,3.26 km,Bhim Rao Ambedkar College,4.95km,Noida Sector 62 IT Park,,3.99 km,0.79,3.6,68,1,2026-07-26,Housing.com
PROP_848,2BHK,Fully Furnished 2BHK Apartment in Indirapuram,Indirapuram,Ghaziabad,Ghaziabad,Working Professional,2,2,4,8,12,"₹18,000",54000,1800,2700,1180,unfurnished,yes,1,yes,Yes,4 Hours,yes,no,No,no,N,yes,Y,N,Vaishali Metro Station,1.59 km,ABES Engineering College,3.82 km,Noida Sector 62 IT Park,6.17 km,0.77,0.84 km,3.3,53,Y,2026-07-19,Housing.com
PROP_849,2BHK,Fully Furnished 2BHK Apartment in DLF Phase 3,DLF Phase 3,Gurugram,Gurugram,Family,2,2,5,12,10,"Rs. 29,000/month",29k,"Rs. 2,400/month",1400,817,Furnished,Yes,yes,Y,yes,24 Hours,yes,N,no,yes,yes,no,Yes,Y,Phase 3 Metro Station,3.96km,Dronacharya College of Engineering,8.15km,DLF Cyber City,6.69km,4.59km,3.68km,3.3,51,no,2026-06-30,NoBroker
PROP_850,1RK,Fully Furnished 1RK Apartment in Mukherjee Nagar,Mukherjee Nagar,Delhi,North Delhi,Student,1,1,6,8,8,"₹5,000",5000,0k,700,234,fully-furnished,no,1,Y,N,12 Hours,Yes,Yes,no,Yes,N,N,0,Y,GTB Nagar Metro Station,1.75km,SGTB Khalsa College,9.81 km,Connaught Place,2.86 km,2.1 km,5.82 km,4.5,83,N,2026-07-22,99acres
